RA,Genero,Fase,Defasagem,Pedra,IAN,IDA,IEG,IAA,IPS,IPV,INDE,IPP,AnoRef
1,Feminino,7,-1,Quartzo,5.0,4.0,4.1,8.3,5.6,7.278,5.783,7.41875,2022
2,Feminino,7,0,Ametista,10.0,6.8,5.2,8.8,6.3,6.778,7.055,7.75625,2022
3,Feminino,7,0,Ágata,10.0,5.6,7.9,0.0,5.6,7.556,6.591,7.2875,2022
4,Masculino,7,0,Quartzo,10.0,5.0,4.5,8.8,5.6,5.278,5.951,6.7020833332,2022
5,Feminino,7,0,Ametista,10.0,5.2,8.6,7.9,5.6,7.389,7.427,7.5,2022
6,Feminino,7,-1,Quartzo,5.0,3.3,4.5,7.9,7.5,7.222,5.848,7.48125,2022
7,Masculino,7,-1,Ágata,5.0,7.6,8.4,0.0,7.5,7.667,6.818,7.4791666666,2022
8,Feminino,7,-1,Quartzo,5.0,1.6,4.6,7.1,6.3,6.278,4.786,7.3,2022
9,Feminino,7,-1,Topázio,5.0,6.7,9.5,8.8,7.5,9.5,8.109,8.4416666666,2022
10,Feminino,7,-1,Quartzo,5.0,4.1,5.2,8.3,5.0,7.056,5.784,7.10625,2022
11,Feminino,7,-1,Quartzo,5.0,3.0,4.2,9.2,5.0,6.389,5.323,7.41875,2022
12,Feminino,7,0,Quartzo,10.0,1.5,4.0,0.0,6.9,6.389,4.832,7.0,2022
13,Masculino,7,-1,Ágata,5.0,4.7,7.4,7.9,7.5,8.056,6.902,7.3125,2022
14,Masculino,7,-1,Ágata,5.0,4.0,8.3,7.9,7.5,7.75,6.793,7.3125,2022
15,Masculino,7,-1,Ametista,5.0,7.3,10.0,8.8,7.5,7.292,7.783,7.3,2022
16,Masculino,7,-1,Ágata,5.0,3.5,8.3,7.9,5.0,6.333,6.112,7.25,2022
17,Masculino,7,-1,Topázio,5.0,7.8,10.0,8.8,7.5,8.292,8.068,8.3666666666,2022
18,Masculino,7,-1,Ametista,5.0,9.0,8.7,6.3,6.3,6.875,7.226,7.7375,2022
19,Feminino,7,-1,Ametista,5.0,8.0,9.5,7.9,7.5,7.0,7.665,7.64375,2022
19,Feminino,7,-1,Ametista,5.0,8.0,9.5,7.9,7.5,7.0,7.665,7.75,2022
20,Feminino,7,-1,Ametista,5.0,7.8,10.0,7.1,6.3,7.167,7.535,7.39375,2022
21,Masculino,7,-1,Ágata,5.0,3.8,9.2,9.6,7.5,7.25,6.945,7.25,2022
22,Feminino,6,-1,Ametista,5.0,6.7,7.4,8.3,8.1,8.833,7.474,7.71875,2022
23,Masculino,6,-1,Ametista,5.0,6.7,8.2,8.3,8.1,8.556,7.677,7.5,2022
24,Feminino,6,-1,Topázio,5.0,8.6,7.9,9.2,6.9,9.111,8.087,8.8583333334,2022
25,Feminino,6,-1,Ametista,5.0,6.9,8.3,8.3,8.8,9.667,7.979,7.6875,2022
26,Masculino,6,-1,Topázio,5.0,8.0,8.8,9.6,10.0,10.0,8.677,8.697916666600001,2022
27,Masculino,6,-1,Ametista,5.0,8.0,7.6,0.0,8.1,9.111,7.124,7.9166666668,2022
27,Masculino,6,-1,Ametista,5.0,8.0,7.6,0.0,8.1,9.111,7.124,8.625,2022
28,Feminino,6,-1,Ágata,5.0,5.0,6.1,7.9,7.5,6.333,6.242,7.40625,2022
29,Masculino,6,-1,Quartzo,5.0,3.7,4.0,0.0,8.8,7.611,4.985,7.375,2022
30,Feminino,6,0,Ametista,10.0,7.5,6.4,8.8,7.5,7.333,7.605,7.5625,2022
31,Feminino,6,-1,Topázio,5.0,8.0,9.5,10.0,9.4,10.0,8.843,8.6833333334,2022
32,Feminino,6,0,Ametista,10.0,6.1,5.2,8.8,8.8,7.944,7.37,7.59375,2022
32,Feminino,6,0,Ametista,10.0,6.1,5.2,8.8,8.8,7.944,7.37,7.375,2022
33,Feminino,6,-1,Quartzo,5.0,4.8,4.6,0.0,7.5,6.0,4.952,7.34375,2022
34,Masculino,6,-1,Ágata,5.0,3.8,4.8,9.6,8.1,7.278,6.259,7.375,2022
35,Feminino,6,-1,Topázio,5.0,8.5,9.6,10.0,9.4,10.0,8.965,8.6833333334,2022
36,Feminino,6,-1,Ametista,5.0,6.8,9.0,9.2,6.9,8.944,7.876,7.70625,2022
37,Feminino,6,-1,Quartzo,5.0,5.9,5.4,0.0,5.0,5.222,4.95,7.375,2022
38,Feminino,6,-1,Topázio,5.0,8.6,8.9,9.2,7.5,9.833,8.523,8.766666666799999,2022
38,Feminino,6,-1,Topázio,5.0,8.6,8.9,9.2,7.5,9.833,8.523,8.75,2022
39,Feminino,6,0,Ágata,10.0,6.9,4.8,0.0,6.9,6.111,6.033,7.2875,2022
39,Feminino,6,0,Ágata,10.0,6.9,4.8,0.0,6.9,6.111,6.033,8.75,2022
40,Feminino,5,-1,Ametista,5.0,6.8,7.8,7.9,7.5,7.75,7.203,7.71875,2022
40,Feminino,5,-1,Ametista,5.0,6.8,7.8,7.9,7.5,7.75,7.203,7.96875,2022
40,Feminino,5,-1,Ametista,5.0,6.8,7.8,7.9,7.5,7.75,7.203,8.125,2022
41,Masculino,5,-2,Quartzo,5.0,5.6,6.1,9.2,5.0,4.375,5.581,6.2604166668,2022
42,Masculino,5,0,Ágata,10.0,4.8,7.9,8.3,5.6,6.083,6.72,5.8854166666,2022
42,Masculino,5,0,Ágata,10.0,4.8,7.9,8.3,5.6,6.083,6.72,6.5625,2022
42,Masculino,5,0,Ágata,10.0,4.8,7.9,8.3,5.6,6.083,6.72,6.796875,2022
43,Feminino,5,-1,Quartzo,5.0,4.3,6.5,6.3,5.6,5.958,5.486,6.48125,2022
43,Feminino,5,-1,Quartzo,5.0,4.3,6.5,6.3,5.6,5.958,5.486,7.5,2022
44,Feminino,5,-2,Quartzo,5.0,3.0,5.9,5.0,7.5,7.292,5.542,7.34375,2022
44,Feminino,5,-2,Quartzo,5.0,3.0,5.9,5.0,7.5,7.292,5.542,7.5,2022
45,Feminino,5,0,Ametista,10.0,6.8,8.9,7.9,5.6,7.417,7.591,7.46875,2022
45,Feminino,5,0,Ametista,10.0,6.8,8.9,7.9,5.6,7.417,7.591,8.28125,2022
45,Feminino,5,0,Ametista,10.0,6.8,8.9,7.9,5.6,7.417,7.591,8.75,2022
46,Feminino,5,-2,Ágata,5.0,2.1,8.4,8.8,6.3,7.083,6.048,7.40625,2022
46,Feminino,5,-2,Ágata,5.0,2.1,8.4,8.8,6.3,7.083,6.048,6.5625,2022
47,Feminino,5,-2,Quartzo,5.0,2.1,6.3,7.9,7.5,7.042,5.677,7.41875,2022
48,Feminino,5,0,Ametista,10.0,8.1,8.4,6.7,7.5,8.5,8.006,7.7291666666,2022
48,Feminino,5,0,Ametista,10.0,8.1,8.4,6.7,7.5,8.5,8.006,7.65625,2022
48,Feminino,5,0,Ametista,10.0,8.1,8.4,6.7,7.5,8.5,8.006,8.59375,2022
49,Feminino,5,-2,Ágata,5.0,3.9,7.4,7.5,7.5,7.042,6.304,7.5,2022
50,Feminino,5,-3,Ametista,2.5,7.8,8.4,7.5,7.5,7.542,7.138,7.5625,2022
51,Feminino,5,-2,Ágata,5.0,5.0,7.6,8.8,7.5,6.5,6.488,7.5,2022
52,Masculino,5,2,Ametista,10.0,6.2,8.9,9.6,7.5,7.5,7.861,7.53125,2022
52,Masculino,5,2,Ametista,10.0,6.2,8.9,9.6,7.5,7.5,7.861,8.125,2022
52,Masculino,5,2,Ametista,10.0,6.2,8.9,9.6,7.5,7.5,7.861,7.5,2022
53,Masculino,5,-2,Ágata,5.0,7.0,7.0,9.2,7.5,6.458,6.725,7.3125,2022
53,Masculino,5,-2,Ágata,5.0,7.0,7.0,9.2,7.5,6.458,6.725,7.5,2022
54,Feminino,5,-1,Ágata,5.0,4.8,6.9,7.9,7.5,6.125,6.058,7.28125,2022
55,Feminino,5,-1,Ágata,5.0,7.5,7.6,7.1,5.6,6.5,6.576,7.5208333334,2022
55,Feminino,5,-1,Ágata,5.0,7.5,7.6,7.1,5.6,6.5,6.576,7.5,2022
56,Feminino,5,0,Topázio,10.0,7.0,10.0,10.0,7.5,8.25,8.404,8.65625,2022
56,Feminino,5,0,Topázio,10.0,7.0,10.0,10.0,7.5,8.25,8.404,8.125,2022
56,Feminino,5,0,Topázio,10.0,7.0,10.0,10.0,7.5,8.25,8.404,8.4375,2022
57,Masculino,5,-1,Ametista,5.0,8.4,8.1,7.1,5.6,7.875,7.305,7.6125,2022
57,Masculino,5,-1,Ametista,5.0,8.4,8.1,7.1,5.6,7.875,7.305,7.96875,2022
57,Masculino,5,-1,Ametista,5.0,8.4,8.1,7.1,5.6,7.875,7.305,8.59375,2022
58,Masculino,5,0,Topázio,10.0,7.2,9.2,9.6,6.3,8.125,8.136,8.375,2022
58,Masculino,5,0,Topázio,10.0,7.2,9.2,9.6,6.3,8.125,8.136,8.4375,2022
58,Masculino,5,0,Topázio,10.0,7.2,9.2,9.6,6.3,8.125,8.136,9.0625,2022
59,Masculino,5,-2,Ametista,5.0,7.2,9.3,9.2,7.5,7.917,7.642,7.71875,2022
59,Masculino,5,-2,Ametista,5.0,7.2,9.3,9.2,7.5,7.917,7.642,8.28125,2022
60,Feminino,5,-3,Quartzo,2.5,4.9,6.0,6.7,7.5,6.167,5.537,7.1625,2022
61,Masculino,5,0,Ametista,10.0,5.8,7.4,9.2,7.5,7.875,7.533,7.975,2022
61,Masculino,5,0,Ametista,10.0,5.8,7.4,9.2,7.5,7.875,7.533,7.96875,2022
62,Masculino,5,-2,Ametista,5.0,9.3,9.4,8.8,7.5,7.25,7.891,7.5208333334,2022
62,Masculino,5,-2,Ametista,5.0,9.3,9.4,8.8,7.5,7.25,7.891,8.25,2022
63,Masculino,5,-1,Topázio,5.0,8.7,9.1,8.3,8.8,9.417,8.282,8.5729166666,2022
63,Masculino,5,-1,Topázio,5.0,8.7,9.1,8.3,8.8,9.417,8.282,8.75,2022
64,Masculino,5,-1,Ametista,5.0,7.5,8.1,7.1,8.1,8.25,7.368,7.40625,2022
64,Masculino,5,-1,Ametista,5.0,7.5,8.1,7.1,8.1,8.25,7.368,7.34375,2022
64,Masculino,5,-1,Ametista,5.0,7.5,8.1,7.1,8.1,8.25,7.368,8.4375,2022
65,Feminino,5,-2,Ametista,5.0,9.3,7.7,8.3,7.5,7.875,7.712,7.71875,2022
66,Feminino,5,-2,Quartzo,5.0,4.5,5.6,7.5,7.5,5.917,5.665,7.18125,2022
67,Feminino,5,-1,Quartzo,5.0,3.6,3.0,5.8,7.5,6.889,5.195,7.275,2022
68,Masculino,5,-1,Ágata,5.0,4.0,6.0,8.3,7.5,7.944,6.438,7.0520833332,2022
69,Masculino,5,-1,Quartzo,5.0,2.5,6.1,8.3,7.5,6.167,5.718,6.5104166666,2022
70,Feminino,5,-1,Quartzo,5.0,2.9,6.6,8.8,5.0,6.111,5.712,6.7,2022
70,Feminino,5,-1,Quartzo,5.0,2.9,6.6,8.8,5.0,6.111,5.712,7.5,2022
71,Feminino,5,-2,Quartzo,5.0,1.2,2.0,7.9,7.5,5.833,4.332,7.0375,2022
71,Feminino,5,-2,Quartzo,5.0,1.2,2.0,7.9,7.5,5.833,4.332,7.5,2022
72,Feminino,5,-2,Ametista,5.0,7.8,7.5,8.3,7.5,8.667,7.64,7.71875,2022
73,Feminino,5,-2,Quartzo,5.0,3.3,3.0,7.1,7.5,7.278,5.271,7.38125,2022
74,Masculino,5,-1,Quartzo,5.0,2.0,3.3,9.6,7.5,5.833,4.989,6.2333333334,2022
75,Feminino,5,-1,Quartzo,5.0,0.0,3.8,5.4,6.3,4.625,3.915,6.4583333334,2022
76,Feminino,5,0,Topázio,10.0,8.7,9.1,10.0,8.1,9.292,9.105,8.729166666600001,2022
76,Feminino,5,0,Topázio,10.0,8.7,9.1,10.0,8.1,9.292,9.105,7.5,2022
77,Masculino,5,-1,Quartzo,5.0,0.7,2.7,7.1,5.0,4.625,3.846,5.475,2022
78,Masculino,5,-2,Ametista,5.0,7.2,6.6,8.3,5.6,8.0,7.04,7.3125,2022
78,Masculino,5,-2,Ametista,5.0,7.2,6.6,8.3,5.6,8.0,7.04,8.28125,2022
78,Masculino,5,-2,Ametista,5.0,7.2,6.6,8.3,5.6,8.0,7.04,8.4375,2022
79,Feminino,5,-1,Ágata,5.0,8.9,6.3,5.4,5.6,7.292,6.847,7.3958333334,2022
79,Feminino,5,-1,Ágata,5.0,8.9,6.3,5.4,5.6,7.292,6.847,7.8125,2022
80,Feminino,5,-1,Ametista,5.0,7.1,8.3,9.2,5.0,7.625,7.29,7.65625,2022
80,Feminino,5,-1,Ametista,5.0,7.1,8.3,9.2,5.0,7.625,7.29,7.96875,2022
80,Feminino,5,-1,Ametista,5.0,7.1,8.3,9.2,5.0,7.625,7.29,8.75,2022
81,Feminino,5,1,Ametista,10.0,6.0,9.2,9.2,5.0,7.458,7.675,7.65625,2022
81,Feminino,5,1,Ametista,10.0,6.0,9.2,9.2,5.0,7.458,7.675,7.8125,2022
81,Feminino,5,1,Ametista,10.0,6.0,9.2,9.2,5.0,7.458,7.675,7.875,2022
82,Feminino,5,-2,Ágata,5.0,5.5,6.8,8.8,7.5,6.417,6.596,7.40625,2022
83,Feminino,5,-2,Ágata,5.0,6.8,6.8,7.9,7.5,5.958,6.671,7.2708333334,2022
84,Feminino,5,-2,Ágata,5.0,5.8,8.8,7.1,5.0,6.75,6.682,7.5,2022
84,Feminino,5,-2,Ágata,5.0,5.8,8.8,7.1,5.0,6.75,6.682,7.8125,2022
85,Masculino,5,0,Ágata,10.0,4.3,7.3,6.7,5.0,5.833,6.243,5.8854166666,2022
85,Masculino,5,0,Ágata,10.0,4.3,7.3,6.7,5.0,5.833,6.243,5.9375,2022
85,Masculino,5,0,Ágata,10.0,4.3,7.3,6.7,5.0,5.833,6.243,6.25,2022
86,Masculino,5,-1,Ametista,5.0,6.7,9.6,7.5,5.6,8.458,7.566,7.28125,2022
86,Masculino,5,-1,Ametista,5.0,6.7,9.6,7.5,5.6,8.458,7.566,7.5,2022
87,Masculino,5,0,Topázio,10.0,8.8,9.6,8.3,7.5,8.5,8.712,8.34375,2022
87,Masculino,5,0,Topázio,10.0,8.8,9.6,8.3,7.5,8.5,8.712,8.125,2022
87,Masculino,5,0,Topázio,10.0,8.8,9.6,8.3,7.5,8.5,8.712,9.375,2022
88,Masculino,5,-2,Ametista,5.0,6.5,9.2,7.1,5.6,9.208,7.498,7.78125,2022
89,Masculino,5,-1,Ametista,5.0,5.9,7.8,9.6,7.5,8.0,7.323,7.3125,2022
89,Masculino,5,-1,Ametista,5.0,5.9,7.8,9.6,7.5,8.0,7.323,7.34375,2022
90,Feminino,5,2,Topázio,10.0,8.5,9.7,10.0,9.4,9.75,9.442,8.7083333334,2022
90,Feminino,5,2,Topázio,10.0,8.5,9.7,10.0,9.4,9.75,9.442,8.59375,2022
90,Feminino,5,2,Topázio,10.0,8.5,9.7,10.0,9.4,9.75,9.442,7.5,2022
91,Feminino,5,-1,Ágata,5.0,6.6,5.7,9.2,5.6,7.125,6.645,7.65625,2022
91,Feminino,5,-1,Ágata,5.0,6.6,5.7,9.2,5.6,7.125,6.645,7.8125,2022
91,Feminino,5,-1,Ágata,5.0,6.6,5.7,9.2,5.6,7.125,6.645,7.875,2022
92,Feminino,5,-1,Ágata,5.0,7.4,7.1,9.2,5.0,6.667,6.957,7.59375,2022
92,Feminino,5,-1,Ágata,5.0,7.4,7.1,9.2,5.0,6.667,6.957,7.1875,2022
92,Feminino,5,-1,Ágata,5.0,7.4,7.1,9.2,5.0,6.667,6.957,7.8125,2022
93,Feminino,5,0,Topázio,10.0,8.5,9.7,8.3,8.1,9.083,8.941,8.53125,2022
93,Feminino,5,0,Topázio,10.0,8.5,9.7,8.3,8.1,9.083,8.941,7.5,2022
94,Feminino,5,0,Topázio,10.0,7.7,9.6,8.3,8.1,9.583,8.921,8.59375,2022
94,Feminino,5,0,Topázio,10.0,7.7,9.6,8.3,8.1,9.583,8.921,8.75,2022
94,Feminino,5,0,Topázio,10.0,7.7,9.6,8.3,8.1,9.583,8.921,8.375,2022
95,Feminino,5,-2,Ágata,5.0,4.8,6.6,8.3,7.5,6.292,6.308,7.40625,2022
96,Masculino,5,-1,Ametista,5.0,6.7,7.8,9.2,6.9,8.5,7.54,7.5,2022
96,Masculino,5,-1,Ametista,5.0,6.7,7.8,9.2,6.9,8.5,7.54,7.65625,2022
97,Feminino,5,0,Ametista,10.0,6.9,8.8,7.5,5.0,6.292,7.468,7.5,2022
98,Feminino,5,0,Topázio,10.0,8.5,10.0,8.8,9.4,9.667,9.354,8.729166666600001,2022
98,Feminino,5,0,Topázio,10.0,8.5,10.0,8.8,9.4,9.667,9.354,7.5,2022
99,Masculino,5,-1,Ágata,5.0,5.0,6.3,8.8,7.5,5.833,6.158,7.21875,2022
99,Masculino,5,-1,Ágata,5.0,5.0,6.3,8.8,7.5,5.833,6.158,7.8125,2022
100,Feminino,4,1,Ametista,10.0,7.6,7.8,8.8,5.0,7.25,7.618,7.4375,2022
101,Feminino,4,-1,Ametista,5.0,7.6,8.3,7.9,7.5,6.833,7.305,7.6354166666,2022
102,Masculino,4,0,Ágata,10.0,5.7,7.7,6.7,6.9,6.0,6.922,6.260416666599999,2022
103,Feminino,4,1,Topázio,10.0,7.3,8.7,7.9,7.5,7.708,8.107,8.0625,2022
103,Feminino,4,1,Topázio,10.0,7.3,8.7,7.9,7.5,7.708,8.107,8.125,2022
103,Feminino,4,1,Topázio,10.0,7.3,8.7,7.9,7.5,7.708,8.107,7.875,2022
104,Masculino,4,-4,Ágata,2.5,3.7,8.7,7.9,7.5,6.708,6.315,6.875,2022
104,Masculino,4,-4,Ágata,2.5,3.7,8.7,7.9,7.5,6.708,6.315,5.625,2022
105,Masculino,4,-3,Ágata,2.5,6.7,8.2,7.9,5.6,7.417,6.846,7.3229166666,2022
106,Feminino,4,-1,Ametista,5.0,7.4,8.0,9.2,9.4,8.375,7.973,8.03125,2022
106,Feminino,4,-1,Ametista,5.0,7.4,8.0,9.2,9.4,8.375,7.973,7.03125,2022
106,Feminino,4,-1,Ametista,5.0,7.4,8.0,9.2,9.4,8.375,7.973,7.8125,2022
107,Feminino,4,-1,Ágata,5.0,4.6,6.4,7.5,7.5,6.5,6.258,7.53125,2022
107,Feminino,4,-1,Ágata,5.0,4.6,6.4,7.5,7.5,6.5,6.258,7.34375,2022
107,Feminino,4,-1,Ágata,5.0,4.6,6.4,7.5,7.5,6.5,6.258,7.5,2022
108,Feminino,4,-3,Quartzo,2.5,5.0,7.7,4.6,5.0,6.125,5.547,6.0625,2022
108,Feminino,4,-3,Quartzo,2.5,5.0,7.7,4.6,5.0,6.125,5.547,4.375,2022
109,Masculino,4,-2,Topázio,5.0,8.4,10.0,8.8,8.8,8.667,8.512,8.6145833332,2022
109,Masculino,4,-2,Topázio,5.0,8.4,10.0,8.8,8.8,8.667,8.512,8.75,2022
110,Masculino,4,0,Topázio,10.0,6.7,9.7,9.2,5.6,8.0,8.15,8.34375,2022
110,Masculino,4,0,Topázio,10.0,6.7,9.7,9.2,5.6,8.0,8.15,8.75,2022
110,Masculino,4,0,Topázio,10.0,6.7,9.7,9.2,5.6,8.0,8.15,7.5,2022
111,Feminino,4,1,Topázio,10.0,8.0,9.4,7.5,8.1,8.667,8.646,8.1875,2022
111,Feminino,4,1,Topázio,10.0,8.0,9.4,7.5,8.1,8.667,8.646,7.65625,2022
111,Feminino,4,1,Topázio,10.0,8.0,9.4,7.5,8.1,8.667,8.646,8.125,2022
112,Feminino,4,-1,Ametista,5.0,8.5,7.8,7.9,6.3,8.833,7.836,8.0729166666,2022
112,Feminino,4,-1,Ametista,5.0,8.5,7.8,7.9,6.3,8.833,7.836,7.96875,2022
112,Feminino,4,-1,Ametista,5.0,8.5,7.8,7.9,6.3,8.833,7.836,7.96875,2022
113,Feminino,4,-1,Quartzo,5.0,3.7,0.0,0.0,5.0,3.792,3.032,6.24375,2022
113,Feminino,4,-1,Quartzo,5.0,3.7,0.0,0.0,5.0,3.792,3.032,7.5,2022
114,Masculino,4,-2,Quartzo,5.0,5.3,6.3,7.9,7.5,5.0,5.894,6.5458333334,2022
114,Masculino,4,-2,Quartzo,5.0,5.3,6.3,7.9,7.5,5.0,5.894,7.5,2022
115,Feminino,4,-2,Quartzo,5.0,3.8,6.8,8.3,6.3,5.583,5.886,6.55,2022
115,Feminino,4,-2,Quartzo,5.0,3.8,6.8,8.3,6.3,5.583,5.886,7.34375,2022
115,Feminino,4,-2,Quartzo,5.0,3.8,6.8,8.3,6.3,5.583,5.886,6.75,2022
116,Feminino,4,-2,Ágata,5.0,5.9,8.1,5.8,6.3,7.792,6.854,7.59375,2022
116,Feminino,4,-2,Ágata,5.0,5.9,8.1,5.8,6.3,7.792,6.854,7.96875,2022
116,Feminino,4,-2,Ágata,5.0,5.9,8.1,5.8,6.3,7.792,6.854,6.875,2022
117,Feminino,4,-1,Ágata,5.0,6.1,6.3,7.9,6.9,7.417,6.685,7.8854166668,2022
118,Feminino,4,0,Quartzo,10.0,3.9,5.3,0.0,6.3,6.958,5.597,7.21875,2022
119,Feminino,4,0,Ametista,10.0,5.4,8.2,8.3,5.6,7.875,7.501,7.8125,2022
119,Feminino,4,0,Ametista,10.0,5.4,8.2,8.3,5.6,7.875,7.501,7.5,2022
120,Masculino,4,-1,Ágata,5.0,6.2,5.9,8.3,7.5,7.667,6.825,7.2291666666,2022
121,Feminino,4,-2,Ametista,5.0,7.2,8.4,7.1,6.3,7.625,7.245,7.5,2022
121,Feminino,4,-2,Ametista,5.0,7.2,8.4,7.1,6.3,7.625,7.245,7.34375,2022
121,Feminino,4,-2,Ametista,5.0,7.2,8.4,7.1,6.3,7.625,7.245,7.25,2022
122,Feminino,4,0,Quartzo,10.0,1.8,3.4,7.9,7.5,4.958,5.061,6.2708333334,2022
123,Masculino,4,-2,Ametista,5.0,6.5,8.6,7.9,5.6,7.292,7.084,7.53125,2022
123,Masculino,4,-2,Ametista,5.0,6.5,8.6,7.9,5.6,7.292,7.084,6.875,2022
123,Masculino,4,-2,Ametista,5.0,6.5,8.6,7.9,5.6,7.292,7.084,6.71875,2022
124,Masculino,4,0,Ametista,10.0,6.7,7.8,7.9,5.0,7.167,7.388,7.96875,2022
125,Feminino,4,-1,Ametista,5.0,7.1,8.5,8.8,7.5,7.75,7.619,7.4583333334,2022
125,Feminino,4,-1,Ametista,5.0,7.1,8.5,8.8,7.5,7.75,7.619,8.125,2022
125,Feminino,4,-1,Ametista,5.0,7.1,8.5,8.8,7.5,7.75,7.619,7.34375,2022
126,Masculino,4,-1,Ágata,5.0,4.4,5.8,7.1,7.5,7.417,6.289,6.9270833332,2022
127,Feminino,4,0,Topázio,10.0,7.9,8.7,7.5,7.5,8.125,8.283,8.1041666666,2022
127,Feminino,4,0,Topázio,10.0,7.9,8.7,7.5,7.5,8.125,8.283,8.4375,2022
127,Feminino,4,0,Topázio,10.0,7.9,8.7,7.5,7.5,8.125,8.283,7.625,2022
128,Masculino,4,-1,Quartzo,5.0,5.6,6.2,0.0,7.5,6.167,5.563,7.4166666668,2022
128,Masculino,4,-1,Quartzo,5.0,5.6,6.2,0.0,7.5,6.167,5.563,7.34375,2022
129,Masculino,4,-1,Ágata,5.0,6.7,6.4,6.7,7.5,7.792,6.926,7.1145833332,2022
130,Feminino,4,-2,Quartzo,5.0,4.1,4.7,8.3,5.0,6.5,5.624,7.125,2022
131,Feminino,4,-1,Ametista,5.0,5.6,9.0,8.8,5.6,7.75,7.174,7.46875,2022
131,Feminino,4,-1,Ametista,5.0,5.6,9.0,8.8,5.6,7.75,7.174,7.65625,2022
131,Feminino,4,-1,Ametista,5.0,5.6,9.0,8.8,5.6,7.75,7.174,7.708333333,2022
132,Feminino,4,0,Topázio,10.0,7.7,8.8,10.0,5.6,8.458,8.355,8.3541666666,2022
132,Feminino,4,0,Topázio,10.0,7.7,8.8,10.0,5.6,8.458,8.355,7.65625,2022
132,Feminino,4,0,Topázio,10.0,7.7,8.8,10.0,5.6,8.458,8.355,8.59375,2022
133,Feminino,4,-1,Ágata,5.0,5.6,7.1,7.9,7.5,7.625,6.875,7.96875,2022
133,Feminino,4,-1,Ágata,5.0,5.6,7.1,7.9,7.5,7.625,6.875,7.1875,2022
134,Feminino,4,-1,Ágata,5.0,4.7,6.8,8.8,7.5,7.375,6.607,7.7395833334,2022
135,Feminino,4,-1,Ametista,5.0,8.6,7.8,8.3,5.6,8.583,7.692,7.84375,2022
136,Masculino,4,-1,Ágata,5.0,4.6,6.3,10.0,7.5,6.667,6.478,7.21875,2022
137,Feminino,4,-3,Ametista,2.5,7.3,8.9,7.5,5.0,7.792,7.056,7.34375,2022
137,Feminino,4,-3,Ametista,2.5,7.3,8.9,7.5,5.0,7.792,7.056,6.40625,2022
137,Feminino,4,-3,Ametista,2.5,7.3,8.9,7.5,5.0,7.792,7.056,4.791666667,2022
138,Masculino,4,-1,Ágata,5.0,5.6,8.0,9.6,5.6,6.375,6.738,6.9375,2022
138,Masculino,4,-1,Ágata,5.0,5.6,8.0,9.6,5.6,6.375,6.738,7.34375,2022
138,Masculino,4,-1,Ágata,5.0,5.6,8.0,9.6,5.6,6.375,6.738,7.708333333,2022
139,Masculino,4,-3,Quartzo,2.5,1.4,3.5,7.1,5.0,3.917,3.738,5.2875,2022
140,Feminino,4,0,Ametista,10.0,5.7,7.6,7.9,6.9,7.667,7.407,7.625,2022
141,Masculino,4,0,Ametista,10.0,5.7,8.2,9.2,5.6,5.917,7.118,7.65625,2022
141,Masculino,4,0,Ametista,10.0,5.7,8.2,9.2,5.6,5.917,7.118,7.03125,2022
142,Feminino,4,0,Ametista,10.0,6.3,8.6,6.7,5.6,7.583,7.457,7.6875,2022
143,Masculino,4,1,Topázio,10.0,7.9,9.9,8.3,5.6,9.5,8.638,8.75,2022
143,Masculino,4,1,Topázio,10.0,7.9,9.9,8.3,5.6,9.5,8.638,8.28125,2022
143,Masculino,4,1,Topázio,10.0,7.9,9.9,8.3,5.6,9.5,8.638,7.5,2022
144,Feminino,4,0,Topázio,10.0,7.9,9.3,7.5,5.0,8.292,8.181,8.2916666666,2022
144,Feminino,4,0,Topázio,10.0,7.9,9.3,7.5,5.0,8.292,8.181,6.25,2022
145,Masculino,4,-2,Quartzo,5.0,5.2,6.3,0.0,8.1,7.25,5.846,7.34375,2022
146,Feminino,4,-1,Ametista,5.0,7.9,9.2,8.3,7.5,8.208,7.947,7.4583333334,2022
146,Feminino,4,-1,Ametista,5.0,7.9,9.2,8.3,7.5,8.208,7.947,8.4375,2022
146,Feminino,4,-1,Ametista,5.0,7.9,9.2,8.3,7.5,8.208,7.947,7.65625,2022
147,Feminino,4,0,Ametista,10.0,6.1,7.7,8.3,7.5,7.25,7.541,7.625,2022
147,Feminino,4,0,Ametista,10.0,6.1,7.7,8.3,7.5,7.25,7.541,6.875,2022
147,Feminino,4,0,Ametista,10.0,6.1,7.7,8.3,7.5,7.25,7.541,7.5,2022
148,Masculino,4,0,Ametista,10.0,5.3,7.9,9.2,10.0,7.708,7.894,7.3333333332,2022
149,Feminino,4,-1,Ágata,5.0,5.0,6.5,9.2,7.5,6.125,6.323,7.4895833334,2022
149,Feminino,4,-1,Ágata,5.0,5.0,6.5,9.2,7.5,6.125,6.323,7.5,2022
149,Feminino,4,-1,Ágata,5.0,5.0,6.5,9.2,7.5,6.125,6.323,7.34375,2022
150,Feminino,4,-2,Ágata,5.0,6.9,6.3,9.6,6.9,7.333,6.962,7.9270833334,2022
151,Feminino,4,-2,Ametista,5.0,8.3,7.5,8.8,6.9,7.958,7.563,7.59375,2022
151,Feminino,4,-2,Ametista,5.0,8.3,7.5,8.8,6.9,7.958,7.563,8.59375,2022
152,Feminino,4,-2,Ágata,5.0,6.5,7.0,8.3,7.5,6.292,6.712,7.3958333334,2022
152,Feminino,4,-2,Ágata,5.0,6.5,7.0,8.3,7.5,6.292,6.712,7.8125,2022
152,Feminino,4,-2,Ágata,5.0,6.5,7.0,8.3,7.5,6.292,6.712,7.8125,2022
153,Feminino,4,0,Ametista,10.0,6.6,8.2,7.9,5.0,7.708,7.535,7.5,2022
153,Feminino,4,0,Ametista,10.0,6.6,8.2,7.9,5.0,7.708,7.535,8.125,2022
153,Feminino,4,0,Ametista,10.0,6.6,8.2,7.9,5.0,7.708,7.535,7.5,2022
154,Masculino,4,-1,Ágata,5.0,4.0,6.1,8.3,6.3,6.833,6.073,7.15625,2022
155,Masculino,4,-2,Ametista,5.0,5.2,8.3,10.0,7.5,6.833,7.051,7.114583333400001,2022
155,Masculino,4,-2,Ametista,5.0,5.2,8.3,10.0,7.5,6.833,7.051,7.03125,2022
156,Masculino,4,-1,Ametista,5.0,4.4,8.3,10.0,9.4,7.792,7.357,7.4375,2022
157,Feminino,4,1,Topázio,10.0,7.7,10.0,7.5,6.3,8.292,8.317,8.09375,2022
157,Feminino,4,1,Topázio,10.0,7.7,10.0,7.5,6.3,8.292,8.317,8.59375,2022
157,Feminino,4,1,Topázio,10.0,7.7,10.0,7.5,6.3,8.292,8.317,8.125,2022
158,Feminino,4,-3,Ametista,2.5,6.6,9.8,7.9,5.6,8.125,7.302,7.59375,2022
158,Feminino,4,-3,Ametista,2.5,6.6,9.8,7.9,5.6,8.125,7.302,8.28125,2022
158,Feminino,4,-3,Ametista,2.5,6.6,9.8,7.9,5.6,8.125,7.302,6.875,2022
159,Feminino,4,-1,Ágata,5.0,4.7,8.1,8.3,5.6,6.458,6.49,7.40625,2022
159,Feminino,4,-1,Ágata,5.0,4.7,8.1,8.3,5.6,6.458,6.49,8.125,2022
160,Feminino,4,-1,Ágata,5.0,5.3,7.2,7.5,5.6,8.25,6.746,7.71875,2022
160,Feminino,4,-1,Ágata,5.0,5.3,7.2,7.5,5.6,8.25,6.746,8.125,2022
160,Feminino,4,-1,Ágata,5.0,5.3,7.2,7.5,5.6,8.25,6.746,7.34375,2022
161,Feminino,4,2,Ametista,10.0,6.9,9.1,7.9,5.6,8.083,7.957,7.96875,2022
161,Feminino,4,2,Ametista,10.0,6.9,9.1,7.9,5.6,8.083,7.957,8.125,2022
161,Feminino,4,2,Ametista,10.0,6.9,9.1,7.9,5.6,8.083,7.957,7.96875,2022
162,Feminino,4,0,Ametista,10.0,5.5,8.5,6.7,7.5,6.542,7.215,7.65625,2022
163,Feminino,4,-1,Ágata,5.0,6.7,7.9,8.8,5.6,6.5,6.797,7.4583333334,2022
164,Masculino,4,-2,Ágata,5.0,6.5,7.3,8.3,5.6,7.208,6.776,7.28125,2022
164,Masculino,4,-2,Ágata,5.0,6.5,7.3,8.3,5.6,7.208,6.776,6.875,2022
164,Masculino,4,-2,Ágata,5.0,6.5,7.3,8.3,5.6,7.208,6.776,6.25,2022
165,Feminino,4,0,Topázio,10.0,7.6,9.8,7.1,5.6,7.5,8.063,8.15625,2022
165,Feminino,4,0,Topázio,10.0,7.6,9.8,7.1,5.6,7.5,8.063,8.125,2022
165,Feminino,4,0,Topázio,10.0,7.6,9.8,7.1,5.6,7.5,8.063,7.96875,2022
166,Masculino,4,0,Topázio,10.0,8.1,9.0,9.2,6.3,7.542,8.253,7.9166666666,2022
166,Masculino,4,0,Topázio,10.0,8.1,9.0,9.2,6.3,7.542,8.253,8.4375,2022
166,Masculino,4,0,Topázio,10.0,8.1,9.0,9.2,6.3,7.542,8.253,7.5,2022
167,Feminino,4,-2,Ametista,5.0,7.9,9.7,9.2,5.6,7.833,7.798,7.65625,2022
167,Feminino,4,-2,Ametista,5.0,7.9,9.7,9.2,5.6,7.833,7.798,7.96875,2022
167,Feminino,4,-2,Ametista,5.0,7.9,9.7,9.2,5.6,7.833,7.798,8.375,2022
168,Feminino,4,-1,Ágata,5.0,5.9,8.3,7.9,6.3,7.083,6.917,7.46875,2022
168,Feminino,4,-1,Ágata,5.0,5.9,8.3,7.9,6.3,7.083,6.917,6.5625,2022
169,Feminino,4,-1,Quartzo,5.0,3.2,5.1,7.5,6.3,4.792,5.159,7.11875,2022
170,Feminino,4,0,Ágata,10.0,4.9,9.2,8.3,5.6,5.792,7.007,7.3125,2022
170,Feminino,4,0,Ágata,10.0,4.9,9.2,8.3,5.6,5.792,7.007,6.875,2022
170,Feminino,4,0,Ágata,10.0,4.9,9.2,8.3,5.6,5.792,7.007,7.604166667,2022
171,Masculino,4,-2,Ágata,5.0,5.5,6.8,7.5,7.5,6.875,6.581,7.125,2022
171,Masculino,4,-2,Ágata,5.0,5.5,6.8,7.5,7.5,6.875,6.581,7.1875,2022
171,Masculino,4,-2,Ágata,5.0,5.5,6.8,7.5,7.5,6.875,6.581,7.625,2022
172,Feminino,4,0,Topázio,10.0,7.3,8.9,9.2,9.4,8.917,8.673,8.5104166666,2022
172,Feminino,4,0,Topázio,10.0,7.3,8.9,9.2,9.4,8.917,8.673,7.5,2022
173,Masculino,4,-3,Ametista,2.5,7.9,9.2,8.3,6.9,9.25,7.816,7.8125,2022
173,Masculino,4,-3,Ametista,2.5,7.9,9.2,8.3,6.9,9.25,7.816,8.125,2022
174,Feminino,4,-1,Ágata,5.0,4.4,6.2,7.9,7.5,6.042,6.075,7.28125,2022
174,Feminino,4,-1,Ágata,5.0,4.4,6.2,7.9,7.5,6.042,6.075,7.5,2022
175,Feminino,4,-1,Ágata,5.0,5.9,9.2,8.3,5.6,5.833,6.75,7.1458333334,2022
175,Feminino,4,-1,Ágata,5.0,5.9,9.2,8.3,5.6,5.833,6.75,7.1875,2022
175,Feminino,4,-1,Ágata,5.0,5.9,9.2,8.3,5.6,5.833,6.75,7.5,2022
176,Feminino,3,0,Topázio,10.0,6.9,9.1,9.6,5.6,9.083,8.427,8.5,2022
176,Feminino,3,0,Topázio,10.0,6.9,9.1,9.6,5.6,9.083,8.427,8.125,2022
176,Feminino,3,0,Topázio,10.0,6.9,9.1,9.6,5.6,9.083,8.427,8.59375,2022
177,Feminino,3,0,Ametista,10.0,6.8,8.8,7.9,4.4,6.958,7.424,7.3125,2022
178,Feminino,3,0,Ágata,10.0,6.3,8.8,0.0,4.4,8.458,7.025,7.8125,2022
178,Feminino,3,0,Ágata,10.0,6.3,8.8,0.0,4.4,8.458,7.025,7.65625,2022
178,Feminino,3,0,Ágata,10.0,6.3,8.8,0.0,4.4,8.458,7.025,7.625,2022
179,Masculino,3,0,Ametista,10.0,6.1,9.2,7.5,7.5,8.042,7.993,7.3229166666,2022
179,Masculino,3,0,Ametista,10.0,6.1,9.2,7.5,7.5,8.042,7.993,8.59375,2022
179,Masculino,3,0,Ametista,10.0,6.1,9.2,7.5,7.5,8.042,7.993,8.75,2022
180,Masculino,3,0,Topázio,10.0,8.1,8.3,9.2,6.3,8.625,8.442,8.5520833334,2022
180,Masculino,3,0,Topázio,10.0,8.1,8.3,9.2,6.3,8.625,8.442,8.4375,2022
180,Masculino,3,0,Topázio,10.0,8.1,8.3,9.2,6.3,8.625,8.442,8.125,2022
181,Feminino,3,0,Topázio,10.0,6.8,9.5,9.2,8.8,8.458,8.623,8.1875,2022
181,Feminino,3,0,Topázio,10.0,6.8,9.5,9.2,8.8,8.458,8.623,7.96875,2022
181,Feminino,3,0,Topázio,10.0,6.8,9.5,9.2,8.8,8.458,8.623,7.625,2022
182,Feminino,3,-3,Ágata,2.5,4.1,8.0,7.5,7.5,6.958,6.328,7.0416666666,2022
183,Feminino,3,0,Ametista,10.0,3.8,8.8,8.3,7.5,7.25,7.3,7.78125,2022
183,Feminino,3,0,Ametista,10.0,3.8,8.8,8.3,7.5,7.25,7.3,7.96875,2022
183,Feminino,3,0,Ametista,10.0,3.8,8.8,8.3,7.5,7.25,7.3,8.25,2022
184,Masculino,3,-3,Ametista,2.5,7.2,7.7,8.8,7.5,8.0,7.28,7.6145833334,2022
184,Masculino,3,-3,Ametista,2.5,7.2,7.7,8.8,7.5,8.0,7.28,8.59375,2022
184,Masculino,3,-3,Ametista,2.5,7.2,7.7,8.8,7.5,8.0,7.28,7.96875,2022
185,Masculino,3,-2,Ágata,5.0,4.5,7.7,7.9,7.5,6.875,6.615,7.1458333334,2022
186,Feminino,3,0,Ametista,10.0,6.6,8.5,8.3,7.5,7.5,7.832,7.8125,2022
186,Feminino,3,0,Ametista,10.0,6.6,8.5,8.3,7.5,7.5,7.832,7.96875,2022
186,Feminino,3,0,Ametista,10.0,6.6,8.5,8.3,7.5,7.5,7.832,8.125,2022
187,Feminino,3,0,Ametista,10.0,5.8,8.9,8.8,7.5,7.917,7.928,7.78125,2022
187,Feminino,3,0,Ametista,10.0,5.8,8.9,8.8,7.5,7.917,7.928,7.96875,2022
187,Feminino,3,0,Ametista,10.0,5.8,8.9,8.8,7.5,7.917,7.928,8.4375,2022
188,Masculino,3,-1,Quartzo,5.0,2.7,6.1,0.0,7.5,7.583,5.307,7.40625,2022
189,Masculino,3,-1,Ametista,5.0,7.2,9.7,10.0,5.0,7.333,7.629,7.875,2022
189,Masculino,3,-1,Ametista,5.0,7.2,9.7,10.0,5.0,7.333,7.629,8.28125,2022
189,Masculino,3,-1,Ametista,5.0,7.2,9.7,10.0,5.0,7.333,7.629,6.875,2022
190,Feminino,3,0,Ametista,10.0,6.3,6.9,6.7,8.8,7.25,7.335,7.6354166666,2022
190,Feminino,3,0,Ametista,10.0,6.3,6.9,6.7,8.8,7.25,7.335,7.65625,2022
191,Masculino,3,0,Topázio,10.0,7.2,9.4,10.0,8.8,8.5,8.74,8.5208333334,2022
191,Masculino,3,0,Topázio,10.0,7.2,9.4,10.0,8.8,8.5,8.74,8.125,2022
191,Masculino,3,0,Topázio,10.0,7.2,9.4,10.0,8.8,8.5,8.74,7.5,2022
192,Masculino,3,-2,Quartzo,5.0,2.7,3.6,8.8,7.5,4.708,4.932,5.8895833334,2022
192,Masculino,3,-2,Quartzo,5.0,2.7,3.6,8.8,7.5,4.708,4.932,7.1875,2022
192,Masculino,3,-2,Quartzo,5.0,2.7,3.6,8.8,7.5,4.708,4.932,7.125,2022
193,Masculino,3,0,Topázio,10.0,6.7,8.9,9.2,5.6,8.5,8.155,8.3958333334,2022
193,Masculino,3,0,Topázio,10.0,6.7,8.9,9.2,5.6,8.5,8.155,8.125,2022
193,Masculino,3,0,Topázio,10.0,6.7,8.9,9.2,5.6,8.5,8.155,8.4375,2022
194,Feminino,3,-1,Quartzo,5.0,3.2,6.2,0.0,5.0,3.75,4.265,5.520833333400001,2022
195,Feminino,3,0,Ametista,10.0,6.3,9.2,8.8,5.0,8.25,8.017,7.5520833334,2022
195,Feminino,3,0,Ametista,10.0,6.3,9.2,8.8,5.0,8.25,8.017,8.4375,2022
195,Feminino,3,0,Ametista,10.0,6.3,9.2,8.8,5.0,8.25,8.017,7.96875,2022
196,Masculino,3,0,Topázio,10.0,5.1,9.1,9.2,7.5,8.625,8.124,8.5104166668,2022
196,Masculino,3,0,Topázio,10.0,5.1,9.1,9.2,7.5,8.625,8.124,8.28125,2022
196,Masculino,3,0,Topázio,10.0,5.1,9.1,9.2,7.5,8.625,8.124,8.75,2022
197,Feminino,3,0,Topázio,10.0,7.3,9.7,8.8,4.4,8.292,8.218,8.3125,2022
197,Feminino,3,0,Topázio,10.0,7.3,9.7,8.8,4.4,8.292,8.218,7.96875,2022
197,Feminino,3,0,Topázio,10.0,7.3,9.7,8.8,4.4,8.292,8.218,7.96875,2022
198,Masculino,3,0,Quartzo,10.0,4.6,6.2,0.0,5.0,5.958,5.554,6.4166666666,2022
199,Masculino,3,0,Ametista,10.0,7.5,7.1,8.3,7.5,6.458,7.564,7.8229166666,2022
199,Masculino,3,0,Ametista,10.0,7.5,7.1,8.3,7.5,6.458,7.564,7.96875,2022
199,Masculino,3,0,Ametista,10.0,7.5,7.1,8.3,7.5,6.458,7.564,8.125,2022
200,Masculino,3,-2,Quartzo,5.0,5.5,5.6,7.9,4.4,4.917,5.705,6.947916666599999,2022
200,Masculino,3,-2,Quartzo,5.0,5.5,5.6,7.9,4.4,4.917,5.705,7.5,2022
201,Feminino,3,-2,Ametista,5.0,6.5,7.3,7.9,7.5,7.542,7.078,7.5729166666,2022
202,Feminino,3,-1,Quartzo,5.0,5.4,5.2,0.0,4.4,6.917,5.201,7.6875,2022
202,Feminino,3,-1,Quartzo,5.0,5.4,5.2,0.0,4.4,6.917,5.201,7.96875,2022
202,Feminino,3,-1,Quartzo,5.0,5.4,5.2,0.0,4.4,6.917,5.201,7.65625,2022
203,Feminino,3,-1,Quartzo,5.0,2.8,4.3,8.8,7.5,6.875,5.669,7.2375,2022
204,Feminino,3,0,Ágata,10.0,7.4,6.7,7.9,4.4,5.708,6.943,7.15625,2022
204,Feminino,3,0,Ágata,10.0,7.4,6.7,7.9,4.4,5.708,6.943,8.28125,2022
204,Feminino,3,0,Ágata,10.0,7.4,6.7,7.9,4.4,5.708,6.943,7.125,2022
205,Masculino,3,-1,Quartzo,5.0,4.1,3.8,9.6,7.5,4.833,5.372,6.052083333400001,2022
205,Masculino,3,-1,Quartzo,5.0,4.1,3.8,9.6,7.5,4.833,5.372,7.03125,2022
206,Feminino,3,0,Ametista,10.0,5.0,8.8,8.3,7.5,5.167,7.101,6.84375,2022
207,Masculino,3,-3,Quartzo,2.5,5.8,4.8,0.0,7.5,5.708,4.936,6.96875,2022
208,Masculino,3,-1,Ágata,5.0,6.1,7.1,7.5,7.5,6.417,6.667,6.947916666599999,2022
209,Masculino,3,-1,Quartzo,5.0,6.0,4.8,0.0,5.6,3.75,4.499,6.15625,2022
210,Masculino,3,-1,Quartzo,5.0,3.4,5.1,0.0,7.5,4.417,4.44,6.0354166668,2022
211,Masculino,3,0,Topázio,10.0,7.6,8.8,9.2,7.5,8.458,8.465,8.1979166666,2022
211,Masculino,3,0,Topázio,10.0,7.6,8.8,9.2,7.5,8.458,8.465,7.65625,2022
211,Masculino,3,0,Topázio,10.0,7.6,8.8,9.2,7.5,8.458,8.465,7.25,2022
212,Masculino,3,-1,Ametista,5.0,6.2,8.4,9.6,7.5,6.958,7.268,6.9791666666,2022
213,Masculino,3,0,Ametista,10.0,3.5,8.7,9.6,7.5,6.833,7.209,7.7291666666,2022
214,Masculino,3,-2,Quartzo,5.0,4.3,6.1,0.0,7.5,5.125,4.87,6.6354166668,2022
215,Feminino,3,0,Ametista,10.0,7.8,5.8,6.7,7.5,6.542,7.172,7.4270833334,2022
215,Feminino,3,0,Ametista,10.0,7.8,5.8,6.7,7.5,6.542,7.172,7.96875,2022
215,Feminino,3,0,Ametista,10.0,7.8,5.8,6.7,7.5,6.542,7.172,8.0,2022
216,Feminino,3,0,Ametista,10.0,7.0,8.5,7.9,7.5,5.583,7.502,7.03125,2022
217,Feminino,3,-2,Ametista,5.0,7.1,8.5,7.9,7.5,7.292,7.397,7.4791666666,2022
217,Feminino,3,-2,Ametista,5.0,7.1,8.5,7.9,7.5,7.292,7.397,8.4375,2022
217,Feminino,3,-2,Ametista,5.0,7.1,8.5,7.9,7.5,7.292,7.397,7.125,2022
218,Feminino,3,-1,Ágata,5.0,4.0,7.3,6.3,7.5,6.125,6.1,7.1041666668,2022
218,Feminino,3,-1,Ágata,5.0,4.0,7.3,6.3,7.5,6.125,6.1,7.96875,2022
219,Masculino,3,-3,Quartzo,2.5,3.5,6.9,8.8,7.5,6.375,5.942,6.458333333400001,2022
220,Feminino,3,0,Ágata,10.0,6.5,8.1,0.0,7.5,7.833,7.028,7.46875,2022
220,Feminino,3,0,Ágata,10.0,6.5,8.1,0.0,7.5,7.833,7.028,7.1875,2022
220,Feminino,3,0,Ágata,10.0,6.5,8.1,0.0,7.5,7.833,7.028,7.25,2022
221,Masculino,3,-1,Ágata,5.0,5.2,8.5,9.6,7.5,6.0,6.892,6.7916666666,2022
221,Masculino,3,-1,Ágata,5.0,5.2,8.5,9.6,7.5,6.0,6.892,7.1875,2022
222,Feminino,3,-2,Quartzo,5.0,6.2,4.6,7.1,7.5,4.917,5.604,6.825,2022
223,Feminino,3,0,Quartzo,10.0,3.1,4.6,0.0,7.5,5.583,4.966,7.40625,2022
223,Feminino,3,0,Quartzo,10.0,3.1,4.6,0.0,7.5,5.583,4.966,7.5,2022
224,Masculino,3,0,Quartzo,10.0,2.6,4.3,9.6,7.5,4.875,5.671,6.7020833332,2022
225,Masculino,3,-1,Quartzo,5.0,5.0,5.3,8.3,7.5,5.708,5.918,6.7020833334,2022
226,Feminino,3,-1,Ágata,5.0,6.8,6.1,7.5,7.5,6.208,6.549,7.5000000002,2022
227,Masculino,3,0,Ágata,10.0,3.3,6.4,9.2,7.5,5.833,6.471,5.6666666666,2022
227,Masculino,3,0,Ágata,10.0,3.3,6.4,9.2,7.5,5.833,6.471,8.28125,2022
227,Masculino,3,0,Ágata,10.0,3.3,6.4,9.2,7.5,5.833,6.471,7.5,2022
228,Feminino,3,-2,Ágata,5.0,4.8,6.7,7.5,7.5,6.417,6.196,7.2708333334,2022
229,Masculino,3,0,Topázio,10.0,6.9,9.4,10.0,7.5,8.5,8.62,8.5104166668,2022
229,Masculino,3,0,Topázio,10.0,6.9,9.4,10.0,7.5,8.5,8.62,8.28125,2022
229,Masculino,3,0,Topázio,10.0,6.9,9.4,10.0,7.5,8.5,8.62,8.28125,2022
230,Masculino,3,-1,Ágata,5.0,5.7,5.1,7.9,7.5,6.75,6.328,7.3645833334,2022
231,Masculino,3,-1,Ágata,5.0,3.8,7.4,8.8,7.5,5.333,6.116,6.71875,2022
232,Masculino,3,0,Quartzo,10.0,0.0,4.9,0.0,7.5,4.542,4.245,6.5458333334,2022
233,Masculino,3,-1,Ágata,5.0,3.8,7.4,7.9,7.5,5.5,6.051,6.572916666599999,2022
234,Masculino,3,0,Ágata,10.0,4.3,7.6,10.0,5.6,5.583,6.719,5.354166666599999,2022
234,Masculino,3,0,Ágata,10.0,4.3,7.6,10.0,5.6,5.583,6.719,4.84375,2022
235,Feminino,3,-1,Ágata,5.0,6.3,7.3,8.3,7.5,6.417,6.79,7.3750000002,2022
236,Feminino,3,0,Ametista,10.0,3.7,7.5,9.6,7.5,7.208,7.11,7.625,2022
236,Feminino,3,0,Ametista,10.0,3.7,7.5,9.6,7.5,7.208,7.11,7.1875,2022
236,Feminino,3,0,Ametista,10.0,3.7,7.5,9.6,7.5,7.208,7.11,6.875,2022
237,Feminino,3,-1,Topázio,5.0,7.8,9.0,10.0,7.5,8.417,8.084,8.09375,2022
237,Feminino,3,-1,Topázio,5.0,7.8,9.0,10.0,7.5,8.417,8.084,8.125,2022
237,Feminino,3,-1,Topázio,5.0,7.8,9.0,10.0,7.5,8.417,8.084,7.916666667,2022
238,Feminino,3,-1,Ágata,5.0,5.1,6.4,8.8,5.0,7.208,6.331,7.46875,2022
239,Feminino,3,-2,Quartzo,5.0,3.7,3.7,0.0,7.5,5.958,4.572,7.21875,2022
239,Feminino,3,-2,Quartzo,5.0,3.7,3.7,0.0,7.5,5.958,4.572,8.125,2022
239,Feminino,3,-2,Quartzo,5.0,3.7,3.7,0.0,7.5,5.958,4.572,7.875,2022
240,Feminino,3,0,Ágata,10.0,4.7,8.1,7.1,5.0,7.042,6.943,7.3125,2022
240,Feminino,3,0,Ágata,10.0,4.7,8.1,7.1,5.0,7.042,6.943,6.875,2022
241,Masculino,3,-1,Topázio,5.0,7.7,10.0,10.0,7.5,9.125,8.468,8.6249999998,2022
241,Masculino,3,-1,Topázio,5.0,7.7,10.0,10.0,7.5,9.125,8.468,8.75,2022
241,Masculino,3,-1,Topázio,5.0,7.7,10.0,10.0,7.5,9.125,8.468,7.5,2022
242,Masculino,3,0,Topázio,10.0,8.2,9.7,9.6,5.6,8.708,8.673,8.427083333399999,2022
242,Masculino,3,0,Topázio,10.0,8.2,9.7,9.6,5.6,8.708,8.673,8.59375,2022
242,Masculino,3,0,Topázio,10.0,8.2,9.7,9.6,5.6,8.708,8.673,7.5,2022
243,Feminino,3,-2,Ágata,5.0,6.0,8.7,7.1,5.0,7.875,6.982,7.65625,2022
244,Feminino,3,0,Topázio,10.0,7.8,9.4,7.5,6.3,9.208,8.51,8.5,2022
244,Feminino,3,0,Topázio,10.0,7.8,9.4,7.5,6.3,9.208,8.51,8.125,2022
244,Feminino,3,0,Topázio,10.0,7.8,9.4,7.5,6.3,9.208,8.51,8.125,2022
245,Masculino,3,-1,Topázio,5.0,8.4,9.9,10.0,7.5,9.25,8.656,8.6874999998,2022
245,Masculino,3,-1,Topázio,5.0,8.4,9.9,10.0,7.5,9.25,8.656,8.75,2022
245,Masculino,3,-1,Topázio,5.0,8.4,9.9,10.0,7.5,9.25,8.656,7.5,2022
246,Masculino,3,0,Topázio,10.0,7.6,9.4,8.3,7.5,9.167,8.639,8.6770833334,2022
246,Masculino,3,0,Topázio,10.0,7.6,9.4,8.3,7.5,9.167,8.639,8.125,2022
246,Masculino,3,0,Topázio,10.0,7.6,9.4,8.3,7.5,9.167,8.639,7.5,2022
247,Feminino,3,0,Ametista,10.0,5.8,8.2,8.3,7.5,7.875,7.72,7.71875,2022
247,Feminino,3,0,Ametista,10.0,5.8,8.2,8.3,7.5,7.875,7.72,8.28125,2022
247,Feminino,3,0,Ametista,10.0,5.8,8.2,8.3,7.5,7.875,7.72,7.75,2022
248,Masculino,3,0,Ametista,10.0,5.2,7.6,9.2,7.5,7.292,7.429,7.8229166666,2022
249,Masculino,3,-1,Quartzo,5.0,2.9,7.4,6.7,5.0,4.292,5.097,6.0416666668,2022
249,Masculino,3,-1,Quartzo,5.0,2.9,7.4,6.7,5.0,4.292,5.097,5.15625,2022
249,Masculino,3,-1,Quartzo,5.0,2.9,7.4,6.7,5.0,4.292,5.097,6.75,2022
250,Feminino,3,0,Ametista,10.0,6.6,8.6,8.3,7.5,7.625,7.958,7.8125,2022
250,Feminino,3,0,Ametista,10.0,6.6,8.6,8.3,7.5,7.625,7.958,7.96875,2022
250,Feminino,3,0,Ametista,10.0,6.6,8.6,8.3,7.5,7.625,7.958,8.958333333,2022
251,Masculino,3,-2,Ágata,5.0,6.3,8.1,10.0,5.6,6.625,7.022,7.3125,2022
251,Masculino,3,-2,Ágata,5.0,6.3,8.1,10.0,5.6,6.625,7.022,7.34375,2022
251,Masculino,3,-2,Ágata,5.0,6.3,8.1,10.0,5.6,6.625,7.022,6.875,2022
252,Masculino,3,-1,Quartzo,5.0,0.9,2.8,9.2,7.5,3.875,4.277,4.9020833334,2022
253,Masculino,3,-2,Quartzo,5.0,1.8,3.6,9.2,5.0,3.75,4.312,4.88125,2022
254,Masculino,3,-1,Ágata,5.0,5.3,7.4,10.0,5.6,6.917,6.715,7.3958333334,2022
255,Masculino,3,-1,Quartzo,5.0,1.3,3.8,7.5,5.0,5.542,4.563,6.7020833334,2022
256,Feminino,3,0,Ametista,10.0,5.2,8.5,8.8,5.0,6.708,7.192,7.40625,2022
257,Feminino,3,-1,Quartzo,5.0,3.6,6.4,0.0,5.6,6.708,5.149,7.53125,2022
258,Feminino,3,0,Ágata,10.0,4.8,7.3,10.0,5.6,6.125,6.926,7.0,2022
258,Feminino,3,0,Ágata,10.0,4.8,7.3,10.0,5.6,6.125,6.926,7.34375,2022
259,Masculino,3,-3,Quartzo,2.5,0.9,2.9,8.8,7.5,4.625,4.182,5.8895833334,2022
260,Feminino,3,0,Ametista,10.0,5.0,8.2,10.0,7.5,6.458,7.44,7.46875,2022
260,Feminino,3,0,Ametista,10.0,5.0,8.2,10.0,7.5,6.458,7.44,7.34375,2022
260,Feminino,3,0,Ametista,10.0,5.0,8.2,10.0,7.5,6.458,7.44,7.875,2022
261,Feminino,3,-1,Ágata,5.0,5.8,7.2,8.8,5.6,7.042,6.763,7.5208333334,2022
262,Masculino,3,-2,Quartzo,5.0,3.4,5.8,0.0,5.6,5.625,4.786,6.208333333400001,2022
262,Masculino,3,-2,Quartzo,5.0,3.4,5.8,0.0,5.6,5.625,4.786,7.03125,2022
262,Masculino,3,-2,Quartzo,5.0,3.4,5.8,0.0,5.6,5.625,4.786,7.0,2022
263,Feminino,3,-2,Quartzo,5.0,3.7,5.6,5.8,7.5,4.417,5.319,6.5333333334,2022
264,Feminino,3,-2,Ametista,5.0,5.8,9.2,10.0,5.6,6.625,7.087,7.2916666666,2022
265,Masculino,3,0,Ametista,10.0,6.9,7.7,8.3,7.5,7.917,7.926,7.3645833332,2022
266,Feminino,3,-3,Quartzo,2.5,6.0,5.8,7.5,5.6,6.583,5.987,7.0,2022
267,Feminino,3,-2,Ágata,5.0,3.3,7.4,10.0,5.0,6.292,6.012,7.28125,2022
267,Feminino,3,-2,Ágata,5.0,3.3,7.4,10.0,5.0,6.292,6.012,4.583333333,2022
268,Feminino,3,-1,Ágata,5.0,5.7,6.7,9.2,6.3,7.208,6.695,7.6354166668,2022
269,Masculino,3,0,Topázio,10.0,8.9,8.6,9.2,6.3,7.25,8.231,7.7395833332,2022
269,Masculino,3,0,Topázio,10.0,8.9,8.6,9.2,6.3,7.25,8.231,8.59375,2022
269,Masculino,3,0,Topázio,10.0,8.9,8.6,9.2,6.3,7.25,8.231,7.5,2022
270,Feminino,3,0,Topázio,10.0,7.9,8.4,8.3,6.9,8.125,8.226,8.0416666666,2022
270,Feminino,3,0,Topázio,10.0,7.9,8.4,8.3,6.9,8.125,8.226,8.75,2022
270,Feminino,3,0,Topázio,10.0,7.9,8.4,8.3,6.9,8.125,8.226,7.5,2022
271,Feminino,3,-2,Ametista,5.0,7.1,8.5,9.2,5.6,6.958,7.255,7.3541666666,2022
271,Feminino,3,-2,Ametista,5.0,7.1,8.5,9.2,5.6,6.958,7.255,8.125,2022
271,Feminino,3,-2,Ametista,5.0,7.1,8.5,9.2,5.6,6.958,7.255,7.5,2022
272,Masculino,3,-1,Ágata,5.0,5.1,5.7,9.2,7.5,6.417,6.361,7.21875,2022
273,Feminino,3,-1,Quartzo,5.0,3.0,5.3,9.2,7.5,5.833,5.679,7.025,2022
273,Feminino,3,-1,Quartzo,5.0,3.0,5.3,9.2,7.5,5.833,5.679,7.8125,2022
273,Feminino,3,-1,Quartzo,5.0,3.0,5.3,9.2,7.5,5.833,5.679,8.125,2022
274,Feminino,3,1,Ametista,10.0,8.1,8.3,7.9,7.5,7.0,7.946,7.6354166666,2022
274,Feminino,3,1,Ametista,10.0,8.1,8.3,7.9,7.5,7.0,7.946,7.65625,2022
274,Feminino,3,1,Ametista,10.0,8.1,8.3,7.9,7.5,7.0,7.946,8.125,2022
275,Masculino,3,-2,Ágata,5.0,4.6,6.9,9.6,7.5,6.667,6.665,7.0625,2022
276,Feminino,3,-1,Quartzo,5.0,4.3,5.7,7.1,5.6,5.125,5.527,6.75625,2022
276,Feminino,3,-1,Quartzo,5.0,4.3,5.7,7.1,5.6,5.125,5.527,7.03125,2022
277,Masculino,3,-1,Ametista,5.0,7.4,8.8,7.1,7.5,7.208,7.411,7.1354166666,2022
277,Masculino,3,-1,Ametista,5.0,7.4,8.8,7.1,7.5,7.208,7.411,8.125,2022
277,Masculino,3,-1,Ametista,5.0,7.4,8.8,7.1,7.5,7.208,7.411,7.5,2022
278,Masculino,3,0,Ametista,10.0,6.0,9.2,8.8,5.6,7.417,7.741,7.7291666666,2022
278,Masculino,3,0,Ametista,10.0,6.0,9.2,8.8,5.6,7.417,7.741,8.75,2022
278,Masculino,3,0,Ametista,10.0,6.0,9.2,8.8,5.6,7.417,7.741,8.125,2022
279,Masculino,3,0,Topázio,10.0,9.1,9.9,9.2,6.3,8.208,8.815,8.1354166666,2022
279,Masculino,3,0,Topázio,10.0,9.1,9.9,9.2,6.3,8.208,8.815,8.75,2022
279,Masculino,3,0,Topázio,10.0,9.1,9.9,9.2,6.3,8.208,8.815,8.333333333,2022
280,Feminino,3,0,Ametista,10.0,7.1,9.2,7.5,7.5,7.333,8.046,7.6354166666,2022
280,Feminino,3,0,Ametista,10.0,7.1,9.2,7.5,7.5,7.333,8.046,8.28125,2022
280,Feminino,3,0,Ametista,10.0,7.1,9.2,7.5,7.5,7.333,8.046,8.333333333,2022
281,Feminino,3,0,Ágata,10.0,5.9,6.9,6.7,7.5,5.625,6.806,6.6354166668,2022
282,Feminino,3,0,Ágata,10.0,4.0,6.8,8.8,7.5,5.625,6.618,6.7083333334,2022
283,Masculino,3,-1,Ametista,5.0,5.6,8.8,9.6,7.5,6.625,7.131,6.8541666666,2022
283,Masculino,3,-1,Ametista,5.0,5.6,8.8,9.6,7.5,6.625,7.131,7.03125,2022
283,Masculino,3,-1,Ametista,5.0,5.6,8.8,9.6,7.5,6.625,7.131,7.8125,2022
284,Masculino,3,0,Quartzo,10.0,3.8,5.1,6.7,5.6,5.958,5.939,6.7333333332,2022
285,Feminino,3,-3,Quartzo,2.5,2.8,4.1,9.2,7.5,5.75,5.063,7.0375000000000005,2022
285,Feminino,3,-3,Quartzo,2.5,2.8,4.1,9.2,7.5,5.75,5.063,7.65625,2022
286,Feminino,3,-2,Quartzo,5.0,3.0,5.8,7.1,6.3,5.625,5.424,6.38125,2022
286,Feminino,3,-2,Quartzo,5.0,3.0,5.8,7.1,6.3,5.625,5.424,8.125,2022
286,Feminino,3,-2,Quartzo,5.0,3.0,5.8,7.1,6.3,5.625,5.424,7.34375,2022
287,Feminino,3,-4,Quartzo,2.5,1.1,3.4,7.9,5.0,4.292,3.7,6.4125,2022
287,Feminino,3,-4,Quartzo,2.5,1.1,3.4,7.9,5.0,4.292,3.7,4.21875,2022
288,Feminino,3,-3,Quartzo,2.5,0.0,5.6,0.0,6.3,6.833,4.097,6.614583333400001,2022
289,Feminino,3,-1,Ágata,5.0,6.8,7.8,0.0,6.3,7.25,6.236,7.947916666799999,2022
290,Feminino,3,-4,Quartzo,2.5,1.7,3.9,10.0,6.3,6.042,4.929,7.00625,2022
291,Masculino,3,0,Topázio,10.0,8.0,8.2,8.3,6.9,7.792,8.122,7.9166666666,2022
291,Masculino,3,0,Topázio,10.0,8.0,8.2,8.3,6.9,7.792,8.122,8.90625,2022
291,Masculino,3,0,Topázio,10.0,8.0,8.2,8.3,6.9,7.792,8.122,7.5,2022
292,Masculino,3,-3,Quartzo,2.5,1.8,3.7,7.9,7.5,6.292,4.837,6.9,2022
293,Masculino,3,0,Quartzo,10.0,2.3,2.9,8.8,7.5,3.333,4.875,6.260416666599999,2022
294,Feminino,3,-5,Quartzo,2.5,0.0,5.8,9.6,7.5,5.917,5.031,7.0625,2022
295,Feminino,3,-1,Ametista,5.0,6.9,8.0,7.9,7.5,7.375,7.305,7.5625,2022
295,Feminino,3,-1,Ametista,5.0,6.9,8.0,7.9,7.5,7.375,7.305,9.0625,2022
296,Feminino,3,-2,Quartzo,5.0,2.8,3.6,8.8,7.5,3.833,4.665,6.4020833334,2022
297,Feminino,3,0,Ametista,10.0,6.6,7.9,7.1,6.3,7.417,7.478,7.625,2022
298,Masculino,3,0,Ágata,10.0,5.2,6.3,9.2,5.6,5.417,6.409,5.7291666666,2022
298,Masculino,3,0,Ágata,10.0,5.2,6.3,9.2,5.6,5.417,6.409,7.5,2022
299,Feminino,3,0,Ametista,10.0,6.8,8.2,7.1,5.0,6.708,7.278,7.625,2022
299,Feminino,3,0,Ametista,10.0,6.8,8.2,7.1,5.0,6.708,7.278,7.96875,2022
299,Feminino,3,0,Ametista,10.0,6.8,8.2,7.1,5.0,6.708,7.278,7.5,2022
300,Masculino,3,-1,Quartzo,5.0,3.1,6.9,5.4,6.3,5.875,5.557,6.6562500002,2022
300,Masculino,3,-1,Quartzo,5.0,3.1,6.9,5.4,6.3,5.875,5.557,6.40625,2022
301,Feminino,3,0,Ágata,10.0,6.3,5.8,8.8,5.6,6.042,6.802,6.90625,2022
301,Feminino,3,0,Ágata,10.0,6.3,5.8,8.8,5.6,6.042,6.802,6.71875,2022
301,Feminino,3,0,Ágata,10.0,6.3,5.8,8.8,5.6,6.042,6.802,8.020833333,2022
302,Masculino,3,-3,Ágata,2.5,4.8,7.7,9.2,6.9,6.208,6.334,7.166666666599999,2022
302,Masculino,3,-3,Ágata,2.5,4.8,7.7,9.2,6.9,6.208,6.334,7.5,2022
303,Masculino,3,-1,Ágata,5.0,3.9,7.2,7.5,7.5,5.375,6.03,6.8854166666,2022
303,Masculino,3,-1,Ágata,5.0,3.9,7.2,7.5,7.5,5.375,6.03,7.65625,2022
303,Masculino,3,-1,Ágata,5.0,3.9,7.2,7.5,7.5,5.375,6.03,6.875,2022
304,Masculino,3,-2,Ágata,5.0,4.3,7.7,8.8,7.5,5.542,6.355,6.9375,2022
304,Masculino,3,-2,Ágata,5.0,4.3,7.7,8.8,7.5,5.542,6.355,7.8125,2022
304,Masculino,3,-2,Ágata,5.0,4.3,7.7,8.8,7.5,5.542,6.355,6.875,2022
305,Masculino,3,-1,Ágata,5.0,4.8,6.6,7.9,7.5,5.208,6.058,7.21875,2022
305,Masculino,3,-1,Ágata,5.0,4.8,6.6,7.9,7.5,5.208,6.058,7.65625,2022
305,Masculino,3,-1,Ágata,5.0,4.8,6.6,7.9,7.5,5.208,6.058,7.8125,2022
306,Feminino,3,-1,Ágata,5.0,5.2,6.8,8.3,7.5,5.958,6.427,7.1041666668,2022
306,Feminino,3,-1,Ágata,5.0,5.2,6.8,8.3,7.5,5.958,6.427,7.34375,2022
306,Feminino,3,-1,Ágata,5.0,5.2,6.8,8.3,7.5,5.958,6.427,7.34375,2022
307,Masculino,3,-1,Quartzo,5.0,2.5,4.5,5.4,7.5,4.708,4.733,6.1604166666,2022
307,Masculino,3,-1,Quartzo,5.0,2.5,4.5,5.4,7.5,4.708,4.733,7.5,2022
308,Masculino,3,0,Ágata,10.0,5.0,7.4,7.9,6.9,6.167,6.93,6.072916666599999,2022
308,Masculino,3,0,Ágata,10.0,5.0,7.4,7.9,6.9,6.167,6.93,7.03125,2022
308,Masculino,3,0,Ágata,10.0,5.0,7.4,7.9,6.9,6.167,6.93,7.5,2022
309,Feminino,3,-1,Ágata,5.0,6.5,5.2,9.2,7.5,5.083,6.151,7.5104166668,2022
310,Feminino,3,-2,Ágata,5.0,4.5,7.5,7.9,7.5,6.0,6.4,6.9375,2022
311,Feminino,3,-3,Quartzo,2.5,5.2,5.6,7.9,5.0,6.222,5.652,7.0,2022
312,Feminino,3,0,Ametista,10.0,5.2,8.1,9.6,7.5,6.167,7.339,7.625,2022
313,Feminino,3,-1,Quartzo,5.0,4.1,7.0,7.5,5.0,5.889,5.8,6.625,2022
313,Feminino,3,-1,Quartzo,5.0,4.1,7.0,7.5,5.0,5.889,5.8,7.65625,2022
313,Feminino,3,-1,Quartzo,5.0,4.1,7.0,7.5,5.0,5.889,5.8,7.8125,2022
314,Feminino,3,0,Ágata,10.0,5.3,5.4,5.4,5.0,6.0,6.1,7.125,2022
315,Feminino,3,0,Quartzo,10.0,3.0,5.1,6.7,7.5,5.056,5.672,5.9020833334,2022
315,Feminino,3,0,Quartzo,10.0,3.0,5.1,6.7,7.5,5.056,5.672,7.96875,2022
315,Feminino,3,0,Quartzo,10.0,3.0,5.1,6.7,7.5,5.056,5.672,7.5,2022
316,Feminino,3,-1,Ametista,5.0,6.1,10.0,10.0,6.9,8.389,7.889,7.78125,2022
316,Feminino,3,-1,Ametista,5.0,6.1,10.0,10.0,6.9,8.389,7.889,8.59375,2022
316,Feminino,3,-1,Ametista,5.0,6.1,10.0,10.0,6.9,8.389,7.889,7.65625,2022
317,Masculino,3,0,Ametista,10.0,6.8,5.6,8.8,7.5,5.944,7.04,7.625,2022
318,Feminino,3,-1,Ágata,5.0,5.8,6.9,8.3,6.9,6.111,6.527,7.3750000002,2022
318,Feminino,3,-1,Ágata,5.0,5.8,6.9,8.3,6.9,6.111,6.527,7.96875,2022
318,Feminino,3,-1,Ágata,5.0,5.8,6.9,8.3,6.9,6.111,6.527,7.34375,2022
319,Masculino,3,0,Ametista,10.0,5.2,7.7,9.2,7.5,7.5,7.448,7.8229166666,2022
319,Masculino,3,0,Ametista,10.0,5.2,7.7,9.2,7.5,7.5,7.448,8.59375,2022
319,Masculino,3,0,Ametista,10.0,5.2,7.7,9.2,7.5,7.5,7.448,7.34375,2022
320,Feminino,3,-1,Ametista,5.0,6.4,10.0,8.8,6.9,8.667,7.897,7.78125,2022
320,Feminino,3,-1,Ametista,5.0,6.4,10.0,8.8,6.9,8.667,7.897,8.59375,2022
320,Feminino,3,-1,Ametista,5.0,6.4,10.0,8.8,6.9,8.667,7.897,7.65625,2022
321,Feminino,3,0,Ametista,10.0,5.2,9.1,9.2,5.6,8.278,7.792,7.75,2022
321,Feminino,3,0,Ametista,10.0,5.2,9.1,9.2,5.6,8.278,7.792,8.125,2022
321,Feminino,3,0,Ametista,10.0,5.2,9.1,9.2,5.6,8.278,7.792,8.125,2022
322,Feminino,3,0,Ágata,10.0,4.7,8.1,7.1,5.0,6.778,6.859,7.375,2022
322,Feminino,3,0,Ágata,10.0,4.7,8.1,7.1,5.0,6.778,6.859,7.96875,2022
323,Masculino,3,0,Ágata,10.0,3.4,7.3,9.2,7.5,6.611,6.86,5.6666666666,2022
324,Feminino,2,0,Topázio,10.0,6.8,9.3,10.0,6.9,8.611,8.27,8.1666666666,2022
324,Feminino,2,0,Topázio,10.0,6.8,9.3,10.0,6.9,8.611,8.27,8.125,2022
325,Masculino,2,0,Ametista,10.0,6.0,6.8,9.5,7.5,8.444,7.619,7.3958333332,2022
325,Masculino,2,0,Ametista,10.0,6.0,6.8,9.5,7.5,8.444,7.619,8.125,2022
325,Masculino,2,0,Ametista,10.0,6.0,6.8,9.5,7.5,8.444,7.619,8.333333333,2022
326,Feminino,2,-1,Topázio,5.0,9.0,9.7,10.0,5.0,8.944,8.22,8.90625,2022
326,Feminino,2,-1,Topázio,5.0,9.0,9.7,10.0,5.0,8.944,8.22,9.0625,2022
326,Feminino,2,-1,Topázio,5.0,9.0,9.7,10.0,5.0,8.944,8.22,8.875,2022
327,Masculino,2,0,Ágata,10.0,2.8,8.8,8.5,7.5,7.333,6.986,5.979166666599999,2022
328,Masculino,2,-1,Ágata,5.0,5.3,7.0,10.0,7.5,7.5,6.823,7.1666666666,2022
329,Masculino,2,0,Ágata,10.0,5.0,6.9,7.4,4.4,5.778,6.313,5.8854166666,2022
330,Feminino,2,-2,Ágata,5.0,2.5,8.8,9.5,7.5,7.056,6.446,7.1145833332,2022
330,Feminino,2,-2,Ágata,5.0,2.5,8.8,9.5,7.5,7.056,6.446,6.71875,2022
331,Feminino,2,-1,Ágata,5.0,3.7,8.7,9.0,7.5,6.944,6.636,6.6041666666,2022
331,Feminino,2,-1,Ágata,5.0,3.7,8.7,9.0,7.5,6.944,6.636,7.03125,2022
331,Feminino,2,-1,Ágata,5.0,3.7,8.7,9.0,7.5,6.944,6.636,6.09375,2022
332,Masculino,2,-1,Ametista,5.0,7.5,9.0,9.5,8.1,8.5,7.883,8.0208333334,2022
332,Masculino,2,-1,Ametista,5.0,7.5,9.0,9.5,8.1,8.5,7.883,8.28125,2022
332,Masculino,2,-1,Ametista,5.0,7.5,9.0,9.5,8.1,8.5,7.883,8.625,2022
333,Masculino,2,-2,Quartzo,5.0,2.9,5.8,8.0,3.8,6.722,5.249,6.21875,2022
334,Feminino,2,0,Ametista,10.0,8.0,9.2,6.9,4.4,8.722,7.961,7.708333333400001,2022
335,Masculino,2,0,Ametista,10.0,7.4,9.4,9.5,7.5,6.833,7.902,6.7916666666,2022
336,Masculino,2,-1,Ágata,5.0,5.1,8.5,9.5,4.4,7.889,6.787,7.375,2022
336,Masculino,2,-1,Ágata,5.0,5.1,8.5,9.5,4.4,7.889,6.787,7.34375,2022
336,Masculino,2,-1,Ágata,5.0,5.1,8.5,9.5,4.4,7.889,6.787,7.5,2022
337,Masculino,2,0,Ametista,10.0,5.8,9.3,10.0,7.5,7.611,7.914,6.9791666666,2022
338,Masculino,2,-1,Ágata,5.0,5.8,7.3,8.5,7.5,7.611,6.837,6.875,2022
338,Masculino,2,-1,Ágata,5.0,5.8,7.3,8.5,7.5,7.611,6.837,8.59375,2022
338,Masculino,2,-1,Ágata,5.0,5.8,7.3,8.5,7.5,7.611,6.837,7.625,2022
339,Feminino,2,0,Topázio,10.0,8.1,9.9,6.9,7.5,8.889,8.488,8.0,2022
339,Feminino,2,0,Topázio,10.0,8.1,9.9,6.9,7.5,8.889,8.488,7.8125,2022
339,Feminino,2,0,Topázio,10.0,8.1,9.9,6.9,7.5,8.889,8.488,8.0,2022
340,Masculino,2,0,Ametista,10.0,6.5,8.2,9.0,7.5,7.667,7.721,7.3645833332,2022
340,Masculino,2,0,Ametista,10.0,6.5,8.2,9.0,7.5,7.667,7.721,9.166666667,2022
340,Masculino,2,0,Ametista,10.0,6.5,8.2,9.0,7.5,7.667,7.721,6.5625,2022
341,Masculino,2,-1,Ágata,5.0,5.8,7.7,8.0,7.5,7.5,6.854,6.7083333332,2022
342,Feminino,2,-2,Ágata,5.0,6.6,6.7,9.0,7.5,7.5,6.941,7.1250000002,2022
342,Feminino,2,-2,Ágata,5.0,6.6,6.7,9.0,7.5,7.5,6.941,7.96875,2022
342,Feminino,2,-2,Ágata,5.0,6.6,6.7,9.0,7.5,7.5,6.941,7.65625,2022
343,Masculino,2,-2,Ágata,5.0,5.9,7.4,9.5,7.5,7.167,6.9,6.84375,2022
343,Masculino,2,-2,Ágata,5.0,5.9,7.4,9.5,7.5,7.167,6.9,7.65625,2022
344,Masculino,2,0,Ametista,10.0,4.5,8.3,8.5,7.5,7.5,7.263,7.3645833332,2022
345,Masculino,2,-1,Quartzo,5.0,3.6,5.4,9.5,5.6,6.667,5.75,6.7916666668,2022
345,Masculino,2,-1,Quartzo,5.0,3.6,5.4,9.5,5.6,6.667,5.75,8.125,2022
346,Masculino,2,0,Topázio,10.0,7.0,9.1,10.0,7.5,7.889,8.143,7.96875,2022
346,Masculino,2,0,Topázio,10.0,7.0,9.1,10.0,7.5,7.889,8.143,7.96875,2022
346,Masculino,2,0,Topázio,10.0,7.0,9.1,10.0,7.5,7.889,8.143,7.96875,2022
347,Feminino,2,-1,Ametista,5.0,8.5,10.0,9.0,5.6,8.0,7.908,8.46875,2022
347,Feminino,2,-1,Ametista,5.0,8.5,10.0,9.0,5.6,8.0,7.908,7.8125,2022
347,Feminino,2,-1,Ametista,5.0,8.5,10.0,9.0,5.6,8.0,7.908,8.0,2022
348,Masculino,2,-1,Quartzo,5.0,1.8,8.7,9.0,7.5,5.833,5.864,6.7666666666,2022
348,Masculino,2,-1,Quartzo,5.0,1.8,8.7,9.0,7.5,5.833,5.864,8.541666667,2022
349,Masculino,2,-1,Quartzo,5.0,3.7,7.7,9.5,7.5,3.944,5.658,6.53125,2022
350,Feminino,2,0,Topázio,10.0,6.5,8.8,10.0,7.5,8.611,8.206,8.416666666600001,2022
350,Feminino,2,0,Topázio,10.0,6.5,8.8,10.0,7.5,8.611,8.206,8.958333333,2022
351,Masculino,2,-2,Ágata,5.0,4.0,7.2,9.0,7.5,8.111,6.622,6.760416666599999,2022
352,Masculino,2,0,Ametista,10.0,7.0,8.1,9.0,5.6,8.389,7.834,8.0729166666,2022
352,Masculino,2,0,Ametista,10.0,7.0,8.1,9.0,5.6,8.389,7.834,7.96875,2022
352,Masculino,2,0,Ametista,10.0,7.0,8.1,9.0,5.6,8.389,7.834,6.375,2022
353,Feminino,2,0,Topázio,10.0,7.5,10.0,7.0,7.5,8.444,8.264,8.0416666666,2022
353,Feminino,2,0,Topázio,10.0,7.5,10.0,7.0,7.5,8.444,8.264,7.8125,2022
354,Feminino,2,-1,Quartzo,5.0,4.5,4.3,8.5,7.5,7.333,5.858,7.33125,2022
355,Feminino,2,-1,Quartzo,5.0,4.5,5.0,5.8,7.5,6.056,5.379,7.175,2022
356,Masculino,2,-1,Ágata,5.0,4.6,8.4,10.0,5.0,8.278,6.69,7.4270833334,2022
356,Masculino,2,-1,Ágata,5.0,4.6,8.4,10.0,5.0,8.278,6.69,6.09375,2022
356,Masculino,2,-1,Ágata,5.0,4.6,8.4,10.0,5.0,8.278,6.69,5.25,2022
357,Masculino,2,-1,Ametista,5.0,8.5,9.6,8.0,7.5,7.778,7.836,7.6145833332,2022
357,Masculino,2,-1,Ametista,5.0,8.5,9.6,8.0,7.5,7.778,7.836,8.75,2022
357,Masculino,2,-1,Ametista,5.0,8.5,9.6,8.0,7.5,7.778,7.836,7.875,2022
358,Masculino,2,-1,Quartzo,5.0,0.0,6.5,7.5,7.5,7.556,5.412,7.28125,2022
359,Feminino,2,-1,Ágata,5.0,4.6,7.0,9.0,7.5,7.5,6.606,7.0208333334,2022
359,Feminino,2,-1,Ágata,5.0,4.6,7.0,9.0,7.5,7.5,6.606,7.65625,2022
359,Feminino,2,-1,Ágata,5.0,4.6,7.0,9.0,7.5,7.5,6.606,7.5,2022
360,Feminino,2,-1,Ametista,5.0,5.2,8.5,9.5,7.5,7.5,7.075,7.4375,2022
360,Feminino,2,-1,Ametista,5.0,5.2,8.5,9.5,7.5,7.5,7.075,7.34375,2022
360,Feminino,2,-1,Ametista,5.0,5.2,8.5,9.5,7.5,7.5,7.075,7.708333333,2022
361,Feminino,2,-1,Ágata,5.0,5.0,9.2,7.9,6.3,6.778,6.731,6.729166666599999,2022
362,Feminino,2,-1,Ametista,5.0,7.9,7.9,8.5,7.5,7.5,7.413,7.6875,2022
362,Feminino,2,-1,Ametista,5.0,7.9,7.9,8.5,7.5,7.5,7.413,7.03125,2022
363,Masculino,2,-1,Ágata,5.0,2.0,10.0,10.0,6.9,7.056,6.644,7.135416666599999,2022
363,Masculino,2,-1,Ágata,5.0,2.0,10.0,10.0,6.9,7.056,6.644,8.541666667,2022
363,Masculino,2,-1,Ágata,5.0,2.0,10.0,10.0,6.9,7.056,6.644,7.34375,2022
364,Masculino,2,0,Topázio,10.0,8.8,10.0,9.5,7.5,8.167,8.75,7.9895833334,2022
364,Masculino,2,0,Topázio,10.0,8.8,10.0,9.5,7.5,8.167,8.75,7.03125,2022
364,Masculino,2,0,Topázio,10.0,8.8,10.0,9.5,7.5,8.167,8.75,7.96875,2022
365,Feminino,2,0,Topázio,10.0,7.8,10.0,8.0,5.0,7.833,8.063,8.25,2022
365,Feminino,2,0,Topázio,10.0,7.8,10.0,8.0,5.0,7.833,8.063,8.958333333,2022
365,Feminino,2,0,Topázio,10.0,7.8,10.0,8.0,5.0,7.833,8.063,8.4375,2022
366,Masculino,2,-1,Ametista,5.0,5.5,9.4,9.5,7.5,6.833,7.181,7.0833333334,2022
367,Feminino,2,-1,Ágata,5.0,6.7,7.4,8.5,6.3,7.5,6.95,7.4687500002,2022
367,Feminino,2,-1,Ágata,5.0,6.7,7.4,8.5,6.3,7.5,6.95,7.8125,2022
367,Feminino,2,-1,Ágata,5.0,6.7,7.4,8.5,6.3,7.5,6.95,6.875,2022
368,Masculino,2,-1,Ágata,5.0,7.3,7.9,8.0,5.0,7.5,6.969,6.9895833332,2022
368,Masculino,2,-1,Ágata,5.0,7.3,7.9,8.0,5.0,7.5,6.969,7.03125,2022
368,Masculino,2,-1,Ágata,5.0,7.3,7.9,8.0,5.0,7.5,6.969,7.65625,2022
369,Masculino,2,0,Ágata,10.0,4.8,6.9,9.0,7.5,6.889,6.973,6.0,2022
369,Masculino,2,0,Ágata,10.0,4.8,6.9,9.0,7.5,6.889,6.973,8.541666667,2022
369,Masculino,2,0,Ágata,10.0,4.8,6.9,9.0,7.5,6.889,6.973,6.40625,2022
370,Feminino,2,-1,Ametista,5.0,7.2,8.2,8.5,5.0,7.611,7.066,7.5104166666,2022
371,Feminino,2,0,Topázio,10.0,8.4,8.0,9.5,6.9,7.667,8.112,8.0,2022
372,Masculino,2,0,Ametista,10.0,7.8,5.5,8.5,6.9,7.389,7.304,7.2916666666,2022
373,Masculino,2,0,Ametista,10.0,7.3,9.5,6.4,5.0,6.944,7.503,8.0104166668,2022
373,Masculino,2,0,Ametista,10.0,7.3,9.5,6.4,5.0,6.944,7.503,8.75,2022
374,Feminino,2,-1,Ametista,5.0,6.9,9.8,9.0,7.5,7.944,7.747,7.7604166666,2022
374,Feminino,2,-1,Ametista,5.0,6.9,9.8,9.0,7.5,7.944,7.747,7.65625,2022
375,Masculino,2,0,Ametista,10.0,5.4,9.5,9.0,7.5,7.667,7.831,6.9791666666,2022
375,Masculino,2,0,Ametista,10.0,5.4,9.5,9.0,7.5,7.667,7.831,8.541666667,2022
375,Masculino,2,0,Ametista,10.0,5.4,9.5,9.0,7.5,7.667,7.831,7.1875,2022
376,Feminino,2,-1,Ágata,5.0,4.3,9.0,9.0,7.5,7.5,6.957,6.75,2022
376,Feminino,2,-1,Ágata,5.0,4.3,9.0,9.0,7.5,7.5,6.957,7.916666667,2022
376,Feminino,2,-1,Ágata,5.0,4.3,9.0,9.0,7.5,7.5,6.957,6.5625,2022
377,Feminino,2,-1,Ágata,5.0,6.2,7.7,9.0,5.6,6.833,6.743,6.7708333334,2022
377,Feminino,2,-1,Ágata,5.0,6.2,7.7,9.0,5.6,6.833,6.743,7.34375,2022
377,Feminino,2,-1,Ágata,5.0,6.2,7.7,9.0,5.6,6.833,6.743,7.125,2022
378,Masculino,2,-1,Ametista,5.0,8.1,6.8,9.0,5.6,7.889,7.203,7.6770833332,2022
379,Feminino,2,-1,Ágata,5.0,5.0,8.1,8.5,7.5,6.778,6.722,6.6458333334,2022
380,Masculino,2,-1,Quartzo,5.0,2.5,4.4,7.9,5.0,4.833,4.556,6.4520833334,2022
380,Masculino,2,-1,Quartzo,5.0,2.5,4.4,7.9,5.0,4.833,4.556,6.71875,2022
381,Masculino,2,-1,Ágata,5.0,3.3,8.3,9.0,6.9,6.944,6.454,6.5624999998,2022
381,Masculino,2,-1,Ágata,5.0,3.3,8.3,9.0,6.9,6.944,6.454,7.34375,2022
381,Masculino,2,-1,Ágata,5.0,3.3,8.3,9.0,6.9,6.944,6.454,6.71875,2022
382,Masculino,2,-2,Ágata,5.0,5.4,7.7,9.0,6.3,7.333,6.777,7.3020833334,2022
382,Masculino,2,-2,Ágata,5.0,5.4,7.7,9.0,6.3,7.333,6.777,7.5,2022
382,Masculino,2,-2,Ágata,5.0,5.4,7.7,9.0,6.3,7.333,6.777,6.75,2022
383,Masculino,2,0,Topázio,10.0,8.1,9.6,9.0,7.5,7.778,8.4,8.0625,2022
383,Masculino,2,0,Topázio,10.0,8.1,9.6,9.0,7.5,7.778,8.4,7.5,2022
383,Masculino,2,0,Topázio,10.0,8.1,9.6,9.0,7.5,7.778,8.4,7.875,2022
384,Feminino,2,-1,Ametista,5.0,8.1,8.4,9.0,6.3,8.0,7.558,8.0625,2022
384,Feminino,2,-1,Ametista,5.0,8.1,8.4,9.0,6.3,8.0,7.558,7.65625,2022
384,Feminino,2,-1,Ametista,5.0,8.1,8.4,9.0,6.3,8.0,7.558,7.625,2022
385,Feminino,2,-1,Ágata,5.0,4.9,7.5,7.4,5.0,6.5,6.083,6.8645833334,2022
386,Masculino,2,-1,Ágata,5.0,4.0,5.9,10.0,5.6,7.222,6.104,8.0000000002,2022
386,Masculino,2,-1,Ágata,5.0,4.0,5.9,10.0,5.6,7.222,6.104,7.03125,2022
387,Masculino,2,-1,Ágata,5.0,3.7,8.2,7.0,7.5,6.833,6.323,6.2499999998,2022
387,Masculino,2,-1,Ágata,5.0,3.7,8.2,7.0,7.5,6.833,6.323,6.875,2022
387,Masculino,2,-1,Ágata,5.0,3.7,8.2,7.0,7.5,6.833,6.323,6.25,2022
388,Feminino,2,-2,Ágata,5.0,4.5,8.5,7.9,5.6,7.722,6.654,7.1666666666,2022
388,Feminino,2,-2,Ágata,5.0,4.5,8.5,7.9,5.6,7.722,6.654,6.875,2022
388,Feminino,2,-2,Ágata,5.0,4.5,8.5,7.9,5.6,7.722,6.654,6.75,2022
389,Masculino,2,0,Ametista,10.0,3.5,8.9,8.0,7.5,7.556,7.184,7.7291666666,2022
389,Masculino,2,0,Ametista,10.0,3.5,8.9,8.0,7.5,7.556,7.184,8.75,2022
389,Masculino,2,0,Ametista,10.0,3.5,8.9,8.0,7.5,7.556,7.184,6.5625,2022
390,Feminino,2,-1,Ágata,5.0,4.7,8.8,7.4,6.3,7.722,6.776,7.21875,2022
390,Feminino,2,-1,Ágata,5.0,4.7,8.8,7.4,6.3,7.722,6.776,7.34375,2022
390,Feminino,2,-1,Ágata,5.0,4.7,8.8,7.4,6.3,7.722,6.776,6.5625,2022
391,Feminino,2,-1,Ametista,5.0,5.1,8.1,10.0,7.5,8.056,7.117,7.6458333332,2022
391,Feminino,2,-1,Ametista,5.0,5.1,8.1,10.0,7.5,8.056,7.117,7.5,2022
392,Masculino,2,-2,Ágata,5.0,4.8,8.8,9.5,5.6,6.778,6.418,7.2604166666,2022
392,Masculino,2,-2,Ágata,5.0,4.8,8.8,9.5,5.6,6.778,6.418,6.09375,2022
392,Masculino,2,-2,Ágata,5.0,4.8,8.8,9.5,5.6,6.778,6.418,3.5,2022
393,Feminino,2,-4,Quartzo,2.5,4.6,5.4,10.0,5.0,6.778,5.518,7.21875,2022
394,Feminino,2,0,Ametista,10.0,5.9,8.6,9.5,7.5,8.444,7.897,6.90625,2022
395,Feminino,2,0,Ametista,10.0,4.9,8.9,9.0,7.5,8.333,7.683,7.34375,2022
395,Feminino,2,0,Ametista,10.0,4.9,8.9,9.0,7.5,8.333,7.683,7.96875,2022
395,Feminino,2,0,Ametista,10.0,4.9,8.9,9.0,7.5,8.333,7.683,7.25,2022
396,Masculino,2,-1,Ágata,5.0,5.6,8.0,9.0,6.3,6.556,6.556,7.229166666599999,2022
397,Feminino,2,-2,Quartzo,5.0,2.8,5.7,9.0,6.9,7.167,5.852,7.14375,2022
397,Feminino,2,-2,Quartzo,5.0,2.8,5.7,9.0,6.9,7.167,5.852,7.1875,2022
397,Feminino,2,-2,Quartzo,5.0,2.8,5.7,9.0,6.9,7.167,5.852,7.625,2022
398,Feminino,2,0,Ametista,10.0,5.5,9.3,9.0,7.5,7.5,7.742,6.9375,2022
398,Feminino,2,0,Ametista,10.0,5.5,9.3,9.0,7.5,7.5,7.742,7.5,2022
398,Feminino,2,0,Ametista,10.0,5.5,9.3,9.0,7.5,7.5,7.742,7.291666667,2022
399,Feminino,2,-1,Ágata,5.0,4.3,9.3,6.8,5.6,7.5,6.58,7.2604166666,2022
399,Feminino,2,-1,Ágata,5.0,4.3,9.3,6.8,5.6,7.5,6.58,7.5,2022
400,Masculino,2,-2,Ágata,5.0,1.7,8.5,9.0,5.0,7.444,6.042,7.7083333334,2022
400,Masculino,2,-2,Ágata,5.0,1.7,8.5,9.0,5.0,7.444,6.042,7.65625,2022
401,Feminino,2,-1,Ágata,5.0,4.3,9.6,6.9,7.5,6.722,6.645,6.5625,2022
401,Feminino,2,-1,Ágata,5.0,4.3,9.6,6.9,7.5,6.722,6.645,7.083333333,2022
401,Feminino,2,-1,Ágata,5.0,4.3,9.6,6.9,7.5,6.722,6.645,6.5625,2022
402,Feminino,2,-1,Quartzo,5.0,3.0,3.7,9.0,5.0,7.222,5.261,7.3,2022
402,Feminino,2,-1,Quartzo,5.0,3.0,3.7,9.0,5.0,7.222,5.261,7.8125,2022
402,Feminino,2,-1,Quartzo,5.0,3.0,3.7,9.0,5.0,7.222,5.261,6.354166667,2022
403,Masculino,2,-1,Ametista,5.0,6.3,9.3,9.5,7.5,7.5,7.455,7.2291666668,2022
403,Masculino,2,-1,Ametista,5.0,6.3,9.3,9.5,7.5,7.5,7.455,7.291666667,2022
403,Masculino,2,-1,Ametista,5.0,6.3,9.3,9.5,7.5,7.5,7.455,8.541666667,2022
404,Feminino,2,-1,Ágata,5.0,5.3,7.3,9.0,7.5,6.944,6.658,6.9166666668,2022
404,Feminino,2,-1,Ágata,5.0,5.3,7.3,9.0,7.5,6.944,6.658,6.875,2022
404,Feminino,2,-1,Ágata,5.0,5.3,7.3,9.0,7.5,6.944,6.658,7.5,2022
405,Masculino,2,-1,Quartzo,5.0,3.3,6.2,9.5,5.0,6.0,5.661,6.083333333400001,2022
406,Feminino,2,-1,Ametista,5.0,6.6,9.5,9.5,7.5,7.333,7.496,7.6354166666,2022
407,Masculino,2,-1,Ametista,5.0,6.0,9.3,8.5,7.5,7.056,7.195,6.9583333334,2022
407,Masculino,2,-1,Ametista,5.0,6.0,9.3,8.5,7.5,7.056,7.195,7.8125,2022
407,Masculino,2,-1,Ametista,5.0,6.0,9.3,8.5,7.5,7.056,7.195,7.96875,2022
408,Feminino,2,-1,Ágata,5.0,3.3,9.7,8.0,7.5,7.333,6.725,6.6041666666,2022
408,Feminino,2,-1,Ágata,5.0,3.3,9.7,8.0,7.5,7.333,6.725,8.333333333,2022
408,Feminino,2,-1,Ágata,5.0,3.3,9.7,8.0,7.5,7.333,6.725,7.083333333,2022
409,Feminino,2,0,Topázio,10.0,7.8,9.7,7.9,7.5,7.5,8.15,7.6354166666,2022
409,Feminino,2,0,Topázio,10.0,7.8,9.7,7.9,7.5,7.5,8.15,7.916666667,2022
409,Feminino,2,0,Topázio,10.0,7.8,9.7,7.9,7.5,7.5,8.15,7.916666667,2022
410,Masculino,2,-2,Quartzo,5.0,2.0,6.5,7.4,6.3,7.444,5.675,5.833333333400001,2022
410,Masculino,2,-2,Quartzo,5.0,2.0,6.5,7.4,6.3,7.444,5.675,6.71875,2022
411,Feminino,2,-1,Ametista,5.0,7.1,8.6,6.4,7.5,7.833,7.232,7.90625,2022
411,Feminino,2,-1,Ametista,5.0,7.1,8.6,6.4,7.5,7.833,7.232,7.8125,2022
411,Feminino,2,-1,Ametista,5.0,7.1,8.6,6.4,7.5,7.833,7.232,7.291666667,2022
412,Feminino,2,-1,Ametista,5.0,7.3,9.0,8.5,7.5,7.778,7.556,8.0625,2022
412,Feminino,2,-1,Ametista,5.0,7.3,9.0,8.5,7.5,7.778,7.556,7.03125,2022
412,Feminino,2,-1,Ametista,5.0,7.3,9.0,8.5,7.5,7.778,7.556,8.020833333,2022
413,Feminino,2,-1,Ágata,5.0,4.7,8.7,6.4,5.6,7.056,6.408,7.28125,2022
413,Feminino,2,-1,Ágata,5.0,4.7,8.7,6.4,5.6,7.056,6.408,7.291666667,2022
414,Feminino,2,-1,Ametista,5.0,5.9,9.3,8.0,7.5,7.667,7.284,7.9479166666,2022
414,Feminino,2,-1,Ametista,5.0,5.9,9.3,8.0,7.5,7.667,7.284,7.8125,2022
414,Feminino,2,-1,Ametista,5.0,5.9,9.3,8.0,7.5,7.667,7.284,6.25,2022
415,Feminino,2,0,Ametista,10.0,6.2,8.3,8.0,7.5,8.056,7.695,7.46875,2022
415,Feminino,2,0,Ametista,10.0,6.2,8.3,8.0,7.5,8.056,7.695,7.8125,2022
416,Masculino,2,-1,Ametista,5.0,7.2,9.3,9.5,8.8,8.222,7.913,7.875,2022
416,Masculino,2,-1,Ametista,5.0,7.2,9.3,9.5,8.8,8.222,7.913,8.28125,2022
416,Masculino,2,-1,Ametista,5.0,7.2,9.3,9.5,8.8,8.222,7.913,8.541666667,2022
417,Feminino,2,-1,Topázio,5.0,8.0,10.0,10.0,7.5,9.556,8.428,7.78125,2022
417,Feminino,2,-1,Topázio,5.0,8.0,10.0,10.0,7.5,9.556,8.428,8.28125,2022
417,Feminino,2,-1,Topázio,5.0,8.0,10.0,10.0,7.5,9.556,8.428,8.4375,2022
418,Feminino,2,0,Topázio,10.0,7.5,9.4,8.0,7.5,8.222,8.175,8.1041666666,2022
418,Feminino,2,0,Topázio,10.0,7.5,9.4,8.0,7.5,8.222,8.175,8.125,2022
418,Feminino,2,0,Topázio,10.0,7.5,9.4,8.0,7.5,8.222,8.175,8.229166667,2022
419,Feminino,2,-1,Ametista,5.0,6.9,9.2,7.5,5.6,8.389,7.359,7.989583333200001,2022
419,Feminino,2,-1,Ametista,5.0,6.9,9.2,7.5,5.6,8.389,7.359,8.125,2022
419,Feminino,2,-1,Ametista,5.0,6.9,9.2,7.5,5.6,8.389,7.359,8.020833333,2022
420,Feminino,2,0,Ametista,10.0,4.5,9.0,9.5,5.6,8.0,7.461,7.8125,2022
420,Feminino,2,0,Ametista,10.0,4.5,9.0,9.5,5.6,8.0,7.461,7.65625,2022
420,Feminino,2,0,Ametista,10.0,4.5,9.0,9.5,5.6,8.0,7.461,7.8125,2022
421,Masculino,2,0,Topázio,10.0,8.8,9.3,8.5,7.5,9.111,8.717,8.1145833334,2022
421,Masculino,2,0,Topázio,10.0,8.8,9.3,8.5,7.5,9.111,8.717,7.8125,2022
421,Masculino,2,0,Topázio,10.0,8.8,9.3,8.5,7.5,9.111,8.717,9.0625,2022
422,Masculino,2,-1,Ágata,5.0,2.5,10.0,8.5,7.5,7.5,6.746,7.041666666599999,2022
422,Masculino,2,-1,Ágata,5.0,2.5,10.0,8.5,7.5,7.5,6.746,6.666666667,2022
422,Masculino,2,-1,Ágata,5.0,2.5,10.0,8.5,7.5,7.5,6.746,6.458333333,2022
423,Feminino,2,-1,Ágata,5.0,2.3,9.6,8.4,7.5,7.667,6.647,7.1666666666,2022
423,Feminino,2,-1,Ágata,5.0,2.3,9.6,8.4,7.5,7.667,6.647,7.083333333,2022
423,Feminino,2,-1,Ágata,5.0,2.3,9.6,8.4,7.5,7.667,6.647,6.875,2022
424,Feminino,2,-1,Ametista,5.0,7.5,10.0,9.0,7.5,8.222,7.94,7.9479166666,2022
424,Feminino,2,-1,Ametista,5.0,7.5,10.0,9.0,7.5,8.222,7.94,7.8125,2022
424,Feminino,2,-1,Ametista,5.0,7.5,10.0,9.0,7.5,8.222,7.94,7.34375,2022
425,Masculino,2,-1,Topázio,5.0,9.0,10.0,9.0,7.5,7.5,8.117,8.1249999998,2022
425,Masculino,2,-1,Topázio,5.0,9.0,10.0,9.0,7.5,7.5,8.117,7.8125,2022
425,Masculino,2,-1,Topázio,5.0,9.0,10.0,9.0,7.5,7.5,8.117,8.229166667,2022
426,Feminino,2,-2,Ágata,5.0,4.6,6.5,9.0,7.5,7.111,6.35,7.09375,2022
426,Feminino,2,-2,Ágata,5.0,4.6,6.5,9.0,7.5,7.111,6.35,7.65625,2022
426,Feminino,2,-2,Ágata,5.0,4.6,6.5,9.0,7.5,7.111,6.35,7.65625,2022
427,Masculino,2,-1,Ágata,5.0,2.5,8.5,8.0,7.5,6.778,6.245,6.6458333332,2022
428,Masculino,2,-1,Ametista,5.0,9.5,8.7,6.8,7.5,7.111,7.683,7.2916666666,2022
428,Masculino,2,-1,Ametista,5.0,9.5,8.7,6.8,7.5,7.111,7.683,7.8125,2022
428,Masculino,2,-1,Ametista,5.0,9.5,8.7,6.8,7.5,7.111,7.683,7.5,2022
429,Masculino,2,-1,Quartzo,5.0,2.7,5.3,10.0,7.5,6.611,5.811,6.875,2022
430,Masculino,2,-1,Ametista,5.0,8.5,8.6,9.5,7.5,6.611,7.585,6.520833333400001,2022
430,Masculino,2,-1,Ametista,5.0,8.5,8.6,9.5,7.5,6.611,7.585,7.8125,2022
431,Masculino,2,0,Ametista,10.0,4.5,8.1,9.0,7.5,6.778,7.175,7.3229166666,2022
432,Feminino,2,-2,Ágata,5.0,5.1,6.8,10.0,5.0,6.611,6.34,6.833333333400001,2022
432,Feminino,2,-2,Ágata,5.0,5.1,6.8,10.0,5.0,6.611,6.34,7.8125,2022
432,Feminino,2,-2,Ágata,5.0,5.1,6.8,10.0,5.0,6.611,6.34,7.34375,2022
433,Masculino,2,-1,Quartzo,5.0,2.6,7.3,8.5,5.0,5.778,5.557,6.083333333400001,2022
433,Masculino,2,-1,Quartzo,5.0,2.6,7.3,8.5,5.0,5.778,5.557,5.833333333,2022
433,Masculino,2,-1,Quartzo,5.0,2.6,7.3,8.5,5.0,5.778,5.557,6.875,2022
434,Masculino,2,0,Ametista,10.0,5.7,8.1,9.0,7.5,6.778,7.403,7.0833333332,2022
434,Masculino,2,0,Ametista,10.0,5.7,8.1,9.0,7.5,6.778,7.403,7.5,2022
434,Masculino,2,0,Ametista,10.0,5.7,8.1,9.0,7.5,6.778,7.403,7.291666667,2022
435,Feminino,2,0,Ágata,10.0,4.7,6.2,7.9,7.5,6.444,6.599,6.9895833334,2022
436,Masculino,2,0,Ágata,10.0,2.0,8.1,9.5,7.5,6.611,6.687,6.166666666599999,2022
436,Masculino,2,0,Ágata,10.0,2.0,8.1,9.5,7.5,6.611,6.687,6.875,2022
437,Masculino,2,-1,Ágata,5.0,5.8,8.3,8.5,7.5,6.611,6.875,6.729166666599999,2022
437,Masculino,2,-1,Ágata,5.0,5.8,8.3,8.5,7.5,6.611,6.875,7.291666667,2022
438,Masculino,2,0,Ametista,10.0,7.3,8.7,8.0,7.5,6.889,7.764,7.3333333332,2022
438,Masculino,2,0,Ametista,10.0,7.3,8.7,8.0,7.5,6.889,7.764,6.458333333,2022
438,Masculino,2,0,Ametista,10.0,7.3,8.7,8.0,7.5,6.889,7.764,7.96875,2022
439,Masculino,2,-1,Quartzo,5.0,2.3,4.9,9.0,7.5,6.5,5.519,6.875,2022
440,Masculino,2,0,Ametista,10.0,5.5,9.0,9.5,6.9,5.833,7.329,6.6666666666,2022
440,Masculino,2,0,Ametista,10.0,5.5,9.0,9.5,6.9,5.833,7.329,7.96875,2022
441,Feminino,2,0,Topázio,10.0,8.0,7.9,9.0,7.5,8.333,8.188,7.9583333334,2022
442,Feminino,2,0,Topázio,10.0,7.5,8.2,10.0,7.5,8.222,8.226,7.7916666666,2022
442,Feminino,2,0,Topázio,10.0,7.5,8.2,10.0,7.5,8.222,8.226,7.5,2022
442,Feminino,2,0,Topázio,10.0,7.5,8.2,10.0,7.5,8.222,8.226,7.5,2022
443,Feminino,2,-1,Ametista,5.0,5.6,9.1,9.0,7.5,8.5,7.482,7.90625,2022
443,Feminino,2,-1,Ametista,5.0,5.6,9.1,9.0,7.5,8.5,7.482,7.96875,2022
444,Masculino,2,0,Ágata,10.0,3.1,7.2,9.0,5.0,7.778,6.665,6.635416666599999,2022
444,Masculino,2,0,Ágata,10.0,3.1,7.2,9.0,5.0,7.778,6.665,6.40625,2022
444,Masculino,2,0,Ágata,10.0,3.1,7.2,9.0,5.0,7.778,6.665,6.25,2022
445,Masculino,2,-1,Ágata,5.0,3.8,9.4,9.0,7.5,7.5,6.924,6.6666666666,2022
445,Masculino,2,-1,Ágata,5.0,3.8,9.4,9.0,7.5,7.5,6.924,8.541666667,2022
445,Masculino,2,-1,Ágata,5.0,3.8,9.4,9.0,7.5,7.5,6.924,7.8125,2022
446,Feminino,2,-1,Ametista,5.0,6.9,8.9,9.5,5.0,7.889,7.367,7.375,2022
447,Feminino,2,0,Quartzo,10.0,3.5,7.0,0.0,7.5,5.556,5.607,7.46875,2022
448,Feminino,2,0,Ametista,10.0,5.5,9.7,9.0,7.5,8.111,7.972,6.9375,2022
449,Feminino,2,-1,Ágata,5.0,7.0,6.0,0.0,7.5,8.111,6.143,7.8958333334,2022
449,Feminino,2,-1,Ágata,5.0,7.0,6.0,0.0,7.5,8.111,6.143,7.34375,2022
450,Masculino,2,-1,Ametista,5.0,7.5,9.1,10.0,7.5,8.111,7.843,8.0833333334,2022
450,Masculino,2,-1,Ametista,5.0,7.5,9.1,10.0,7.5,8.111,7.843,7.65625,2022
450,Masculino,2,-1,Ametista,5.0,7.5,9.1,10.0,7.5,8.111,7.843,7.8125,2022
451,Feminino,2,-1,Ágata,5.0,6.1,6.0,9.0,6.3,6.889,6.434,7.3750000002,2022
451,Feminino,2,-1,Ágata,5.0,6.1,6.0,9.0,6.3,6.889,6.434,9.375,2022
452,Feminino,2,-1,Ágata,5.0,4.8,5.6,9.0,7.5,7.167,6.287,7.5625000002,2022
453,Feminino,2,-1,Ametista,5.0,8.8,8.7,9.0,7.5,7.778,7.845,8.0208333334,2022
454,Masculino,2,-2,Quartzo,5.0,2.3,8.6,9.5,5.0,5.444,5.561,6.0625,2022
454,Masculino,2,-2,Quartzo,5.0,2.3,8.6,9.5,5.0,5.444,5.561,4.6875,2022
454,Masculino,2,-2,Quartzo,5.0,2.3,8.6,9.5,5.0,5.444,5.561,5.416666667,2022
455,Feminino,2,-1,Ágata,5.0,6.3,7.9,7.0,7.5,7.278,6.876,7.3020833334,2022
455,Feminino,2,-1,Ágata,5.0,6.3,7.9,7.0,7.5,7.278,6.876,8.333333333,2022
456,Feminino,2,-1,Ametista,5.0,7.3,8.2,6.4,6.3,8.389,7.193,8.0729166666,2022
456,Feminino,2,-1,Ametista,5.0,7.3,8.2,6.4,6.3,8.389,7.193,9.583333333,2022
456,Feminino,2,-1,Ametista,5.0,7.3,8.2,6.4,6.3,8.389,7.193,9.166666667,2022
457,Feminino,2,-1,Ametista,5.0,8.5,8.8,8.0,7.5,7.667,7.68,7.7083333334,2022
457,Feminino,2,-1,Ametista,5.0,8.5,8.8,8.0,7.5,7.667,7.68,8.125,2022
457,Feminino,2,-1,Ametista,5.0,8.5,8.8,8.0,7.5,7.667,7.68,9.6875,2022
458,Masculino,2,-1,Ágata,5.0,5.6,7.7,8.0,7.5,5.833,6.512,6.71875,2022
458,Masculino,2,-1,Ágata,5.0,5.6,7.7,8.0,7.5,5.833,6.512,7.1875,2022
458,Masculino,2,-1,Ágata,5.0,5.6,7.7,8.0,7.5,5.833,6.512,7.03125,2022
459,Masculino,2,-1,Ametista,5.0,7.3,9.1,7.0,8.1,7.222,7.28,6.708333333400001,2022
459,Masculino,2,-1,Ametista,5.0,7.3,9.1,7.0,8.1,7.222,7.28,7.1875,2022
459,Masculino,2,-1,Ametista,5.0,7.3,9.1,7.0,8.1,7.222,7.28,7.8125,2022
460,Masculino,2,-1,Quartzo,5.0,3.3,8.1,6.8,7.5,5.056,5.711,6.3854166668,2022
461,Feminino,2,-1,Quartzo,5.0,3.8,6.7,0.0,7.5,7.222,5.451,7.28125,2022
461,Feminino,2,-1,Quartzo,5.0,3.8,6.7,0.0,7.5,7.222,5.451,8.541666667,2022
461,Feminino,2,-1,Quartzo,5.0,3.8,6.7,0.0,7.5,7.222,5.451,7.708333333,2022
462,Masculino,2,-2,Ágata,5.0,3.6,8.5,10.0,7.5,6.778,6.626,6.8333333334,2022
462,Masculino,2,-2,Ágata,5.0,3.6,8.5,10.0,7.5,6.778,6.626,7.5,2022
463,Feminino,2,-1,Ágata,5.0,2.5,7.8,10.0,7.5,7.389,6.41,7.1666666666,2022
463,Feminino,2,-1,Ágata,5.0,2.5,7.8,10.0,7.5,7.389,6.41,7.8125,2022
464,Feminino,2,-1,Ágata,5.0,4.8,8.0,7.5,7.5,7.722,6.745,7.4479166666,2022
464,Feminino,2,-1,Ágata,5.0,4.8,8.0,7.5,7.5,7.722,6.745,7.96875,2022
464,Feminino,2,-1,Ágata,5.0,4.8,8.0,7.5,7.5,7.722,6.745,7.1875,2022
465,Masculino,2,0,Ametista,10.0,7.8,7.9,8.0,7.5,8.444,8.012,7.40625,2022
465,Masculino,2,0,Ametista,10.0,7.8,7.9,8.0,7.5,8.444,8.012,7.96875,2022
466,Masculino,2,-1,Ágata,5.0,3.3,9.7,8.5,7.5,7.556,6.826,6.7916666666,2022
466,Masculino,2,-1,Ágata,5.0,3.3,9.7,8.5,7.5,7.556,6.826,6.25,2022
466,Masculino,2,-1,Ágata,5.0,3.3,9.7,8.5,7.5,7.556,6.826,7.5,2022
467,Feminino,2,-1,Ágata,5.0,5.5,8.4,5.8,5.0,7.111,6.38,7.3020833334,2022
467,Feminino,2,-1,Ágata,5.0,5.5,8.4,5.8,5.0,7.111,6.38,7.1875,2022
467,Feminino,2,-1,Ágata,5.0,5.5,8.4,5.8,5.0,7.111,6.38,7.34375,2022
468,Masculino,2,-1,Ágata,5.0,4.1,6.7,9.5,7.5,6.722,6.313,6.8958333332,2022
468,Masculino,2,-1,Ágata,5.0,4.1,6.7,9.5,7.5,6.722,6.313,7.34375,2022
469,Feminino,2,0,Ametista,10.0,5.7,9.6,9.0,5.0,7.833,7.624,7.78125,2022
469,Feminino,2,0,Ametista,10.0,5.7,9.6,9.0,5.0,7.833,7.624,7.916666667,2022
469,Feminino,2,0,Ametista,10.0,5.7,9.6,9.0,5.0,7.833,7.624,7.291666667,2022
470,Feminino,2,-1,Ametista,5.0,6.3,9.7,8.0,7.5,7.5,7.378,7.9479166666,2022
470,Feminino,2,-1,Ametista,5.0,6.3,9.7,8.0,7.5,7.5,7.378,7.5,2022
470,Feminino,2,-1,Ametista,5.0,6.3,9.7,8.0,7.5,7.5,7.378,7.03125,2022
471,Feminino,2,-1,Ágata,5.0,6.3,8.5,3.5,5.0,8.056,6.535,7.635416666599999,2022
471,Feminino,2,-1,Ágata,5.0,6.3,8.5,3.5,5.0,8.056,6.535,7.96875,2022
471,Feminino,2,-1,Ágata,5.0,6.3,8.5,3.5,5.0,8.056,6.535,7.708333333,2022
472,Feminino,2,-1,Quartzo,5.0,2.0,7.0,9.0,7.5,7.056,5.93,7.3625,2022
472,Feminino,2,-1,Quartzo,5.0,2.0,7.0,9.0,7.5,7.056,5.93,7.708333333,2022
472,Feminino,2,-1,Quartzo,5.0,2.0,7.0,9.0,7.5,7.056,5.93,6.25,2022
473,Masculino,2,-1,Quartzo,5.0,4.3,6.1,8.0,7.5,5.889,5.915,6.729166666599999,2022
474,Masculino,2,-1,Ágata,5.0,3.0,9.1,9.5,7.5,6.0,6.446,6.7083333332,2022
474,Masculino,2,-1,Ágata,5.0,3.0,9.1,9.5,7.5,6.0,6.446,7.1875,2022
474,Masculino,2,-1,Ágata,5.0,3.0,9.1,9.5,7.5,6.0,6.446,7.1875,2022
475,Feminino,2,-1,Ametista,5.0,5.8,9.2,8.5,7.5,7.667,7.199,7.9479166666,2022
476,Feminino,2,-1,Ágata,5.0,5.5,9.3,9.0,4.4,7.556,6.931,7.3020833334,2022
476,Feminino,2,-1,Ágata,5.0,5.5,9.3,9.0,4.4,7.556,6.931,7.34375,2022
476,Feminino,2,-1,Ágata,5.0,5.5,9.3,9.0,4.4,7.556,6.931,6.25,2022
477,Masculino,2,-1,Quartzo,5.0,0.7,5.0,0.0,5.6,4.5,3.633,6.2020833334,2022
478,Feminino,2,-1,Ágata,5.0,4.9,9.1,8.5,5.6,7.056,6.709,6.729166666599999,2022
478,Feminino,2,-1,Ágata,5.0,4.9,9.1,8.5,5.6,7.056,6.709,7.1875,2022
479,Masculino,1,-1,Topázio,5.0,9.8,9.2,8.0,7.5,9.5,8.465,9.0208333334,2022
479,Masculino,1,-1,Topázio,5.0,9.8,9.2,8.0,7.5,9.5,8.465,9.791666667,2022
479,Masculino,1,-1,Topázio,5.0,9.8,9.2,8.0,7.5,9.5,8.465,9.375,2022
480,Feminino,1,-1,Ametista,5.0,6.3,8.8,9.0,7.5,8.444,7.502,8.1041666666,2022
480,Feminino,1,-1,Ametista,5.0,6.3,8.8,9.0,7.5,8.444,7.502,7.96875,2022
480,Feminino,1,-1,Ametista,5.0,6.3,8.8,9.0,7.5,8.444,7.502,7.8125,2022
481,Masculino,1,0,Ametista,10.0,5.2,8.0,9.0,7.5,6.889,7.21,6.8333333332,2022
482,Masculino,1,-1,Ágata,5.0,5.5,7.9,10.0,7.5,6.833,6.866,6.604166666599999,2022
483,Feminino,1,-1,Quartzo,5.0,2.4,4.8,9.0,5.0,6.833,5.263,7.5916666666,2022
483,Feminino,1,-1,Quartzo,5.0,2.4,4.8,9.0,5.0,6.833,5.263,7.916666667,2022
483,Feminino,1,-1,Quartzo,5.0,2.4,4.8,9.0,5.0,6.833,5.263,8.125,2022
484,Masculino,1,-1,Ágata,5.0,6.5,8.7,9.5,5.0,6.389,6.71,6.4479166666,2022
484,Masculino,1,-1,Ágata,5.0,6.5,8.7,9.5,5.0,6.389,6.71,5.416666667,2022
484,Masculino,1,-1,Ágata,5.0,6.5,8.7,9.5,5.0,6.389,6.71,3.4375,2022
485,Masculino,1,-1,Quartzo,5.0,1.2,4.0,9.5,7.5,5.444,4.742,6.8270833334,2022
486,Feminino,1,-1,Ametista,5.0,7.3,9.9,10.0,7.5,7.222,7.621,7.59375,2022
486,Feminino,1,-1,Ametista,5.0,7.3,9.9,10.0,7.5,7.222,7.621,7.5,2022
487,Feminino,1,-1,Topázio,5.0,9.6,9.7,7.5,7.5,9.333,8.417,8.6875,2022
487,Feminino,1,-1,Topázio,5.0,9.6,9.7,7.5,7.5,9.333,8.417,9.166666667,2022
487,Feminino,1,-1,Topázio,5.0,9.6,9.7,7.5,7.5,9.333,8.417,9.0625,2022
488,Feminino,1,-1,Ametista,5.0,7.3,8.8,8.5,7.5,7.722,7.413,8.0729166666,2022
489,Feminino,1,0,Quartzo,10.0,0.0,7.2,9.0,7.5,6.5,5.853,7.59375,2022
490,Feminino,1,-1,Ametista,5.0,7.7,8.2,7.9,7.5,8.722,7.576,8.34375,2022
490,Feminino,1,-1,Ametista,5.0,7.7,8.2,7.9,7.5,8.722,7.576,8.541666667,2022
490,Feminino,1,-1,Ametista,5.0,7.7,8.2,7.9,7.5,8.722,7.576,7.8125,2022
491,Masculino,1,-1,Ametista,5.0,7.0,9.7,7.5,7.5,7.722,7.461,7.2916666666,2022
491,Masculino,1,-1,Ametista,5.0,7.0,9.7,7.5,7.5,7.722,7.461,7.708333333,2022
491,Masculino,1,-1,Ametista,5.0,7.0,9.7,7.5,7.5,7.722,7.461,7.083333333,2022
492,Feminino,1,-1,Ametista,5.0,7.1,8.8,10.0,7.5,8.278,7.678,7.9166666666,2022
493,Feminino,1,0,Topázio,10.0,7.2,9.4,10.0,7.5,8.278,8.306,8.1041666666,2022
493,Feminino,1,0,Topázio,10.0,7.2,9.4,10.0,7.5,8.278,8.306,8.541666667,2022
493,Feminino,1,0,Topázio,10.0,7.2,9.4,10.0,7.5,8.278,8.306,7.03125,2022
494,Feminino,1,-1,Ágata,5.0,5.8,8.3,6.4,5.0,6.944,6.407,6.8645833334,2022
494,Feminino,1,-1,Ágata,5.0,5.8,8.3,6.4,5.0,6.944,6.407,7.708333333,2022
494,Feminino,1,-1,Ágata,5.0,5.8,8.3,6.4,5.0,6.944,6.407,7.8125,2022
495,Masculino,1,-1,Ametista,5.0,8.4,8.9,9.0,7.5,8.056,7.857,7.2916666666,2022
495,Masculino,1,-1,Ametista,5.0,8.4,8.9,9.0,7.5,8.056,7.857,8.541666667,2022
496,Masculino,1,-1,Ágata,5.0,5.7,6.8,8.5,7.5,7.556,6.683,6.875,2022
496,Masculino,1,-1,Ágata,5.0,5.7,6.8,8.5,7.5,7.556,6.683,7.916666667,2022
496,Masculino,1,-1,Ágata,5.0,5.7,6.8,8.5,7.5,7.556,6.683,6.71875,2022
497,Feminino,1,-2,Ágata,5.0,5.1,9.2,6.9,5.0,5.833,6.323,6.25,2022
497,Feminino,1,-2,Ágata,5.0,5.1,9.2,6.9,5.0,5.833,6.323,6.25,2022
497,Feminino,1,-2,Ágata,5.0,5.1,9.2,6.9,5.0,5.833,6.323,5.625,2022
498,Feminino,1,-1,Ametista,5.0,8.8,8.8,8.5,7.5,7.556,7.7,7.75,2022
499,Masculino,1,-1,Ametista,5.0,8.2,10.0,8.5,7.5,7.444,7.826,6.125,2022
499,Masculino,1,-1,Ametista,5.0,8.2,10.0,8.5,7.5,7.444,7.826,8.75,2022
499,Masculino,1,-1,Ametista,5.0,8.2,10.0,8.5,7.5,7.444,7.826,7.1875,2022
500,Feminino,1,-1,Topázio,5.0,9.5,10.0,9.0,7.5,7.889,8.232,8.1354166666,2022
500,Feminino,1,-1,Topázio,5.0,9.5,10.0,9.0,7.5,7.889,8.232,8.958333333,2022
500,Feminino,1,-1,Topázio,5.0,9.5,10.0,9.0,7.5,7.889,8.232,8.59375,2022
501,Masculino,1,0,Ametista,10.0,6.8,8.8,8.5,7.5,7.333,7.794,6.3645833332,2022
501,Masculino,1,0,Ametista,10.0,6.8,8.8,8.5,7.5,7.333,7.794,8.541666667,2022
501,Masculino,1,0,Ametista,10.0,6.8,8.8,8.5,7.5,7.333,7.794,8.4375,2022
502,Feminino,1,1,Topázio,10.0,7.4,9.7,9.5,7.5,7.778,8.287,7.7291666666,2022
502,Feminino,1,1,Topázio,10.0,7.4,9.7,9.5,7.5,7.778,8.287,7.96875,2022
502,Feminino,1,1,Topázio,10.0,7.4,9.7,9.5,7.5,7.778,8.287,9.0625,2022
503,Masculino,1,-1,Ametista,5.0,8.8,10.0,8.5,7.5,7.5,7.95,6.9999999998,2022
503,Masculino,1,-1,Ametista,5.0,8.8,10.0,8.5,7.5,7.5,7.95,8.75,2022
503,Masculino,1,-1,Ametista,5.0,8.8,10.0,8.5,7.5,7.5,7.95,7.8125,2022
504,Feminino,1,0,Topázio,10.0,8.0,8.9,8.5,7.5,7.556,8.072,7.5,2022
504,Feminino,1,0,Topázio,10.0,8.0,8.9,8.5,7.5,7.556,8.072,7.5,2022
505,Feminino,1,-1,Ametista,5.0,8.4,8.0,9.5,7.5,7.556,7.591,8.03125,2022
506,Masculino,1,-2,Ametista,5.0,7.2,7.3,9.5,7.5,7.278,7.132,6.25,2022
506,Masculino,1,-2,Ametista,5.0,7.2,7.3,9.5,7.5,7.278,7.132,8.958333333,2022
507,Feminino,1,-1,Ametista,5.0,7.4,10.0,8.5,7.5,7.222,7.653,7.875,2022
508,Masculino,1,-1,Ágata,5.0,4.5,7.4,8.0,7.5,7.556,6.575,6.6249999998,2022
508,Masculino,1,-1,Ágata,5.0,4.5,7.4,8.0,7.5,7.556,6.575,8.333333333,2022
508,Masculino,1,-1,Ágata,5.0,4.5,7.4,8.0,7.5,7.556,6.575,7.65625,2022
509,Feminino,1,-2,Ametista,5.0,9.2,8.2,9.0,7.5,7.833,7.808,7.5625,2022
509,Feminino,1,-2,Ametista,5.0,9.2,8.2,9.0,7.5,7.833,7.808,8.958333333,2022
509,Feminino,1,-2,Ametista,5.0,9.2,8.2,9.0,7.5,7.833,7.808,8.28125,2022
510,Masculino,1,-2,Ametista,5.0,7.1,9.3,8.0,7.5,7.056,7.336,7.1458333334,2022
511,Feminino,1,-1,Ametista,5.0,5.3,10.0,8.0,7.5,7.056,7.094,7.3333333332,2022
512,Feminino,1,-1,Ametista,5.0,6.2,9.3,9.0,7.5,7.722,7.365,7.875,2022
513,Masculino,1,0,Topázio,10.0,8.3,9.6,9.0,5.6,7.778,8.229,7.5625,2022
513,Masculino,1,0,Topázio,10.0,8.3,9.6,9.0,5.6,7.778,8.229,8.541666667,2022
513,Masculino,1,0,Topázio,10.0,8.3,9.6,9.0,5.6,7.778,8.229,9.0625,2022
514,Feminino,1,0,Ametista,10.0,4.8,9.7,8.0,7.5,5.889,7.039,6.5,2022
514,Feminino,1,0,Ametista,10.0,4.8,9.7,8.0,7.5,5.889,7.039,5.0,2022
514,Feminino,1,0,Ametista,10.0,4.8,9.7,8.0,7.5,5.889,7.039,5.625,2022
515,Masculino,1,-2,Ágata,5.0,5.8,6.3,8.0,7.5,7.556,6.582,6.3333333332,2022
516,Masculino,1,0,Topázio,10.0,9.9,9.7,10.0,7.5,8.056,8.903,7.90625,2022
516,Masculino,1,0,Topázio,10.0,9.9,9.7,10.0,7.5,8.056,8.903,8.75,2022
516,Masculino,1,0,Topázio,10.0,9.9,9.7,10.0,7.5,8.056,8.903,8.541666667,2022
517,Feminino,1,-2,Ametista,5.0,7.7,9.5,6.9,7.5,7.833,7.604,7.9479166666,2022
517,Feminino,1,-2,Ametista,5.0,7.7,9.5,6.9,7.5,7.833,7.604,6.875,2022
517,Feminino,1,-2,Ametista,5.0,7.7,9.5,6.9,7.5,7.833,7.604,6.041666667,2022
518,Masculino,1,-1,Ametista,5.0,7.5,9.4,9.0,7.5,7.5,7.661,6.5208333334,2022
518,Masculino,1,-1,Ametista,5.0,7.5,9.4,9.0,7.5,7.5,7.661,8.125,2022
518,Masculino,1,-1,Ametista,5.0,7.5,9.4,9.0,7.5,7.5,7.661,7.083333333,2022
519,Masculino,1,0,Ametista,10.0,7.5,9.6,7.4,7.5,7.333,8.0,6.4166666666,2022
519,Masculino,1,0,Ametista,10.0,7.5,9.6,7.4,7.5,7.333,8.0,7.708333333,2022
520,Feminino,1,-1,Ametista,5.0,6.8,6.8,10.0,7.5,7.278,7.035,7.4791666666,2022
521,Masculino,1,0,Ametista,10.0,6.0,10.0,9.0,5.0,7.5,7.725,7.7916666666,2022
521,Masculino,1,0,Ametista,10.0,6.0,10.0,9.0,5.0,7.5,7.725,7.083333333,2022
521,Masculino,1,0,Ametista,10.0,6.0,10.0,9.0,5.0,7.5,7.725,6.666666667,2022
522,Masculino,1,0,Topázio,10.0,7.5,9.1,9.5,7.5,8.167,8.306,7.7083333334,2022
522,Masculino,1,0,Topázio,10.0,7.5,9.1,9.5,7.5,8.167,8.306,7.083333333,2022
522,Masculino,1,0,Topázio,10.0,7.5,9.1,9.5,7.5,8.167,8.306,8.4375,2022
523,Feminino,1,-1,Ametista,5.0,6.5,9.5,10.0,7.5,7.556,7.591,7.5625,2022
524,Masculino,1,-1,Ágata,5.0,9.1,9.4,0.0,5.0,8.056,6.947,7.8958333332,2022
524,Masculino,1,-1,Ágata,5.0,9.1,9.4,0.0,5.0,8.056,6.947,8.333333333,2022
524,Masculino,1,-1,Ágata,5.0,9.1,9.4,0.0,5.0,8.056,6.947,8.333333333,2022
525,Feminino,1,-1,Ametista,5.0,8.6,9.3,9.0,7.5,8.167,8.013,8.0625,2022
525,Feminino,1,-1,Ametista,5.0,8.6,9.3,9.0,7.5,8.167,8.013,8.958333333,2022
526,Masculino,1,-2,Topázio,5.0,8.0,9.9,10.0,7.5,8.167,8.079,8.2187499998,2022
526,Masculino,1,-2,Topázio,5.0,8.0,9.9,10.0,7.5,8.167,8.079,8.75,2022
526,Masculino,1,-2,Topázio,5.0,8.0,9.9,10.0,7.5,8.167,8.079,7.291666667,2022
527,Feminino,1,0,Ametista,10.0,6.5,10.0,8.5,7.5,7.5,8.025,6.4375,2022
527,Feminino,1,0,Ametista,10.0,6.5,10.0,8.5,7.5,7.5,8.025,7.5,2022
527,Feminino,1,0,Ametista,10.0,6.5,10.0,8.5,7.5,7.5,8.025,8.125,2022
528,Masculino,1,-1,Quartzo,5.0,4.0,6.2,0.0,7.5,6.944,5.335,6.8750000002,2022
528,Masculino,1,-1,Quartzo,5.0,4.0,6.2,0.0,7.5,6.944,5.335,8.75,2022
528,Masculino,1,-1,Quartzo,5.0,4.0,6.2,0.0,7.5,6.944,5.335,7.291666667,2022
529,Masculino,1,-2,Ágata,5.0,5.2,8.9,8.5,5.0,6.556,6.51,6.71875,2022
529,Masculino,1,-2,Ágata,5.0,5.2,8.9,8.5,5.0,6.556,6.51,5.78125,2022
529,Masculino,1,-2,Ágata,5.0,5.2,8.9,8.5,5.0,6.556,6.51,4.791666667,2022
530,Masculino,1,-1,Topázio,5.0,8.9,9.0,10.0,7.5,9.056,8.338,8.8854166666,2022
530,Masculino,1,-1,Topázio,5.0,8.9,9.0,10.0,7.5,9.056,8.338,7.708333333,2022
530,Masculino,1,-1,Topázio,5.0,8.9,9.0,10.0,7.5,9.056,8.338,7.083333333,2022
531,Masculino,1,-1,Ametista,5.0,7.8,9.8,9.5,7.5,8.167,8.057,6.9375,2022
531,Masculino,1,-1,Ametista,5.0,7.8,9.8,9.5,7.5,8.167,8.057,8.75,2022
531,Masculino,1,-1,Ametista,5.0,7.8,9.8,9.5,7.5,8.167,8.057,7.96875,2022
532,Feminino,1,0,Ametista,10.0,5.5,9.7,9.5,7.5,7.167,7.792,6.5,2022
533,Masculino,1,-1,Ágata,5.0,6.0,8.8,8.5,5.6,7.333,6.962,6.9270833332,2022
533,Masculino,1,-1,Ágata,5.0,6.0,8.8,8.5,5.6,7.333,6.962,7.5,2022
534,Feminino,1,-2,Ametista,5.0,7.1,7.4,9.0,7.5,7.333,7.131,7.2916666666,2022
534,Feminino,1,-2,Ametista,5.0,7.1,7.4,9.0,7.5,7.333,7.131,8.125,2022
534,Feminino,1,-2,Ametista,5.0,7.1,7.4,9.0,7.5,7.333,7.131,7.5,2022
535,Feminino,1,-1,Ágata,5.0,5.1,9.2,9.0,7.5,6.917,6.953,6.3125,2022
535,Feminino,1,-1,Ágata,5.0,5.1,9.2,9.0,7.5,6.917,6.953,8.125,2022
535,Feminino,1,-1,Ágata,5.0,5.1,9.2,9.0,7.5,6.917,6.953,7.96875,2022
536,Feminino,1,-1,Ametista,5.0,6.0,8.9,9.5,5.6,7.75,7.106,7.5520833332,2022
536,Feminino,1,-1,Ametista,5.0,6.0,8.9,9.5,5.6,7.75,7.106,8.333333333,2022
536,Feminino,1,-1,Ametista,5.0,6.0,8.9,9.5,5.6,7.75,7.106,7.1875,2022
537,Masculino,1,-1,Ágata,5.0,4.8,9.0,9.5,4.4,7.167,6.641,6.166666666599999,2022
538,Masculino,1,-2,Ágata,5.0,6.8,7.5,8.5,5.6,5.583,6.309,6.5625,2022
538,Masculino,1,-2,Ágata,5.0,6.8,7.5,8.5,5.6,5.583,6.309,7.916666667,2022
538,Masculino,1,-2,Ágata,5.0,6.8,7.5,8.5,5.6,5.583,6.309,5.625,2022
539,Feminino,1,-1,Ametista,5.0,7.5,9.3,8.5,6.9,8.417,7.665,8.1875,2022
539,Feminino,1,-1,Ametista,5.0,7.5,9.3,8.5,6.9,8.417,7.665,9.166666667,2022
539,Feminino,1,-1,Ametista,5.0,7.5,9.3,8.5,6.9,8.417,7.665,8.75,2022
540,Feminino,1,-1,Ametista,5.0,7.0,9.5,8.5,5.6,7.5,7.303,7.5104166666,2022
540,Feminino,1,-1,Ametista,5.0,7.0,9.5,8.5,5.6,7.5,7.303,8.958333333,2022
541,Masculino,1,-3,Quartzo,2.5,2.5,7.8,10.0,6.9,5.0,5.427,5.625,2022
542,Feminino,1,-1,Ametista,5.0,6.5,9.8,8.0,6.3,7.417,7.221,7.1770833332,2022
542,Feminino,1,-1,Ametista,5.0,6.5,9.8,8.0,6.3,7.417,7.221,8.75,2022
542,Feminino,1,-1,Ametista,5.0,6.5,9.8,8.0,6.3,7.417,7.221,7.03125,2022
543,Feminino,1,-1,Ametista,5.0,6.5,9.8,8.5,4.4,7.167,7.05,7.1875,2022
543,Feminino,1,-1,Ametista,5.0,6.5,9.8,8.5,4.4,7.167,7.05,8.75,2022
543,Feminino,1,-1,Ametista,5.0,6.5,9.8,8.5,4.4,7.167,7.05,8.90625,2022
544,Masculino,1,-1,Ágata,5.0,3.3,9.7,9.5,5.6,6.0,6.307,6.4166666666,2022
545,Masculino,1,-2,Ágata,5.0,5.5,6.6,9.5,7.5,7.5,6.723,6.4895833332,2022
546,Feminino,1,-1,Ágata,5.0,5.6,7.9,9.0,5.0,7.917,6.77,6.9583333334,2022
546,Feminino,1,-1,Ágata,5.0,5.6,7.9,9.0,5.0,7.917,6.77,8.75,2022
546,Feminino,1,-1,Ágata,5.0,5.6,7.9,9.0,5.0,7.917,6.77,5.15625,2022
547,Feminino,1,-1,Ametista,5.0,7.6,9.7,9.5,5.0,8.833,7.745,9.0,2022
547,Feminino,1,-1,Ametista,5.0,7.6,9.7,9.5,5.0,8.833,7.745,8.75,2022
547,Feminino,1,-1,Ametista,5.0,7.6,9.7,9.5,5.0,8.833,7.745,5.625,2022
548,Masculino,1,-2,Ametista,5.0,7.2,9.1,8.0,6.9,7.583,7.292,7.1145833334,2022
548,Masculino,1,-2,Ametista,5.0,7.2,9.1,8.0,6.9,7.583,7.292,8.333333333,2022
548,Masculino,1,-2,Ametista,5.0,7.2,9.1,8.0,6.9,7.583,7.292,5.9375,2022
549,Masculino,1,-1,Ágata,5.0,4.2,7.9,10.0,6.9,6.167,6.301,6.479166666599999,2022
549,Masculino,1,-1,Ágata,5.0,4.2,7.9,10.0,6.9,6.167,6.301,6.875,2022
549,Masculino,1,-1,Ágata,5.0,4.2,7.9,10.0,6.9,6.167,6.301,6.40625,2022
550,Feminino,1,-2,Ágata,5.0,1.9,9.0,9.0,6.9,6.25,6.026,6.6666666666,2022
551,Feminino,1,-2,Ágata,5.0,6.6,7.3,8.5,6.9,7.333,6.853,6.4166666668,2022
551,Feminino,1,-2,Ágata,5.0,6.6,7.3,8.5,6.9,7.333,6.853,8.541666667,2022
552,Masculino,1,-1,Ágata,5.0,5.5,8.8,9.5,5.0,7.167,6.625,6.166666666599999,2022
552,Masculino,1,-1,Ágata,5.0,5.5,8.8,9.5,5.0,7.167,6.625,6.666666667,2022
553,Feminino,1,-1,Ágata,5.0,3.3,6.9,9.5,6.9,8.167,6.39,6.729166666599999,2022
554,Masculino,1,-2,Quartzo,5.0,4.0,6.0,7.9,6.9,5.75,5.588,6.625,2022
555,Masculino,1,-2,Quartzo,5.0,4.4,8.1,9.5,5.0,5.167,5.949,5.5625,2022
555,Masculino,1,-2,Quartzo,5.0,4.4,8.1,9.5,5.0,5.167,5.949,6.25,2022
555,Masculino,1,-2,Quartzo,5.0,4.4,8.1,9.5,5.0,5.167,5.949,5.0,2022
556,Feminino,1,-1,Ametista,5.0,6.4,8.8,9.0,5.0,8.25,7.181,7.5520833332,2022
556,Feminino,1,-1,Ametista,5.0,6.4,8.8,9.0,5.0,8.25,7.181,9.166666667,2022
556,Feminino,1,-1,Ametista,5.0,6.4,8.8,9.0,5.0,8.25,7.181,6.40625,2022
557,Masculino,1,-1,Topázio,5.0,9.4,8.4,10.0,7.5,9.333,8.334,8.7708333332,2022
557,Masculino,1,-1,Topázio,5.0,9.4,8.4,10.0,7.5,9.333,8.334,9.375,2022
557,Masculino,1,-1,Topázio,5.0,9.4,8.4,10.0,7.5,9.333,8.334,10.0,2022
558,Masculino,1,-3,Quartzo,2.5,4.3,8.5,9.0,5.0,4.5,5.539,4.8125,2022
558,Masculino,1,-3,Quartzo,2.5,4.3,8.5,9.0,5.0,4.5,5.539,6.458333333,2022
558,Masculino,1,-3,Quartzo,2.5,4.3,8.5,9.0,5.0,4.5,5.539,6.09375,2022
559,Masculino,1,-1,Ametista,5.0,7.1,9.2,9.5,7.5,8.083,7.634,7.1875,2022
559,Masculino,1,-1,Ametista,5.0,7.1,9.2,9.5,7.5,8.083,7.634,8.958333333,2022
559,Masculino,1,-1,Ametista,5.0,7.1,9.2,9.5,7.5,8.083,7.634,6.25,2022
560,Masculino,1,-1,Quartzo,5.0,3.8,7.2,6.9,5.0,3.75,4.949,4.2708333334,2022
560,Masculino,1,-1,Quartzo,5.0,3.8,7.2,6.9,5.0,3.75,4.949,5.0,2022
561,Masculino,1,-1,Ametista,5.0,7.4,9.0,9.0,7.5,8.833,7.856,7.1354166666,2022
562,Feminino,1,-1,Ametista,5.0,8.0,9.0,8.0,7.5,8.75,7.855,8.34375,2022
562,Feminino,1,-1,Ametista,5.0,8.0,9.0,8.0,7.5,8.75,7.855,8.541666667,2022
562,Feminino,1,-1,Ametista,5.0,8.0,9.0,8.0,7.5,8.75,7.855,7.625,2022
563,Feminino,1,-1,Topázio,5.0,8.5,9.2,10.0,7.5,8.833,8.22,7.96875,2022
563,Feminino,1,-1,Topázio,5.0,8.5,9.2,10.0,7.5,8.833,8.22,8.75,2022
563,Feminino,1,-1,Topázio,5.0,8.5,9.2,10.0,7.5,8.833,8.22,8.125,2022
564,Masculino,1,-2,Quartzo,5.0,2.3,3.8,9.5,5.0,6.833,4.972,6.90625,2022
565,Masculino,1,-2,Quartzo,5.0,2.9,4.1,9.0,7.5,5.917,5.233,6.625,2022
566,Feminino,1,-2,Ametista,5.0,8.5,8.4,9.5,7.5,7.917,7.729,7.5625,2022
566,Feminino,1,-2,Ametista,5.0,8.5,8.4,9.5,7.5,7.917,7.729,8.958333333,2022
567,Masculino,1,-1,Ágata,5.0,4.8,6.0,9.5,7.5,6.833,6.281,6.7916666666,2022
568,Masculino,1,-3,Ametista,2.5,8.3,8.6,8.0,6.9,7.944,7.306,6.6145833334,2022
568,Masculino,1,-3,Ametista,2.5,8.3,8.6,8.0,6.9,7.944,7.306,8.125,2022
568,Masculino,1,-3,Ametista,2.5,8.3,8.6,8.0,6.9,7.944,7.306,6.5625,2022
569,Feminino,1,-2,Ametista,5.0,6.8,8.7,9.5,5.0,7.333,7.074,7.21875,2022
570,Feminino,1,-1,Quartzo,5.0,1.3,7.0,9.0,7.5,6.778,5.722,7.4979166666,2022
570,Feminino,1,-1,Quartzo,5.0,1.3,7.0,9.0,7.5,6.778,5.722,8.125,2022
570,Feminino,1,-1,Quartzo,5.0,1.3,7.0,9.0,7.5,6.778,5.722,7.1875,2022
571,Feminino,1,-1,Ágata,5.0,3.7,8.8,8.5,7.5,6.944,6.589,6.75,2022
571,Feminino,1,-1,Ágata,5.0,3.7,8.8,8.5,7.5,6.944,6.589,7.291666667,2022
571,Feminino,1,-1,Ágata,5.0,3.7,8.8,8.5,7.5,6.944,6.589,7.03125,2022
572,Masculino,1,0,Ametista,10.0,6.8,8.0,8.5,7.5,6.833,7.48,6.6770833332,2022
573,Masculino,1,-1,Topázio,5.0,8.2,9.9,9.5,7.5,8.944,8.261,8.6770833332,2022
573,Masculino,1,-1,Topázio,5.0,8.2,9.9,9.5,7.5,8.944,8.261,8.541666667,2022
573,Masculino,1,-1,Topázio,5.0,8.2,9.9,9.5,7.5,8.944,8.261,7.8125,2022
574,Masculino,1,-1,Ágata,5.0,7.5,7.2,9.5,5.0,6.944,6.86,6.90625,2022
574,Masculino,1,-1,Ágata,5.0,7.5,7.2,9.5,5.0,6.944,6.86,7.916666667,2022
575,Masculino,1,-2,Quartzo,5.0,2.8,6.1,8.0,7.5,7.0,5.889,6.9166666666,2022
576,Feminino,1,-1,Ametista,5.0,7.8,9.1,9.5,7.5,7.111,7.59,7.5625,2022
576,Feminino,1,-1,Ametista,5.0,7.8,9.1,9.5,7.5,7.111,7.59,9.21875,2022
576,Feminino,1,-1,Ametista,5.0,7.8,9.1,9.5,7.5,7.111,7.59,7.8125,2022
577,Feminino,1,-1,Ametista,5.0,9.0,9.3,9.5,7.5,7.111,7.862,7.5833333334,2022
577,Feminino,1,-1,Ametista,5.0,9.0,9.3,9.5,7.5,7.111,7.862,6.875,2022
577,Feminino,1,-1,Ametista,5.0,9.0,9.3,9.5,7.5,7.111,7.862,6.5625,2022
578,Masculino,1,-1,Topázio,5.0,9.5,10.0,9.5,8.8,9.611,8.814,8.4583333334,2022
578,Masculino,1,-1,Topázio,5.0,9.5,10.0,9.5,8.8,9.611,8.814,9.791666667,2022
578,Masculino,1,-1,Topázio,5.0,9.5,10.0,9.5,8.8,9.611,8.814,9.583333333,2022
579,Feminino,1,-1,Ágata,5.0,3.8,5.8,8.5,7.5,7.222,6.067,7.0208333334,2022
580,Feminino,1,-1,Ametista,5.0,7.6,9.6,8.0,7.5,7.167,7.525,7.21875,2022
580,Feminino,1,-1,Ametista,5.0,7.6,9.6,8.0,7.5,7.167,7.525,8.75,2022
580,Feminino,1,-1,Ametista,5.0,7.6,9.6,8.0,7.5,7.167,7.525,7.03125,2022
581,Masculino,1,-1,Ágata,5.0,5.0,8.9,7.5,7.5,5.889,6.464,6.604166666599999,2022
581,Masculino,1,-1,Ágata,5.0,5.0,8.9,7.5,7.5,5.889,6.464,6.458333333,2022
581,Masculino,1,-1,Ágata,5.0,5.0,8.9,7.5,7.5,5.889,6.464,6.5625,2022
582,Feminino,1,-1,Ametista,5.0,4.9,9.0,10.0,7.5,7.222,7.064,7.6458333332,2022
583,Feminino,1,-2,Ametista,5.0,7.1,9.4,8.5,7.5,7.333,7.456,7.34375,2022
583,Feminino,1,-2,Ametista,5.0,7.1,9.4,8.5,7.5,7.333,7.456,8.333333333,2022
583,Feminino,1,-2,Ametista,5.0,7.1,9.4,8.5,7.5,7.333,7.456,6.875,2022
584,Feminino,1,-1,Ágata,5.0,4.6,8.5,8.0,7.5,7.333,6.714,6.75,2022
584,Feminino,1,-1,Ágata,5.0,4.6,8.5,8.0,7.5,7.333,6.714,8.333333333,2022
584,Feminino,1,-1,Ágata,5.0,4.6,8.5,8.0,7.5,7.333,6.714,7.34375,2022
585,Feminino,1,0,Ametista,10.0,5.0,9.1,8.5,7.5,6.889,7.398,6.5,2022
586,Feminino,1,-1,Ametista,5.0,8.2,9.6,10.0,5.6,8.778,7.988,8.9166666666,2022
586,Feminino,1,-1,Ametista,5.0,8.2,9.6,10.0,5.6,8.778,7.988,8.333333333,2022
586,Feminino,1,-1,Ametista,5.0,8.2,9.6,10.0,5.6,8.778,7.988,8.75,2022
587,Masculino,1,-1,Ágata,5.0,3.8,9.3,9.5,7.5,6.167,6.632,6.5208333332,2022
587,Masculino,1,-1,Ágata,5.0,3.8,9.3,9.5,7.5,6.167,6.632,6.458333333,2022
587,Masculino,1,-1,Ágata,5.0,3.8,9.3,9.5,7.5,6.167,6.632,7.916666667,2022
588,Feminino,1,0,Topázio,10.0,9.3,10.0,9.5,5.6,8.278,8.622,7.9583333334,2022
588,Feminino,1,0,Topázio,10.0,9.3,10.0,9.5,5.6,8.278,8.622,8.958333333,2022
588,Feminino,1,0,Topázio,10.0,9.3,10.0,9.5,5.6,8.278,8.622,8.75,2022
589,Feminino,1,0,Ametista,10.0,5.8,9.4,9.5,7.5,7.056,7.744,6.5,2022
590,Feminino,1,-1,Ametista,5.0,7.4,8.6,8.5,7.5,7.611,7.435,7.9166666666,2022
590,Feminino,1,-1,Ametista,5.0,7.4,8.6,8.5,7.5,7.611,7.435,7.291666667,2022
590,Feminino,1,-1,Ametista,5.0,7.4,8.6,8.5,7.5,7.611,7.435,7.5,2022
591,Masculino,1,-1,Ametista,5.0,7.1,9.3,9.5,7.5,7.389,7.507,6.3750000002,2022
591,Masculino,1,-1,Ametista,5.0,7.1,9.3,9.5,7.5,7.389,7.507,5.833333333,2022
591,Masculino,1,-1,Ametista,5.0,7.1,9.3,9.5,7.5,7.389,7.507,5.78125,2022
592,Feminino,1,-1,Ametista,5.0,8.4,8.5,8.0,5.6,7.778,7.381,8.15625,2022
592,Feminino,1,-1,Ametista,5.0,8.4,8.5,8.0,5.6,7.778,7.381,7.916666667,2022
592,Feminino,1,-1,Ametista,5.0,8.4,8.5,8.0,5.6,7.778,7.381,7.65625,2022
593,Feminino,1,-1,Ágata,5.0,4.6,7.4,7.5,7.5,6.278,6.254,6.3333333334,2022
594,Masculino,1,-1,Ametista,5.0,7.8,9.4,8.0,7.5,6.889,7.392,6.208333333400001,2022
594,Masculino,1,-1,Ametista,5.0,7.8,9.4,8.0,7.5,6.889,7.392,6.875,2022
594,Masculino,1,-1,Ametista,5.0,7.8,9.4,8.0,7.5,6.889,7.392,8.125,2022
595,Masculino,1,-2,Quartzo,5.0,1.0,5.5,8.5,7.5,6.0,5.18,7.3125,2022
595,Masculino,1,-2,Quartzo,5.0,1.0,5.5,8.5,7.5,6.0,5.18,6.666666667,2022
596,Feminino,1,0,Topázio,10.0,9.3,10.0,9.5,7.5,9.0,8.971,8.15625,2022
597,Masculino,1,0,Topázio,10.0,8.0,10.0,9.0,7.5,7.056,8.265,7.4895833334,2022
597,Masculino,1,0,Topázio,10.0,8.0,10.0,9.0,7.5,7.056,8.265,9.0625,2022
597,Masculino,1,0,Topázio,10.0,8.0,10.0,9.0,7.5,7.056,8.265,7.5,2022
598,Feminino,1,-1,Ágata,5.0,3.7,7.2,9.5,7.5,6.944,6.35,6.4375,2022
599,Masculino,1,-1,Topázio,5.0,9.1,9.2,9.5,7.5,8.556,8.2,8.4687499998,2022
599,Masculino,1,-1,Topázio,5.0,9.1,9.2,9.5,7.5,8.556,8.2,8.333333333,2022
599,Masculino,1,-1,Topázio,5.0,9.1,9.2,9.5,7.5,8.556,8.2,7.083333333,2022
600,Feminino,1,0,Ágata,10.0,3.9,8.4,8.5,7.5,6.833,7.011,6.5000000002,2022
600,Feminino,1,0,Ágata,10.0,3.9,8.4,8.5,7.5,6.833,7.011,8.28125,2022
600,Feminino,1,0,Ágata,10.0,3.9,8.4,8.5,7.5,6.833,7.011,7.5,2022
601,Masculino,1,1,Ametista,10.0,5.7,9.7,9.0,7.5,7.167,7.713,7.0729166666,2022
601,Masculino,1,1,Ametista,10.0,5.7,9.7,9.0,7.5,7.167,7.713,9.0625,2022
601,Masculino,1,1,Ametista,10.0,5.7,9.7,9.0,7.5,7.167,7.713,8.75,2022
602,Masculino,1,-1,Ametista,5.0,8.6,9.7,10.0,7.5,7.667,8.041,6.479166666599999,2022
602,Masculino,1,-1,Ametista,5.0,8.6,9.7,10.0,7.5,7.667,8.041,8.75,2022
602,Masculino,1,-1,Ametista,5.0,8.6,9.7,10.0,7.5,7.667,8.041,8.28125,2022
603,Feminino,1,-1,Ametista,5.0,7.5,9.5,9.0,7.5,8.0,7.78,8.0416666666,2022
603,Feminino,1,-1,Ametista,5.0,7.5,9.5,9.0,7.5,8.0,7.78,7.708333333,2022
603,Feminino,1,-1,Ametista,5.0,7.5,9.5,9.0,7.5,8.0,7.78,6.875,2022
604,Feminino,1,-1,Ametista,5.0,8.8,9.0,9.0,7.5,8.333,8.018,8.0625,2022
604,Feminino,1,-1,Ametista,5.0,8.8,9.0,9.0,7.5,8.333,8.018,8.125,2022
604,Feminino,1,-1,Ametista,5.0,8.8,9.0,9.0,7.5,8.333,8.018,6.40625,2022
605,Feminino,1,-2,Ametista,5.0,7.1,9.3,6.9,6.9,7.556,7.276,7.25,2022
605,Feminino,1,-2,Ametista,5.0,7.1,9.3,6.9,6.9,7.556,7.276,7.291666667,2022
605,Feminino,1,-2,Ametista,5.0,7.1,9.3,6.9,6.9,7.556,7.276,7.0,2022
606,Masculino,1,-1,Ágata,5.0,1.8,9.0,9.5,7.5,6.111,6.127,6.6458333332,2022
606,Masculino,1,-1,Ágata,5.0,1.8,9.0,9.5,7.5,6.111,6.127,7.65625,2022
606,Masculino,1,-1,Ágata,5.0,1.8,9.0,9.5,7.5,6.111,6.127,8.125,2022
607,Masculino,1,-1,Ágata,5.0,4.0,8.1,6.8,7.5,7.444,6.44,6.3333333332,2022
607,Masculino,1,-1,Ágata,5.0,4.0,8.1,6.8,7.5,7.444,6.44,7.96875,2022
607,Masculino,1,-1,Ágata,5.0,4.0,8.1,6.8,7.5,7.444,6.44,7.1875,2022
608,Masculino,1,-1,Ametista,5.0,6.3,9.6,7.8,7.5,7.222,7.216,6.7812500002,2022
608,Masculino,1,-1,Ametista,5.0,6.3,9.6,7.8,7.5,7.222,7.216,7.96875,2022
608,Masculino,1,-1,Ametista,5.0,6.3,9.6,7.8,7.5,7.222,7.216,7.1875,2022
609,Masculino,1,-1,Ágata,5.0,6.0,7.6,8.5,7.5,7.056,6.794,6.7083333332,2022
609,Masculino,1,-1,Ágata,5.0,6.0,7.6,8.5,7.5,7.056,6.794,6.875,2022
610,Feminino,1,0,Topázio,10.0,6.5,9.6,9.0,7.5,8.5,8.18,8.2916666666,2022
610,Feminino,1,0,Topázio,10.0,6.5,9.6,9.0,7.5,8.5,8.18,8.541666667,2022
610,Feminino,1,0,Topázio,10.0,6.5,9.6,9.0,7.5,8.5,8.18,6.875,2022
611,Masculino,1,-2,Ametista,5.0,9.5,7.6,9.5,7.5,7.556,7.756,7.1041666668,2022
612,Feminino,1,-1,Ametista,5.0,7.9,9.2,9.0,7.5,7.167,7.594,7.5625,2022
612,Feminino,1,-1,Ametista,5.0,7.9,9.2,9.0,7.5,7.167,7.594,9.0625,2022
612,Feminino,1,-1,Ametista,5.0,7.9,9.2,9.0,7.5,7.167,7.594,9.6875,2022
613,Masculino,1,-2,Topázio,5.0,9.2,9.2,9.0,7.5,8.556,8.121,8.1458333332,2022
613,Masculino,1,-2,Topázio,5.0,9.2,9.2,9.0,7.5,8.556,8.121,6.71875,2022
613,Masculino,1,-2,Topázio,5.0,9.2,9.2,9.0,7.5,8.556,8.121,6.875,2022
614,Masculino,1,-2,Topázio,5.0,9.6,9.7,9.5,7.5,8.278,8.339,8.4583333332,2022
614,Masculino,1,-2,Topázio,5.0,9.6,9.7,9.5,7.5,8.278,8.339,8.333333333,2022
614,Masculino,1,-2,Topázio,5.0,9.6,9.7,9.5,7.5,8.278,8.339,7.916666667,2022
615,Feminino,1,0,Topázio,10.0,7.3,9.7,9.5,7.5,6.889,8.086,7.1979166666,2022
615,Feminino,1,0,Topázio,10.0,7.3,9.7,9.5,7.5,6.889,8.086,8.28125,2022
616,Masculino,1,-2,Ametista,5.0,8.8,7.4,7.4,7.5,7.278,7.303,7.0208333334,2022
616,Masculino,1,-2,Ametista,5.0,8.8,7.4,7.4,7.5,7.278,7.303,5.833333333,2022
616,Masculino,1,-2,Ametista,5.0,8.8,7.4,7.4,7.5,7.278,7.303,6.458333333,2022
617,Feminino,1,-1,Ametista,5.0,6.3,8.9,8.5,7.5,6.778,7.107,6.760416666599999,2022
617,Feminino,1,-1,Ametista,5.0,6.3,8.9,8.5,7.5,6.778,7.107,7.708333333,2022
618,Masculino,1,-2,Ametista,5.0,6.7,8.3,8.9,7.5,7.333,7.18,6.1145833334,2022
618,Masculino,1,-2,Ametista,5.0,6.7,8.3,8.9,7.5,7.333,7.18,8.125,2022
618,Masculino,1,-2,Ametista,5.0,6.7,8.3,8.9,7.5,7.333,7.18,6.666666667,2022
619,Feminino,1,-1,Ametista,5.0,9.0,8.0,9.5,7.5,7.333,7.693,7.65625,2022
619,Feminino,1,-1,Ametista,5.0,9.0,8.0,9.5,7.5,7.333,7.693,7.708333333,2022
620,Masculino,1,-2,Ágata,5.0,6.8,7.5,0.0,7.5,6.833,6.018,7.010416666599999,2022
620,Masculino,1,-2,Ágata,5.0,6.8,7.5,0.0,7.5,6.833,6.018,6.875,2022
620,Masculino,1,-2,Ágata,5.0,6.8,7.5,0.0,7.5,6.833,6.018,7.083333333,2022
621,Masculino,1,-1,Ametista,5.0,7.5,7.7,9.5,7.5,8.222,7.448,7.7708333334,2022
622,Feminino,1,-2,Quartzo,5.0,3.8,3.8,3.5,7.5,6.0,4.934,7.46875,2022
623,Masculino,1,-2,Ametista,5.0,8.3,9.0,7.5,7.5,7.389,7.524,6.614583333400001,2022
623,Masculino,1,-2,Ametista,5.0,8.3,9.0,7.5,7.5,7.389,7.524,7.291666667,2022
623,Masculino,1,-2,Ametista,5.0,8.3,9.0,7.5,7.5,7.389,7.524,6.458333333,2022
624,Masculino,1,-1,Ametista,5.0,6.8,8.9,9.0,7.5,7.722,7.425,7.0937500002,2022
624,Masculino,1,-1,Ametista,5.0,6.8,8.9,9.0,7.5,7.722,7.425,8.90625,2022
624,Masculino,1,-1,Ametista,5.0,6.8,8.9,9.0,7.5,7.722,7.425,7.916666667,2022
625,Masculino,1,-1,Ametista,5.0,7.8,9.2,8.0,7.5,7.333,7.483,6.375,2022
626,Masculino,1,-1,Quartzo,5.0,1.3,7.6,7.4,7.5,7.278,5.818,6.84375,2022
626,Masculino,1,-1,Quartzo,5.0,1.3,7.6,7.4,7.5,7.278,5.818,7.291666667,2022
626,Masculino,1,-1,Quartzo,5.0,1.3,7.6,7.4,7.5,7.278,5.818,7.291666667,2022
627,Feminino,1,-1,Ágata,5.0,6.5,6.7,7.0,7.5,7.0,6.621,7.0416666668,2022
628,Masculino,1,-1,Ametista,5.0,9.2,7.6,9.5,7.5,7.333,7.577,7.2291666668,2022
628,Masculino,1,-1,Ametista,5.0,9.2,7.6,9.5,7.5,7.333,7.577,8.28125,2022
628,Masculino,1,-1,Ametista,5.0,9.2,7.6,9.5,7.5,7.333,7.577,7.1875,2022
629,Masculino,1,0,Topázio,10.0,7.0,10.0,9.0,7.5,7.278,8.11,7.5833333334,2022
629,Masculino,1,0,Topázio,10.0,7.0,10.0,9.0,7.5,7.278,8.11,7.916666667,2022
629,Masculino,1,0,Topázio,10.0,7.0,10.0,9.0,7.5,7.278,8.11,7.5,2022
630,Masculino,1,0,Topázio,10.0,7.3,9.2,9.5,7.5,7.278,8.064,7.21875,2022
630,Masculino,1,0,Topázio,10.0,7.3,9.2,9.5,7.5,7.278,8.064,8.28125,2022
630,Masculino,1,0,Topázio,10.0,7.3,9.2,9.5,7.5,7.278,8.064,7.5,2022
631,Masculino,1,-2,Ágata,5.0,7.0,6.8,8.5,7.5,7.222,6.928,6.614583333400001,2022
631,Masculino,1,-2,Ágata,5.0,7.0,6.8,8.5,7.5,7.222,6.928,7.916666667,2022
631,Masculino,1,-2,Ágata,5.0,7.0,6.8,8.5,7.5,7.222,6.928,5.625,2022
632,Feminino,1,-1,Ágata,5.0,6.3,9.3,8.5,6.9,6.722,6.996,6.583333333400001,2022
632,Feminino,1,-1,Ágata,5.0,6.3,9.3,8.5,6.9,6.722,6.996,8.333333333,2022
632,Feminino,1,-1,Ágata,5.0,6.3,9.3,8.5,6.9,6.722,6.996,8.28125,2022
633,Feminino,1,-1,Ametista,5.0,7.7,8.9,7.3,7.5,7.833,7.476,7.90625,2022
633,Feminino,1,-1,Ametista,5.0,7.7,8.9,7.3,7.5,7.833,7.476,8.541666667,2022
633,Feminino,1,-1,Ametista,5.0,7.7,8.9,7.3,7.5,7.833,7.476,6.875,2022
634,Feminino,1,-1,Ametista,5.0,6.5,9.4,9.5,7.5,8.222,7.619,7.7604166666,2022
635,Masculino,1,-1,Quartzo,5.0,1.5,4.9,10.0,6.9,6.444,5.313,7.1770833334,2022
636,Masculino,1,-1,Ametista,5.0,7.3,8.0,8.5,6.9,7.389,7.189,6.125,2022
636,Masculino,1,-1,Ametista,5.0,7.3,8.0,8.5,6.9,7.389,7.189,8.333333333,2022
636,Masculino,1,-1,Ametista,5.0,7.3,8.0,8.5,6.9,7.389,7.189,6.875,2022
637,Feminino,1,-1,Ametista,5.0,5.8,9.0,8.5,7.5,7.0,7.039,7.3020833332,2022
637,Feminino,1,-1,Ametista,5.0,5.8,9.0,8.5,7.5,7.0,7.039,8.333333333,2022
637,Feminino,1,-1,Ametista,5.0,5.8,9.0,8.5,7.5,7.0,7.039,8.333333333,2022
638,Feminino,1,0,Ametista,10.0,3.9,9.3,8.5,7.5,6.278,7.059,6.875,2022
638,Feminino,1,0,Ametista,10.0,3.9,9.3,8.5,7.5,6.278,7.059,8.333333333,2022
638,Feminino,1,0,Ametista,10.0,3.9,9.3,8.5,7.5,6.278,7.059,8.125,2022
639,Feminino,1,-1,Ágata,5.0,5.5,7.4,8.5,7.5,6.611,6.613,6.6250000002,2022
639,Feminino,1,-1,Ágata,5.0,5.5,7.4,8.5,7.5,6.611,6.613,8.125,2022
639,Feminino,1,-1,Ágata,5.0,5.5,7.4,8.5,7.5,6.611,6.613,6.71875,2022
640,Feminino,1,-1,Ágata,5.0,4.8,8.4,9.0,7.5,6.778,6.73,6.3125,2022
640,Feminino,1,-1,Ágata,5.0,4.8,8.4,9.0,7.5,6.778,6.73,7.291666667,2022
641,Feminino,1,0,Ametista,10.0,6.5,9.3,9.0,7.5,6.778,7.776,7.0625,2022
642,Feminino,1,-1,Ametista,5.0,7.3,9.7,10.0,6.9,7.778,7.75,7.7291666666,2022
642,Feminino,1,-1,Ametista,5.0,7.3,9.7,10.0,6.9,7.778,7.75,8.75,2022
642,Feminino,1,-1,Ametista,5.0,7.3,9.7,10.0,6.9,7.778,7.75,7.1875,2022
643,Masculino,1,-1,Ágata,5.0,6.2,8.0,9.0,7.5,6.722,6.763,6.729166666599999,2022
643,Masculino,1,-1,Ágata,5.0,6.2,8.0,9.0,7.5,6.722,6.763,6.041666667,2022
643,Masculino,1,-1,Ágata,5.0,6.2,8.0,9.0,7.5,6.722,6.763,8.125,2022
644,Feminino,1,-1,Ametista,5.0,8.8,8.0,9.5,7.5,8.278,7.83,8.1875,2022
644,Feminino,1,-1,Ametista,5.0,8.8,8.0,9.5,7.5,8.278,7.83,8.541666667,2022
645,Feminino,1,-1,Ágata,5.0,2.0,8.1,8.5,7.5,6.833,6.086,6.75,2022
645,Feminino,1,-1,Ágata,5.0,2.0,8.1,8.5,7.5,6.833,6.086,8.125,2022
645,Feminino,1,-1,Ágata,5.0,2.0,8.1,8.5,7.5,6.833,6.086,7.708333333,2022
646,Masculino,1,-2,Topázio,5.0,8.4,9.8,8.5,8.1,8.389,8.181,8.4791666666,2022
646,Masculino,1,-2,Topázio,5.0,8.4,9.8,8.5,8.1,8.389,8.181,8.958333333,2022
646,Masculino,1,-2,Topázio,5.0,8.4,9.8,8.5,8.1,8.389,8.181,8.28125,2022
647,Masculino,1,-1,Ágata,5.0,3.3,8.6,9.5,7.5,7.278,6.606,6.3749999998,2022
647,Masculino,1,-1,Ágata,5.0,3.3,8.6,9.5,7.5,7.278,6.606,7.708333333,2022
648,Masculino,1,-2,Ágata,5.0,5.3,7.5,9.0,6.9,7.5,6.736,7.03125,2022
649,Feminino,1,-2,Ametista,5.0,7.4,8.9,8.5,5.6,7.611,7.302,7.6875,2022
649,Feminino,1,-2,Ametista,5.0,7.4,8.9,8.5,5.6,7.611,7.302,8.75,2022
649,Feminino,1,-2,Ametista,5.0,7.4,8.9,8.5,5.6,7.611,7.302,8.333333333,2022
650,Feminino,1,-1,Ágata,5.0,6.9,8.7,6.9,5.6,7.5,7.004,6.9583333334,2022
651,Feminino,1,-1,Ametista,5.0,7.8,9.3,8.5,7.5,8.333,7.866,8.2291666666,2022
651,Feminino,1,-1,Ametista,5.0,7.8,9.3,8.5,7.5,8.333,7.866,8.75,2022
651,Feminino,1,-1,Ametista,5.0,7.8,9.3,8.5,7.5,8.333,7.866,8.541666667,2022
652,Feminino,1,0,Topázio,10.0,7.8,9.6,8.0,7.5,7.5,8.151,7.6041666666,2022
652,Feminino,1,0,Topázio,10.0,7.8,9.6,8.0,7.5,7.5,8.151,8.125,2022
652,Feminino,1,0,Topázio,10.0,7.8,9.6,8.0,7.5,7.5,8.151,7.916666667,2022
653,Feminino,1,-1,Topázio,5.0,9.3,9.6,9.5,7.5,7.5,8.101,7.96875,2022
653,Feminino,1,-1,Topázio,5.0,9.3,9.6,9.5,7.5,7.5,8.101,9.166666667,2022
653,Feminino,1,-1,Topázio,5.0,9.3,9.6,9.5,7.5,7.5,8.101,8.333333333,2022
654,Feminino,1,-2,Ametista,5.0,6.8,8.6,8.5,7.5,7.556,7.308,7.5416666666,2022
655,Feminino,1,-2,Ametista,5.0,8.3,9.2,7.5,7.5,8.389,7.785,7.25,2022
655,Feminino,1,-2,Ametista,5.0,8.3,9.2,7.5,7.5,8.389,7.785,9.166666667,2022
655,Feminino,1,-2,Ametista,5.0,8.3,9.2,7.5,7.5,8.389,7.785,8.125,2022
656,Feminino,1,-1,Ágata,5.0,6.3,7.5,7.4,5.6,7.5,6.652,6.7916666668,2022
656,Feminino,1,-1,Ágata,5.0,6.3,7.5,7.4,5.6,7.5,6.652,8.541666667,2022
656,Feminino,1,-1,Ágata,5.0,6.3,7.5,7.4,5.6,7.5,6.652,7.5,2022
657,Feminino,1,-2,Topázio,5.0,9.0,9.8,9.5,7.5,7.5,8.093,8.0,2022
657,Feminino,1,-2,Topázio,5.0,9.0,9.8,9.5,7.5,7.5,8.093,8.75,2022
657,Feminino,1,-2,Topázio,5.0,9.0,9.8,9.5,7.5,7.5,8.093,8.125,2022
658,Feminino,1,-1,Ametista,5.0,5.6,9.3,10.0,7.5,7.917,7.407,7.6041666666,2022
658,Feminino,1,-1,Ametista,5.0,5.6,9.3,10.0,7.5,7.917,7.407,7.916666667,2022
658,Feminino,1,-1,Ametista,5.0,5.6,9.3,10.0,7.5,7.917,7.407,7.375,2022
659,Feminino,1,-1,Ametista,5.0,9.3,7.8,8.0,7.5,8.333,7.783,8.03125,2022
660,Feminino,1,0,Topázio,10.0,6.9,9.0,9.5,7.5,9.083,8.363,8.104166666600001,2022
661,Masculino,1,-1,Ametista,5.0,7.8,8.3,9.0,7.5,7.917,7.593,7.0104166668,2022
661,Masculino,1,-1,Ametista,5.0,7.8,8.3,9.0,7.5,7.917,7.593,7.5,2022
662,Feminino,1,-1,Ametista,5.0,6.8,8.8,9.0,7.5,6.083,7.044,6.6979166666,2022
662,Feminino,1,-1,Ametista,5.0,6.8,8.8,9.0,7.5,6.083,7.044,7.291666667,2022
662,Feminino,1,-1,Ametista,5.0,6.8,8.8,9.0,7.5,6.083,7.044,7.625,2022
663,Masculino,1,-1,Ágata,5.0,5.8,8.7,6.9,7.5,5.25,6.376,6.6875,2022
663,Masculino,1,-1,Ágata,5.0,5.8,8.7,6.9,7.5,5.25,6.376,6.666666667,2022
663,Masculino,1,-1,Ágata,5.0,5.8,8.7,6.9,7.5,5.25,6.376,6.875,2022
664,Feminino,1,-1,Ametista,5.0,6.3,8.8,9.5,7.5,7.167,7.277,7.6458333332,2022
664,Feminino,1,-1,Ametista,5.0,6.3,8.8,9.5,7.5,7.167,7.277,7.916666667,2022
664,Feminino,1,-1,Ametista,5.0,6.3,8.8,9.5,7.5,7.167,7.277,8.125,2022
665,Feminino,1,-1,Ágata,5.0,6.8,7.4,9.0,7.5,7.25,6.996,6.8750000002,2022
665,Feminino,1,-1,Ágata,5.0,6.8,7.4,9.0,7.5,7.25,6.996,8.28125,2022
665,Feminino,1,-1,Ágata,5.0,6.8,7.4,9.0,7.5,7.25,6.996,7.5,2022
666,Masculino,1,-1,Ametista,5.0,7.8,9.1,9.5,7.5,8.833,7.929,6.8333333332,2022
666,Masculino,1,-1,Ametista,5.0,7.8,9.1,9.5,7.5,8.833,7.929,8.541666667,2022
666,Masculino,1,-1,Ametista,5.0,7.8,9.1,9.5,7.5,8.833,7.929,7.5,2022
667,Masculino,1,-1,Quartzo,5.0,4.5,5.6,8.5,7.5,5.833,5.844,6.5416666666,2022
667,Masculino,1,-1,Quartzo,5.0,4.5,5.6,8.5,7.5,5.833,5.844,7.083333333,2022
667,Masculino,1,-1,Quartzo,5.0,4.5,5.6,8.5,7.5,5.833,5.844,7.75,2022
668,Masculino,1,-1,Quartzo,5.0,2.8,3.3,6.9,7.5,3.75,4.365,5.125,2022
668,Masculino,1,-1,Quartzo,5.0,2.8,3.3,6.9,7.5,3.75,4.365,6.875,2022
669,Masculino,1,-1,Ametista,5.0,6.0,9.7,9.0,7.5,7.833,7.475,6.9270833334,2022
669,Masculino,1,-1,Ametista,5.0,6.0,9.7,9.0,7.5,7.833,7.475,7.708333333,2022
669,Masculino,1,-1,Ametista,5.0,6.0,9.7,9.0,7.5,7.833,7.475,7.291666667,2022
670,Feminino,1,-1,Ametista,5.0,6.9,8.8,8.0,7.5,8.167,7.451,8.1041666666,2022
670,Feminino,1,-1,Ametista,5.0,6.9,8.8,8.0,7.5,8.167,7.451,8.958333333,2022
670,Feminino,1,-1,Ametista,5.0,6.9,8.8,8.0,7.5,8.167,7.451,8.958333333,2022
671,Masculino,0,-1,Ametista,5.0,8.8,8.2,8.5,8.1,7.417,7.617,6.291666666799999,2022
671,Masculino,0,-1,Ametista,5.0,8.8,8.2,8.5,8.1,7.417,7.617,5.625,2022
672,Feminino,0,-1,Ametista,5.0,8.8,8.5,8.5,8.1,6.75,7.48,6.875,2022
672,Feminino,0,-1,Ametista,5.0,8.8,8.5,8.5,8.1,6.75,7.48,5.625,2022
672,Feminino,0,-1,Ametista,5.0,8.8,8.5,8.5,8.1,6.75,7.48,6.041666667,2022
673,Feminino,0,0,Topázio,10.0,9.2,9.2,8.5,8.1,8.583,8.65,7.375,2022
674,Masculino,0,0,Ametista,10.0,8.0,8.7,9.5,8.1,6.333,7.862,5.9166666666,2022
674,Masculino,0,0,Ametista,10.0,8.0,8.7,9.5,8.1,6.333,7.862,5.0,2022
675,Masculino,0,0,Ametista,10.0,7.4,6.6,10.0,8.1,7.083,7.576,6.7083333332,2022
675,Masculino,0,0,Ametista,10.0,7.4,6.6,10.0,8.1,7.083,7.576,6.875,2022
676,Masculino,0,-1,Ametista,5.0,9.3,8.6,8.5,8.1,8.167,7.911,7.3958333332,2022
677,Feminino,0,0,Topázio,10.0,7.3,9.4,10.0,7.5,8.583,8.358,7.4375,2022
677,Feminino,0,0,Topázio,10.0,7.3,9.4,10.0,7.5,8.583,8.358,6.875,2022
678,Masculino,0,-1,Ametista,5.0,7.3,10.0,9.0,6.9,9.5,8.0,6.666666666599999,2022
678,Masculino,0,-1,Ametista,5.0,7.3,10.0,9.0,6.9,9.5,8.0,7.65625,2022
679,Masculino,0,-2,Ametista,5.0,6.3,8.2,9.0,7.5,7.833,7.172,6.75,2022
679,Masculino,0,-2,Ametista,5.0,6.3,8.2,9.0,7.5,7.833,7.172,6.875,2022
680,Feminino,0,-2,Ametista,5.0,7.4,8.8,9.5,7.5,7.75,7.518,7.28125,2022
680,Feminino,0,-2,Ametista,5.0,7.4,8.8,9.5,7.5,7.75,7.518,6.875,2022
680,Feminino,0,-2,Ametista,5.0,7.4,8.8,9.5,7.5,7.75,7.518,6.666666667,2022
681,Masculino,0,-2,Ametista,5.0,6.5,8.5,8.5,6.9,8.0,7.204,7.15625,2022
681,Masculino,0,-2,Ametista,5.0,6.5,8.5,8.5,6.9,8.0,7.204,5.625,2022
681,Masculino,0,-2,Ametista,5.0,6.5,8.5,8.5,6.9,8.0,7.204,5.625,2022
682,Masculino,0,-2,Ametista,5.0,7.0,9.1,9.5,7.5,8.083,7.625,6.75,2022
683,Masculino,0,-2,Ágata,5.0,4.0,5.0,7.9,7.5,8.083,6.011,6.5833333332,2022
684,Masculino,0,0,Topázio,10.0,9.3,7.5,9.5,8.1,7.917,8.26,6.9375,2022
684,Masculino,0,0,Topázio,10.0,9.3,7.5,9.5,8.1,7.917,8.26,6.875,2022
684,Masculino,0,0,Topázio,10.0,9.3,7.5,9.5,8.1,7.917,8.26,7.5,2022
685,Masculino,0,-1,Ágata,5.0,8.0,6.2,9.0,5.0,7.833,6.864,7.3333333334,2022
686,Feminino,0,-1,Ametista,5.0,8.8,8.6,7.5,8.1,8.083,7.729,8.21875,2022
686,Feminino,0,-1,Ametista,5.0,8.8,8.6,7.5,8.1,8.083,7.729,7.5,2022
686,Feminino,0,-1,Ametista,5.0,8.8,8.6,7.5,8.1,8.083,7.729,8.4375,2022
687,Masculino,0,-1,Ametista,5.0,8.3,9.0,8.5,8.1,8.0,7.703,6.9583333332,2022
687,Masculino,0,-1,Ametista,5.0,8.3,9.0,8.5,8.1,8.0,7.703,7.5,2022
687,Masculino,0,-1,Ametista,5.0,8.3,9.0,8.5,8.1,8.0,7.703,8.75,2022
688,Masculino,0,-1,Ametista,5.0,7.9,9.7,8.5,7.5,7.917,7.771,6.041666666599999,2022
688,Masculino,0,-1,Ametista,5.0,7.9,9.7,8.5,7.5,7.917,7.771,7.5,2022
688,Masculino,0,-1,Ametista,5.0,7.9,9.7,8.5,7.5,7.917,7.771,8.333333333,2022
689,Feminino,0,-1,Ágata,5.0,5.8,7.9,7.4,5.6,6.667,6.433,6.291666666799999,2022
690,Feminino,0,-1,Ametista,5.0,7.0,9.5,9.5,7.5,7.417,7.541,7.6041666666,2022
690,Feminino,0,-1,Ametista,5.0,7.0,9.5,9.5,7.5,7.417,7.541,7.5,2022
690,Feminino,0,-1,Ametista,5.0,7.0,9.5,9.5,7.5,7.417,7.541,8.4375,2022
691,Feminino,0,0,Topázio,10.0,9.4,9.2,10.0,8.1,7.917,8.68,7.125,2022
692,Feminino,0,-1,Ametista,5.0,6.9,8.9,9.5,8.1,7.917,7.569,7.7916666666,2022
692,Feminino,0,-1,Ametista,5.0,6.9,8.9,9.5,8.1,7.917,7.569,6.666666667,2022
693,Feminino,0,0,Ametista,10.0,5.7,9.8,9.5,8.1,7.667,7.944,6.5,2022
693,Feminino,0,0,Ametista,10.0,5.7,9.8,9.5,8.1,7.667,7.944,7.5,2022
693,Feminino,0,0,Ametista,10.0,5.7,9.8,9.5,8.1,7.667,7.944,7.8125,2022
694,Masculino,0,0,Topázio,10.0,8.1,9.0,10.0,8.1,7.917,8.378,7.0625,2022
695,Feminino,0,0,Quartzo,10.0,2.5,3.1,9.0,7.5,2.5,4.28,5.65625,2022
696,Feminino,0,-1,Ametista,5.0,6.6,9.0,8.5,7.5,8.167,7.441,8.1041666666,2022
696,Feminino,0,-1,Ametista,5.0,6.6,9.0,8.5,7.5,8.167,7.441,7.5,2022
696,Feminino,0,-1,Ametista,5.0,6.6,9.0,8.5,7.5,8.167,7.441,7.708333333,2022
697,Masculino,0,-2,Ametista,5.0,8.4,9.3,7.0,7.5,8.083,7.675,7.5833333332,2022
698,Masculino,0,-1,Ametista,5.0,8.1,9.8,9.0,2.5,8.083,7.44,7.46875,2022
698,Masculino,0,-1,Ametista,5.0,8.1,9.8,9.0,2.5,8.083,7.44,7.1875,2022
698,Masculino,0,-1,Ametista,5.0,8.1,9.8,9.0,2.5,8.083,7.44,7.291666667,2022
699,Masculino,0,-1,Ágata,5.0,7.1,9.2,5.2,7.5,6.0,6.658,6.5625,2022
699,Masculino,0,-1,Ágata,5.0,7.1,9.2,5.2,7.5,6.0,6.658,5.78125,2022
699,Masculino,0,-1,Ágata,5.0,7.1,9.2,5.2,7.5,6.0,6.658,6.5625,2022
700,Feminino,0,-1,Ametista,5.0,9.2,8.7,9.0,7.5,7.083,7.738,7.25,2022
700,Feminino,0,-1,Ametista,5.0,9.2,8.7,9.0,7.5,7.083,7.738,6.25,2022
700,Feminino,0,-1,Ametista,5.0,9.2,8.7,9.0,7.5,7.083,7.738,7.291666667,2022
701,Masculino,0,-2,Ametista,5.0,8.7,9.3,9.0,7.5,7.417,7.755,6.7395833334,2022
701,Masculino,0,-2,Ametista,5.0,8.7,9.3,9.0,7.5,7.417,7.755,6.25,2022
702,Feminino,0,0,Ametista,10.0,6.8,8.6,10.0,5.0,7.0,7.387,6.229166666599999,2022
702,Feminino,0,0,Ametista,10.0,6.8,8.6,10.0,5.0,7.0,7.387,7.5,2022
702,Feminino,0,0,Ametista,10.0,6.8,8.6,10.0,5.0,7.0,7.387,7.8125,2022
703,Masculino,0,-2,Ágata,5.0,5.1,7.4,7.5,5.0,6.833,6.099,7.125,2022
703,Masculino,0,-2,Ágata,5.0,5.1,7.4,7.5,5.0,6.833,6.099,6.875,2022
704,Masculino,0,-2,Ágata,5.0,7.2,8.6,9.0,5.0,6.583,6.741,6.0,2022
704,Masculino,0,-2,Ágata,5.0,7.2,8.6,9.0,5.0,6.583,6.741,5.625,2022
704,Masculino,0,-2,Ágata,5.0,7.2,8.6,9.0,5.0,6.583,6.741,6.458333333,2022
705,Masculino,0,-2,Ágata,5.0,7.1,6.2,9.5,7.5,6.333,6.634,6.458333333400001,2022
705,Masculino,0,-2,Ágata,5.0,7.1,6.2,9.5,7.5,6.333,6.634,7.5,2022
705,Masculino,0,-2,Ágata,5.0,7.1,6.2,9.5,7.5,6.333,6.634,5.625,2022
706,Feminino,0,-2,Ametista,5.0,9.1,6.7,9.5,7.5,8.417,7.659,7.75,2022
706,Feminino,0,-2,Ametista,5.0,9.1,6.7,9.5,7.5,8.417,7.659,6.875,2022
706,Feminino,0,-2,Ametista,5.0,9.1,6.7,9.5,7.5,8.417,7.659,7.65625,2022
707,Feminino,0,-2,Ametista,5.0,8.5,8.1,10.0,6.9,8.083,7.679,7.28125,2022
707,Feminino,0,-2,Ametista,5.0,8.5,8.1,10.0,6.9,8.083,7.679,7.916666667,2022
707,Feminino,0,-2,Ametista,5.0,8.5,8.1,10.0,6.9,8.083,7.679,6.40625,2022
708,Masculino,0,-1,Ametista,5.0,7.3,8.4,8.0,7.5,7.583,7.282,6.0416666668,2022
708,Masculino,0,-1,Ametista,5.0,7.3,8.4,8.0,7.5,7.583,7.282,8.125,2022
709,Feminino,0,-2,Quartzo,5.0,2.3,3.5,9.5,7.5,7.083,5.313,7.20625,2022
709,Feminino,0,-2,Quartzo,5.0,2.3,3.5,9.5,7.5,7.083,5.313,5.625,2022
709,Feminino,0,-2,Quartzo,5.0,2.3,3.5,9.5,7.5,7.083,5.313,6.875,2022
710,Masculino,0,-2,Ametista,5.0,6.9,8.9,9.5,5.0,8.0,7.285,6.4375,2022
710,Masculino,0,-2,Ametista,5.0,6.9,8.9,9.5,5.0,8.0,7.285,7.083333333,2022
710,Masculino,0,-2,Ametista,5.0,6.9,8.9,9.5,5.0,8.0,7.285,7.65625,2022
711,Masculino,0,-1,Ágata,5.0,3.5,7.9,9.0,6.3,6.0,6.04,6.4166666666,2022
712,Masculino,0,-2,Ágata,5.0,8.0,5.1,8.0,5.0,5.833,6.026,6.25,2022
712,Masculino,0,-2,Ágata,5.0,8.0,5.1,8.0,5.0,5.833,6.026,7.5,2022
712,Masculino,0,-2,Ágata,5.0,8.0,5.1,8.0,5.0,5.833,6.026,6.5625,2022
713,Masculino,0,-1,Ametista,5.0,7.8,8.7,10.0,7.5,7.25,7.42,6.0416666668,2022
713,Masculino,0,-1,Ametista,5.0,7.8,8.7,10.0,7.5,7.25,7.42,6.875,2022
713,Masculino,0,-1,Ametista,5.0,7.8,8.7,10.0,7.5,7.25,7.42,7.03125,2022
714,Masculino,0,-2,Ágata,5.0,8.0,6.9,9.0,5.6,7.25,6.953,6.9166666668,2022
714,Masculino,0,-2,Ágata,5.0,8.0,6.9,9.0,5.6,7.25,6.953,7.5,2022
714,Masculino,0,-2,Ágata,5.0,8.0,6.9,9.0,5.6,7.25,6.953,7.65625,2022
715,Feminino,0,-1,Ágata,5.0,4.9,8.7,8.5,4.4,7.917,6.656,6.833333333400001,2022
715,Feminino,0,-1,Ágata,5.0,4.9,8.7,8.5,4.4,7.917,6.656,5.625,2022
715,Feminino,0,-1,Ágata,5.0,4.9,8.7,8.5,4.4,7.917,6.656,5.0,2022
716,Masculino,0,-1,Ágata,5.0,6.7,8.1,8.9,7.5,5.417,6.525,6.6458333334,2022
716,Masculino,0,-1,Ágata,5.0,6.7,8.1,8.9,7.5,5.417,6.525,6.875,2022
716,Masculino,0,-1,Ágata,5.0,6.7,8.1,8.9,7.5,5.417,6.525,6.71875,2022
717,Feminino,0,-2,Ágata,5.0,5.4,7.3,9.0,7.5,7.917,6.832,6.4375,2022
717,Feminino,0,-2,Ágata,5.0,5.4,7.3,9.0,7.5,7.917,6.832,8.125,2022
718,Feminino,0,0,Topázio,10.0,9.2,8.9,8.0,6.3,7.417,8.093,7.0,2022
718,Feminino,0,0,Topázio,10.0,9.2,8.9,8.0,6.3,7.417,8.093,7.916666667,2022
718,Feminino,0,0,Topázio,10.0,9.2,8.9,8.0,6.3,7.417,8.093,7.5,2022
719,Feminino,0,-2,Quartzo,5.0,4.2,4.6,9.0,7.5,6.083,5.552,7.05,2022
719,Feminino,0,-2,Quartzo,5.0,4.2,4.6,9.0,7.5,6.083,5.552,5.625,2022
719,Feminino,0,-2,Quartzo,5.0,4.2,4.6,9.0,7.5,6.083,5.552,7.5,2022
720,Feminino,0,-1,Ágata,5.0,7.6,5.9,8.0,7.5,7.083,6.731,7.0000000002,2022
721,Feminino,0,0,Ametista,10.0,7.6,8.1,9.5,7.5,7.917,7.973,6.625,2022
721,Feminino,0,0,Ametista,10.0,7.6,8.1,9.5,7.5,7.917,7.973,8.125,2022
721,Feminino,0,0,Ametista,10.0,7.6,8.1,9.5,7.5,7.917,7.973,8.75,2022
722,Feminino,0,-1,Ametista,5.0,8.1,8.1,10.0,4.4,8.333,7.41,7.90625,2022
722,Feminino,0,-1,Ametista,5.0,8.1,8.1,10.0,4.4,8.333,7.41,8.125,2022
723,Feminino,0,0,Ametista,10.0,5.5,6.6,10.0,8.1,8.167,7.426,6.4375,2022
724,Feminino,0,0,Ágata,10.0,5.6,5.9,9.5,5.6,8.0,6.931,7.4895833334,2022
725,Masculino,0,0,Ágata,10.0,5.0,5.9,8.0,8.1,5.5,6.33,5.75,2022
725,Masculino,0,0,Ágata,10.0,5.0,5.9,8.0,8.1,5.5,6.33,8.125,2022
725,Masculino,0,0,Ágata,10.0,5.0,5.9,8.0,8.1,5.5,6.33,7.5,2022
726,Feminino,0,0,Ágata,10.0,4.4,7.5,10.0,7.5,6.583,6.985,6.552083333400001,2022
726,Feminino,0,0,Ágata,10.0,4.4,7.5,10.0,7.5,6.583,6.985,5.625,2022
727,Masculino,0,0,Ametista,10.0,8.4,7.7,9.0,8.1,6.75,7.736,6.760416666599999,2022
727,Masculino,0,0,Ametista,10.0,8.4,7.7,9.0,8.1,6.75,7.736,7.5,2022
727,Masculino,0,0,Ametista,10.0,8.4,7.7,9.0,8.1,6.75,7.736,8.125,2022
728,Feminino,0,0,Topázio,10.0,9.1,7.3,9.5,8.1,8.167,8.244,7.7083333334,2022
729,Feminino,0,0,Topázio,10.0,8.1,8.7,10.0,8.1,7.25,8.155,7.2083333334,2022
729,Feminino,0,0,Topázio,10.0,8.1,8.7,10.0,8.1,7.25,8.155,6.5625,2022
729,Feminino,0,0,Topázio,10.0,8.1,8.7,10.0,8.1,7.25,8.155,7.5,2022
730,Feminino,0,-2,Ametista,5.0,8.3,8.2,10.0,8.8,8.25,7.902,7.15625,2022
730,Feminino,0,-2,Ametista,5.0,8.3,8.2,10.0,8.8,8.25,7.902,9.53125,2022
730,Feminino,0,-2,Ametista,5.0,8.3,8.2,10.0,8.8,8.25,7.902,9.166666667,2022
731,Feminino,0,-2,Ametista,5.0,7.3,8.5,9.0,6.9,7.083,7.151,6.875,2022
731,Feminino,0,-2,Ametista,5.0,7.3,8.5,9.0,6.9,7.083,7.151,7.5,2022
731,Feminino,0,-2,Ametista,5.0,7.3,8.5,9.0,6.9,7.083,7.151,5.78125,2022
732,Masculino,0,-1,Ametista,5.0,7.2,7.9,9.0,8.8,7.5,7.347,6.7500000002,2022
733,Feminino,0,-1,Ágata,5.0,5.1,8.5,9.5,5.6,6.917,6.684,6.083333333400001,2022
733,Feminino,0,-1,Ágata,5.0,5.1,8.5,9.5,5.6,6.917,6.684,8.333333333,2022
733,Feminino,0,-1,Ágata,5.0,5.1,8.5,9.5,5.6,6.917,6.684,8.90625,2022
734,Feminino,0,-2,Ágata,5.0,7.3,7.2,9.5,5.6,7.417,6.952,6.583333333400001,2022
734,Feminino,0,-2,Ágata,5.0,7.3,7.2,9.5,5.6,7.417,6.952,7.34375,2022
735,Feminino,0,-2,Ametista,5.0,7.3,9.0,9.0,5.6,8.583,7.485,6.8125,2022
735,Feminino,0,-2,Ametista,5.0,7.3,9.0,9.0,5.6,8.583,7.485,8.333333333,2022
735,Feminino,0,-2,Ametista,5.0,7.3,9.0,9.0,5.6,8.583,7.485,7.65625,2022
736,Masculino,0,-2,Ágata,5.0,5.4,8.5,9.0,5.6,7.0,6.707,7.0,2022
736,Masculino,0,-2,Ágata,5.0,5.4,8.5,9.0,5.6,7.0,6.707,7.708333333,2022
737,Feminino,0,-1,Ametista,5.0,9.0,9.2,9.5,5.6,9.167,8.058,8.75,2022
737,Feminino,0,-1,Ametista,5.0,9.0,9.2,9.5,5.6,9.167,8.058,7.291666667,2022
737,Feminino,0,-1,Ametista,5.0,9.0,9.2,9.5,5.6,9.167,8.058,7.5,2022
738,Feminino,0,0,Ametista,10.0,5.7,8.1,8.5,5.6,7.5,7.227,6.625,2022
738,Feminino,0,0,Ametista,10.0,5.7,8.1,8.5,5.6,7.5,7.227,8.4375,2022
738,Feminino,0,0,Ametista,10.0,5.7,8.1,8.5,5.6,7.5,7.227,6.875,2022
739,Masculino,0,0,Ágata,10.0,5.9,7.3,6.4,5.6,7.083,6.82,6.6354166666,2022
739,Masculino,0,0,Ágata,10.0,5.9,7.3,6.4,5.6,7.083,6.82,6.25,2022
740,Feminino,0,-1,Ametista,5.0,7.2,9.0,8.5,5.6,7.5,7.218,7.03125,2022
740,Feminino,0,-1,Ametista,5.0,7.2,9.0,8.5,5.6,7.5,7.218,6.875,2022
740,Feminino,0,-1,Ametista,5.0,7.2,9.0,8.5,5.6,7.5,7.218,8.541666667,2022
741,Feminino,0,-2,Ágata,5.0,6.3,8.4,9.5,5.6,7.417,6.896,5.958333333400001,2022
741,Feminino,0,-2,Ágata,5.0,6.3,8.4,9.5,5.6,7.417,6.896,5.625,2022
741,Feminino,0,-2,Ágata,5.0,6.3,8.4,9.5,5.6,7.417,6.896,5.833333333,2022
742,Feminino,0,-1,Ametista,5.0,7.3,8.7,8.5,5.0,7.5,7.097,6.90625,2022
742,Feminino,0,-1,Ametista,5.0,7.3,8.7,8.5,5.0,7.5,7.097,7.5,2022
743,Feminino,0,-1,Ágata,5.0,4.8,7.9,10.0,5.6,7.5,6.672,6.6458333334,2022
743,Feminino,0,-1,Ágata,5.0,4.8,7.9,10.0,5.6,7.5,6.672,7.5,2022
743,Feminino,0,-1,Ágata,5.0,4.8,7.9,10.0,5.6,7.5,6.672,7.5,2022
744,Feminino,0,0,Ametista,10.0,6.2,9.7,9.5,5.6,7.5,7.742,6.4375,2022
745,Masculino,0,-1,Ametista,5.0,8.1,8.5,9.0,5.6,7.75,7.382,7.1979166666,2022
745,Masculino,0,-1,Ametista,5.0,8.1,8.5,9.0,5.6,7.75,7.382,8.125,2022
745,Masculino,0,-1,Ametista,5.0,8.1,8.5,9.0,5.6,7.75,7.382,7.5,2022
746,Masculino,0,0,Ametista,10.0,7.2,9.1,8.0,5.6,7.417,7.656,7.0416666666,2022
746,Masculino,0,0,Ametista,10.0,7.2,9.1,8.0,5.6,7.417,7.656,6.875,2022
746,Masculino,0,0,Ametista,10.0,7.2,9.1,8.0,5.6,7.417,7.656,7.5,2022
747,Feminino,0,-2,Ametista,5.0,8.8,7.6,10.0,7.5,7.917,7.676,7.6875,2022
747,Feminino,0,-2,Ametista,5.0,8.8,7.6,10.0,7.5,7.917,7.676,6.041666667,2022
747,Feminino,0,-2,Ametista,5.0,8.8,7.6,10.0,7.5,7.917,7.676,7.083333333,2022
748,Masculino,0,-1,Topázio,5.0,9.1,9.0,10.0,7.5,8.25,8.084,7.9479166666,2022
748,Masculino,0,-1,Topázio,5.0,9.1,9.0,10.0,7.5,8.25,8.084,7.5,2022
748,Masculino,0,-1,Topázio,5.0,9.1,9.0,10.0,7.5,8.25,8.084,8.75,2022
749,Masculino,0,-1,Ametista,5.0,8.8,7.7,9.5,7.5,7.25,7.484,6.4166666668,2022
749,Masculino,0,-1,Ametista,5.0,8.8,7.7,9.5,7.5,7.25,7.484,5.625,2022
749,Masculino,0,-1,Ametista,5.0,8.8,7.7,9.5,7.5,7.25,7.484,8.4375,2022
750,Masculino,0,-2,Ágata,5.0,6.8,8.9,9.5,4.4,5.167,6.344,5.75,2022
750,Masculino,0,-2,Ágata,5.0,6.8,8.9,9.5,4.4,5.167,6.344,4.375,2022
750,Masculino,0,-2,Ágata,5.0,6.8,8.9,9.5,4.4,5.167,6.344,4.0625,2022
751,Masculino,0,-2,Quartzo,5.0,3.8,5.8,8.5,7.5,6.167,5.246,6.65625,2022
752,Feminino,0,-2,Topázio,5.0,9.5,9.0,10.0,7.5,8.417,8.197,8.0,2022
752,Feminino,0,-2,Topázio,5.0,9.5,9.0,10.0,7.5,8.417,8.197,7.65625,2022
752,Feminino,0,-2,Topázio,5.0,9.5,9.0,10.0,7.5,8.417,8.197,5.9375,2022
753,Feminino,0,0,Topázio,10.0,9.1,8.6,9.5,7.5,8.417,8.481,7.5,2022
753,Feminino,0,0,Topázio,10.0,9.1,8.6,9.5,7.5,8.417,8.481,7.5,2022
753,Feminino,0,0,Topázio,10.0,9.1,8.6,9.5,7.5,8.417,8.481,8.333333333,2022
754,Masculino,0,-1,Ágata,5.0,7.9,5.8,10.0,4.4,6.917,6.602,6.9583333334,2022
754,Masculino,0,-1,Ágata,5.0,7.9,5.8,10.0,4.4,6.917,6.602,6.875,2022
754,Masculino,0,-1,Ágata,5.0,7.9,5.8,10.0,4.4,6.917,6.602,2.5,2022
755,Masculino,0,0,Topázio,10.0,9.5,9.2,9.5,6.9,8.083,8.566,7.0625,2022
755,Masculino,0,0,Topázio,10.0,9.5,9.2,9.5,6.9,8.083,8.566,7.5,2022
755,Masculino,0,0,Topázio,10.0,9.5,9.2,9.5,6.9,8.083,8.566,9.0625,2022
756,Masculino,0,-1,Ágata,5.0,5.7,7.9,10.0,7.5,7.25,6.976,6.541666666599999,2022
756,Masculino,0,-1,Ágata,5.0,5.7,7.9,10.0,7.5,7.25,6.976,5.625,2022
756,Masculino,0,-1,Ágata,5.0,5.7,7.9,10.0,7.5,7.25,6.976,8.125,2022
757,Feminino,0,-1,Topázio,5.0,9.7,9.3,9.5,7.5,8.5,8.26,8.0416666666,2022
757,Feminino,0,-1,Topázio,5.0,9.7,9.3,9.5,7.5,8.5,8.26,7.5,2022
757,Feminino,0,-1,Topázio,5.0,9.7,9.3,9.5,7.5,8.5,8.26,8.125,2022
758,Masculino,0,-1,Ametista,5.0,8.1,9.1,9.0,7.5,8.333,7.911,6.6666666666,2022
759,Feminino,0,-2,Ametista,5.0,7.5,8.6,9.0,7.5,7.833,7.563,7.03125,2022
760,Masculino,0,-2,Topázio,5.0,8.8,9.2,9.0,7.5,8.917,8.172,8.3125,2022
760,Masculino,0,-2,Topázio,5.0,8.8,9.2,9.0,7.5,8.917,8.172,7.083333333,2022
760,Masculino,0,-2,Topázio,5.0,8.8,9.2,9.0,7.5,8.917,8.172,6.25,2022
761,Masculino,0,-1,Topázio,5.0,8.2,9.4,10.0,7.5,8.25,8.06,8.4270833332,2022
761,Masculino,0,-1,Topázio,5.0,8.2,9.4,10.0,7.5,8.25,8.06,8.333333333,2022
761,Masculino,0,-1,Topázio,5.0,8.2,9.4,10.0,7.5,8.25,8.06,8.75,2022
762,Masculino,0,-3,Ametista,2.5,6.7,9.7,10.0,7.5,7.083,7.28,6.28125,2022
762,Masculino,0,-3,Ametista,2.5,6.7,9.7,10.0,7.5,7.083,7.28,7.8125,2022
762,Masculino,0,-3,Ametista,2.5,6.7,9.7,10.0,7.5,7.083,7.28,6.5625,2022
763,Feminino,0,-2,Ametista,5.0,6.5,9.7,9.5,7.5,7.167,7.402,7.0104166666,2022
763,Feminino,0,-2,Ametista,5.0,6.5,9.7,9.5,7.5,7.167,7.402,6.875,2022
763,Feminino,0,-2,Ametista,5.0,6.5,9.7,9.5,7.5,7.167,7.402,7.708333333,2022
764,Masculino,0,0,Ametista,10.0,7.5,8.8,9.0,7.5,7.667,8.004,6.4166666666,2022
764,Masculino,0,0,Ametista,10.0,7.5,8.8,9.0,7.5,7.667,8.004,8.28125,2022
764,Masculino,0,0,Ametista,10.0,7.5,8.8,9.0,7.5,7.667,8.004,8.4375,2022
765,Masculino,0,-1,Ágata,5.0,4.3,9.3,8.5,7.5,7.417,6.902,6.7916666666,2022
766,Feminino,0,-2,Topázio,5.0,8.7,9.5,10.0,7.5,8.333,8.185,7.84375,2022
766,Feminino,0,-2,Topázio,5.0,8.7,9.5,10.0,7.5,8.333,8.185,9.21875,2022
767,Masculino,0,-2,Ametista,5.0,7.0,9.0,9.5,7.5,7.583,7.511,6.28125,2022
767,Masculino,0,-2,Ametista,5.0,7.0,9.0,9.5,7.5,7.583,7.511,7.291666667,2022
767,Masculino,0,-2,Ametista,5.0,7.0,9.0,9.5,7.5,7.583,7.511,8.541666667,2022
768,Feminino,0,-2,Ametista,5.0,7.1,10.0,9.0,7.5,7.583,7.646,7.3854166666,2022
768,Feminino,0,-2,Ametista,5.0,7.1,10.0,9.0,7.5,7.583,7.646,7.5,2022
768,Feminino,0,-2,Ametista,5.0,7.1,10.0,9.0,7.5,7.583,7.646,8.125,2022
769,Feminino,0,-1,Ametista,5.0,7.9,7.5,10.0,7.5,8.5,7.598,8.25,2022
769,Feminino,0,-1,Ametista,5.0,7.9,7.5,10.0,7.5,8.5,7.598,7.8125,2022
769,Feminino,0,-1,Ametista,5.0,7.9,7.5,10.0,7.5,8.5,7.598,7.916666667,2022
770,Masculino,0,0,Topázio,10.0,8.3,8.9,9.5,7.5,7.333,8.143,6.9375,2022
770,Masculino,0,0,Topázio,10.0,8.3,8.9,9.5,7.5,7.333,8.143,6.875,2022
770,Masculino,0,0,Topázio,10.0,8.3,8.9,9.5,7.5,7.333,8.143,7.5,2022
771,Feminino,0,0,Ametista,10.0,7.0,8.3,10.0,7.5,7.5,7.873,6.625,2022
771,Feminino,0,0,Ametista,10.0,7.0,8.3,10.0,7.5,7.5,7.873,6.25,2022
771,Feminino,0,0,Ametista,10.0,7.0,8.3,10.0,7.5,7.5,7.873,5.625,2022
772,Masculino,0,-2,Ágata,5.0,9.2,5.4,9.0,7.5,7.25,6.994,6.9479166668,2022
772,Masculino,0,-2,Ágata,5.0,9.2,5.4,9.0,7.5,7.25,6.994,6.875,2022
773,Feminino,0,-1,Ágata,5.0,8.1,6.8,10.0,5.0,7.083,6.922,7.0833333334,2022
773,Feminino,0,-1,Ágata,5.0,8.1,6.8,10.0,5.0,7.083,6.922,5.625,2022
773,Feminino,0,-1,Ágata,5.0,8.1,6.8,10.0,5.0,7.083,6.922,7.5,2022
774,Feminino,0,0,Ametista,10.0,6.1,7.8,10.0,7.5,7.417,7.587,6.625,2022
774,Feminino,0,0,Ametista,10.0,6.1,7.8,10.0,7.5,7.417,7.587,5.0,2022
774,Feminino,0,0,Ametista,10.0,6.1,7.8,10.0,7.5,7.417,7.587,6.25,2022
775,Masculino,0,-2,Quartzo,5.0,5.7,5.7,7.9,4.4,6.417,5.79,5.8645833334,2022
776,Feminino,0,-1,Quartzo,5.0,1.7,4.3,0.0,4.4,6.333,3.898,7.0208333334,2022
776,Feminino,0,-1,Quartzo,5.0,1.7,4.3,0.0,4.4,6.333,3.898,7.8125,2022
776,Feminino,0,-1,Quartzo,5.0,1.7,4.3,0.0,4.4,6.333,3.898,8.333333333,2022
777,Masculino,0,0,Ametista,10.0,5.3,7.7,8.0,7.5,7.0,7.096,6.4583333332,2022
777,Masculino,0,0,Ametista,10.0,5.3,7.7,8.0,7.5,7.0,7.096,8.28125,2022
777,Masculino,0,0,Ametista,10.0,5.3,7.7,8.0,7.5,7.0,7.096,8.125,2022
778,Feminino,0,-1,Ametista,5.0,7.1,6.7,10.0,7.5,8.833,7.432,8.125,2022
778,Feminino,0,-1,Ametista,5.0,7.1,6.7,10.0,7.5,8.833,7.432,8.90625,2022
778,Feminino,0,-1,Ametista,5.0,7.1,6.7,10.0,7.5,8.833,7.432,7.5,2022
779,Masculino,0,-2,Quartzo,5.0,2.6,5.0,9.5,7.5,7.083,5.702,7.15625,2022
780,Feminino,0,-1,Ágata,5.0,6.9,7.6,8.0,7.5,7.167,6.955,6.2916666668,2022
780,Feminino,0,-1,Ágata,5.0,6.9,7.6,8.0,7.5,7.167,6.955,8.75,2022
780,Feminino,0,-1,Ágata,5.0,6.9,7.6,8.0,7.5,7.167,6.955,8.958333333,2022
781,Feminino,0,-1,Ametista,5.0,8.3,8.9,10.0,7.5,7.75,7.786,7.625,2022
781,Feminino,0,-1,Ametista,5.0,8.3,8.9,10.0,7.5,7.75,7.786,8.4375,2022
781,Feminino,0,-1,Ametista,5.0,8.3,8.9,10.0,7.5,7.75,7.786,8.4375,2022
782,Masculino,0,0,Ametista,10.0,6.0,8.4,9.5,7.5,7.0,7.485,6.3333333332,2022
782,Masculino,0,0,Ametista,10.0,6.0,8.4,9.5,7.5,7.0,7.485,7.5,2022
782,Masculino,0,0,Ametista,10.0,6.0,8.4,9.5,7.5,7.0,7.485,7.5,2022
783,Masculino,0,0,Ágata,10.0,6.0,5.8,9.5,7.5,6.917,6.996,6.458333333400001,2022
783,Masculino,0,0,Ágata,10.0,6.0,5.8,9.5,7.5,6.917,6.996,7.5,2022
784,Masculino,0,-1,Topázio,5.0,8.2,10.0,9.5,7.5,9.25,8.34,8.6875,2022
784,Masculino,0,-1,Topázio,5.0,8.2,10.0,9.5,7.5,9.25,8.34,8.125,2022
784,Masculino,0,-1,Topázio,5.0,8.2,10.0,9.5,7.5,9.25,8.34,9.375,2022
785,Feminino,0,-1,Ametista,5.0,8.4,8.6,9.0,7.5,7.667,7.642,7.75,2022
785,Feminino,0,-1,Ametista,5.0,8.4,8.6,9.0,7.5,7.667,7.642,7.916666667,2022
785,Feminino,0,-1,Ametista,5.0,8.4,8.6,9.0,7.5,7.667,7.642,8.75,2022
786,Masculino,0,-2,Ágata,5.0,6.1,9.5,9.0,5.6,7.167,7.004,6.4166666666,2022
787,Masculino,0,0,Ametista,10.0,3.4,9.5,8.5,7.5,7.25,7.205,7.0416666666,2022
787,Masculino,0,0,Ametista,10.0,3.4,9.5,8.5,7.5,7.25,7.205,5.625,2022
787,Masculino,0,0,Ametista,10.0,3.4,9.5,8.5,7.5,7.25,7.205,7.1875,2022
788,Masculino,0,0,Topázio,10.0,8.0,9.3,10.0,5.6,8.667,8.264,7.0,2022
788,Masculino,0,0,Topázio,10.0,8.0,9.3,10.0,5.6,8.667,8.264,7.65625,2022
788,Masculino,0,0,Topázio,10.0,8.0,9.3,10.0,5.6,8.667,8.264,8.4375,2022
789,Feminino,0,0,Ametista,10.0,4.2,9.4,9.0,7.5,7.417,7.405,6.5,2022
789,Feminino,0,0,Ametista,10.0,4.2,9.4,9.0,7.5,7.417,7.405,7.5,2022
789,Feminino,0,0,Ametista,10.0,4.2,9.4,9.0,7.5,7.417,7.405,9.166666667,2022
790,Feminino,0,-2,Ametista,5.0,7.8,8.9,9.0,7.5,7.417,7.504,7.375,2022
790,Feminino,0,-2,Ametista,5.0,7.8,8.9,9.0,7.5,7.417,7.504,7.083333333,2022
790,Feminino,0,-2,Ametista,5.0,7.8,8.9,9.0,7.5,7.417,7.504,7.1875,2022
791,Feminino,0,-2,Ametista,5.0,6.5,8.7,9.5,7.5,8.5,7.507,6.78125,2022
791,Feminino,0,-2,Ametista,5.0,6.5,8.7,9.5,7.5,8.5,7.507,7.8125,2022
792,Feminino,0,-1,Ágata,5.0,6.2,8.0,9.5,7.5,7.167,7.025,6.4791666668,2022
792,Feminino,0,-1,Ágata,5.0,6.2,8.0,9.5,7.5,7.167,7.025,6.875,2022
792,Feminino,0,-1,Ágata,5.0,6.2,8.0,9.5,7.5,7.167,7.025,8.125,2022
793,Masculino,0,-2,Ágata,5.0,6.0,7.6,9.5,7.5,7.333,6.894,6.458333333400001,2022
794,Feminino,0,0,Ametista,10.0,4.1,8.9,9.5,7.5,7.333,7.335,6.3125,2022
794,Feminino,0,0,Ametista,10.0,4.1,8.9,9.5,7.5,7.333,7.335,7.5,2022
794,Feminino,0,0,Ametista,10.0,4.1,8.9,9.5,7.5,7.333,7.335,8.125,2022
795,Feminino,0,0,Topázio,10.0,7.3,9.7,9.0,7.5,7.333,8.064,7.3125,2022
795,Feminino,0,0,Topázio,10.0,7.3,9.7,9.0,7.5,7.333,8.064,7.5,2022
795,Feminino,0,0,Topázio,10.0,7.3,9.7,9.0,7.5,7.333,8.064,8.958333333,2022
796,Feminino,0,-2,Ametista,5.0,5.4,9.3,9.5,7.5,7.667,7.232,7.3854166666,2022
796,Feminino,0,-2,Ametista,5.0,5.4,9.3,9.5,7.5,7.667,7.232,7.083333333,2022
796,Feminino,0,-2,Ametista,5.0,5.4,9.3,9.5,7.5,7.667,7.232,7.916666667,2022
797,Masculino,0,-2,Ametista,5.0,7.3,8.5,9.0,7.5,7.5,7.217,6.28125,2022
797,Masculino,0,-2,Ametista,5.0,7.3,8.5,9.0,7.5,7.5,7.217,6.041666667,2022
797,Masculino,0,-2,Ametista,5.0,7.3,8.5,9.0,7.5,7.5,7.217,6.666666667,2022
798,Masculino,0,-2,Ametista,5.0,6.3,8.3,8.0,7.5,7.667,7.049,6.53125,2022
798,Masculino,0,-2,Ametista,5.0,6.3,8.3,8.0,7.5,7.667,7.049,6.458333333,2022
798,Masculino,0,-2,Ametista,5.0,6.3,8.3,8.0,7.5,7.667,7.049,5.0,2022
799,Feminino,0,-2,Ametista,5.0,7.8,9.6,8.0,7.5,7.917,7.676,7.4479166666,2022
799,Feminino,0,-2,Ametista,5.0,7.8,9.6,8.0,7.5,7.917,7.676,8.333333333,2022
799,Feminino,0,-2,Ametista,5.0,7.8,9.6,8.0,7.5,7.917,7.676,7.916666667,2022
800,Masculino,0,0,Ágata,10.0,6.1,5.4,8.0,7.5,7.5,6.818,6.458333333400001,2022
801,Masculino,0,-1,Ágata,5.0,6.8,6.6,7.0,7.5,7.5,6.644,6.875,2022
801,Masculino,0,-1,Ágata,5.0,6.8,6.6,7.0,7.5,7.5,6.644,6.875,2022
801,Masculino,0,-1,Ágata,5.0,6.8,6.6,7.0,7.5,7.5,6.644,6.25,2022
802,Masculino,0,-1,Ametista,5.0,8.3,9.0,9.0,7.5,8.333,7.831,6.6666666666,2022
802,Masculino,0,-1,Ametista,5.0,8.3,9.0,9.0,7.5,8.333,7.831,8.333333333,2022
802,Masculino,0,-1,Ametista,5.0,8.3,9.0,9.0,7.5,8.333,7.831,8.333333333,2022
803,Feminino,0,-2,Ágata,5.0,6.3,7.2,10.0,7.5,7.417,6.98,6.291666666799999,2022
804,Masculino,0,-2,Ágata,5.0,4.8,8.4,10.0,6.3,7.667,6.848,6.9583333334,2022
804,Masculino,0,-2,Ágata,5.0,4.8,8.4,10.0,6.3,7.667,6.848,5.833333333,2022
805,Masculino,0,0,Topázio,10.0,8.8,9.0,9.5,7.5,7.333,8.279,6.9375,2022
805,Masculino,0,0,Topázio,10.0,8.8,9.0,9.5,7.5,7.333,8.279,6.25,2022
805,Masculino,0,0,Topázio,10.0,8.8,9.0,9.5,7.5,7.333,8.279,7.03125,2022
806,Masculino,0,0,Ametista,10.0,6.6,7.3,9.5,7.5,7.917,7.561,7.4583333332,2022
806,Masculino,0,0,Ametista,10.0,6.6,7.3,9.5,7.5,7.917,7.561,6.875,2022
806,Masculino,0,0,Ametista,10.0,6.6,7.3,9.5,7.5,7.917,7.561,7.65625,2022
807,Masculino,0,0,Topázio,10.0,9.0,8.7,9.5,6.3,7.5,8.121,6.75,2022
807,Masculino,0,0,Topázio,10.0,9.0,8.7,9.5,6.3,7.5,8.121,6.25,2022
807,Masculino,0,0,Topázio,10.0,9.0,8.7,9.5,6.3,7.5,8.121,7.5,2022
808,Masculino,0,0,Topázio,10.0,9.3,9.1,10.0,6.3,8.0,8.361,6.625,2022
808,Masculino,0,0,Topázio,10.0,9.3,9.1,10.0,6.3,8.0,8.361,7.5,2022
808,Masculino,0,0,Topázio,10.0,9.3,9.1,10.0,6.3,8.0,8.361,8.125,2022
809,Masculino,0,0,Ametista,10.0,6.3,6.6,10.0,6.3,7.417,7.259,6.8645833332,2022
810,Masculino,0,0,Ametista,10.0,9.6,9.1,8.5,5.0,7.25,7.887,7.0833333334,2022
810,Masculino,0,0,Ametista,10.0,9.6,9.1,8.5,5.0,7.25,7.887,5.833333333,2022
810,Masculino,0,0,Ametista,10.0,9.6,9.1,8.5,5.0,7.25,7.887,6.458333333,2022
811,Feminino,0,-1,Ágata,5.0,7.3,5.7,8.9,5.6,7.667,6.575,7.4166666668,2022
812,Masculino,0,0,Ametista,10.0,7.4,8.1,9.0,5.6,7.333,7.497,7.3333333332,2022
812,Masculino,0,0,Ametista,10.0,7.4,8.1,9.0,5.6,7.333,7.497,6.875,2022
813,Masculino,0,0,Ametista,10.0,6.0,6.5,9.5,6.9,7.417,7.093,7.3333333332,2022
813,Masculino,0,0,Ametista,10.0,6.0,6.5,9.5,6.9,7.417,7.093,8.125,2022
814,Masculino,0,-1,Ametista,5.0,7.5,9.0,8.9,6.9,8.417,7.592,6.625,2022
814,Masculino,0,-1,Ametista,5.0,7.5,9.0,8.9,6.9,8.417,7.592,8.333333333,2022
814,Masculino,0,-1,Ametista,5.0,7.5,9.0,8.9,6.9,8.417,7.592,7.5,2022
815,Masculino,0,-1,Ágata,5.0,6.5,7.9,10.0,5.6,7.0,6.81,6.364583333400001,2022
815,Masculino,0,-1,Ágata,5.0,6.5,7.9,10.0,5.6,7.0,6.81,6.875,2022
816,Feminino,0,-1,Topázio,5.0,9.6,9.3,10.0,7.5,9.417,8.513,7.5,2022
816,Feminino,0,-1,Topázio,5.0,9.6,9.3,10.0,7.5,9.417,8.513,9.583333333,2022
816,Feminino,0,-1,Topázio,5.0,9.6,9.3,10.0,7.5,9.417,8.513,9.166666667,2022
817,Feminino,0,0,Ametista,10.0,7.1,8.7,10.0,6.3,7.417,7.819,6.625,2022
817,Feminino,0,0,Ametista,10.0,7.1,8.7,10.0,6.3,7.417,7.819,8.125,2022
818,Masculino,0,0,Ametista,10.0,6.2,7.3,9.5,7.5,7.5,7.483,7.3333333332,2022
818,Masculino,0,0,Ametista,10.0,6.2,7.3,9.5,7.5,7.5,7.483,8.125,2022
819,Masculino,0,0,Ametista,10.0,7.3,7.9,10.0,7.5,7.333,7.741,6.4166666666,2022
819,Masculino,0,0,Ametista,10.0,7.3,7.9,10.0,7.5,7.333,7.741,8.541666667,2022
819,Masculino,0,0,Ametista,10.0,7.3,7.9,10.0,7.5,7.333,7.741,8.4375,2022
820,Masculino,0,-1,Ametista,5.0,6.0,10.0,9.5,6.9,7.583,7.417,6.5520833334,2022
820,Masculino,0,-1,Ametista,5.0,6.0,10.0,9.5,6.9,7.583,7.417,9.0625,2022
820,Masculino,0,-1,Ametista,5.0,6.0,10.0,9.5,6.9,7.583,7.417,8.333333333,2022
821,Masculino,0,-2,Ágata,5.0,4.6,7.0,9.0,7.5,6.917,6.342,6.291666666599999,2022
821,Masculino,0,-2,Ágata,5.0,4.6,7.0,9.0,7.5,6.917,6.342,6.666666667,2022
822,Masculino,0,-2,Ágata,5.0,6.1,8.4,8.0,7.5,7.083,6.922,6.7083333334,2022
822,Masculino,0,-2,Ágata,5.0,6.1,8.4,8.0,7.5,7.083,6.922,5.625,2022
822,Masculino,0,-2,Ágata,5.0,6.1,8.4,8.0,7.5,7.083,6.922,6.666666667,2022
823,Feminino,0,-2,Quartzo,5.0,2.8,6.0,10.0,7.5,7.167,5.989,7.05,2022
824,Masculino,0,0,Ágata,10.0,6.0,4.4,10.0,6.9,7.333,6.799,6.9166666668,2022
825,Feminino,0,-1,Ametista,5.0,7.6,8.2,7.5,6.9,7.917,7.25,8.03125,2022
826,Masculino,0,0,Ametista,10.0,5.4,9.6,9.5,7.5,7.5,7.776,6.5416666666,2022
826,Masculino,0,0,Ametista,10.0,5.4,9.6,9.5,7.5,7.5,7.776,7.8125,2022
826,Masculino,0,0,Ametista,10.0,5.4,9.6,9.5,7.5,7.5,7.776,7.5,2022
827,Feminino,0,-2,Ametista,5.0,7.6,7.0,9.5,7.5,8.667,7.412,7.75,2022
827,Feminino,0,-2,Ametista,5.0,7.6,7.0,9.5,7.5,8.667,7.412,8.28125,2022
827,Feminino,0,-2,Ametista,5.0,7.6,7.0,9.5,7.5,8.667,7.412,7.65625,2022
828,Feminino,0,-1,Ametista,5.0,6.9,7.1,9.5,7.5,7.833,7.139,7.5625,2022
829,Feminino,0,0,Ametista,10.0,7.8,8.6,9.0,7.5,7.5,8.003,6.5,2022
829,Feminino,0,0,Ametista,10.0,7.8,8.6,9.0,7.5,7.5,8.003,9.21875,2022
829,Feminino,0,0,Ametista,10.0,7.8,8.6,9.0,7.5,7.5,8.003,8.90625,2022
830,Feminino,0,-1,Ametista,5.0,6.0,8.6,10.0,7.5,7.5,7.234,7.5729166666,2022
830,Feminino,0,-1,Ametista,5.0,6.0,8.6,10.0,7.5,7.5,7.234,6.25,2022
830,Feminino,0,-1,Ametista,5.0,6.0,8.6,10.0,7.5,7.5,7.234,8.333333333,2022
831,Masculino,0,-1,Ametista,5.0,7.2,9.2,9.5,7.5,7.167,7.41,6.2500000002,2022
831,Masculino,0,-1,Ametista,5.0,7.2,9.2,9.5,7.5,7.167,7.41,7.8125,2022
831,Masculino,0,-1,Ametista,5.0,7.2,9.2,9.5,7.5,7.167,7.41,7.916666667,2022
832,Masculino,0,-1,Topázio,5.0,8.8,9.2,10.0,7.5,8.833,8.179,8.2604166666,2022
832,Masculino,0,-1,Topázio,5.0,8.8,9.2,10.0,7.5,8.833,8.179,7.708333333,2022
832,Masculino,0,-1,Topázio,5.0,8.8,9.2,10.0,7.5,8.833,8.179,7.5,2022
833,Masculino,0,-1,Ametista,5.0,7.8,9.5,10.0,7.5,7.583,7.791,6.3125,2022
833,Masculino,0,-1,Ametista,5.0,7.8,9.5,10.0,7.5,7.583,7.791,8.4375,2022
833,Masculino,0,-1,Ametista,5.0,7.8,9.5,10.0,7.5,7.583,7.791,8.125,2022
834,Masculino,0,-1,Topázio,5.0,9.0,9.0,9.0,7.5,9.083,8.136,8.65625,2022
834,Masculino,0,-1,Topázio,5.0,9.0,9.0,9.0,7.5,9.083,8.136,9.6875,2022
834,Masculino,0,-1,Topázio,5.0,9.0,9.0,9.0,7.5,9.083,8.136,7.708333333,2022
835,Masculino,0,0,Ametista,10.0,7.5,7.3,6.9,7.5,6.667,7.263,6.2083333332,2022
835,Masculino,0,0,Ametista,10.0,7.5,7.3,6.9,7.5,6.667,7.263,6.875,2022
836,Masculino,0,-1,Ametista,5.0,9.2,8.3,8.5,7.5,7.583,7.665,6.895833333400001,2022
836,Masculino,0,-1,Ametista,5.0,9.2,8.3,8.5,7.5,7.583,7.665,6.875,2022
836,Masculino,0,-1,Ametista,5.0,9.2,8.3,8.5,7.5,7.583,7.665,7.34375,2022
837,Masculino,0,0,Topázio,10.0,8.8,9.0,8.5,7.5,7.5,8.207,6.9375,2022
837,Masculino,0,0,Topázio,10.0,8.8,9.0,8.5,7.5,7.5,8.207,7.916666667,2022
837,Masculino,0,0,Topázio,10.0,8.8,9.0,8.5,7.5,7.5,8.207,7.03125,2022
838,Masculino,0,-1,Ametista,5.0,6.3,7.4,10.0,7.5,9.417,7.461,7.21875,2022
839,Feminino,0,-1,Quartzo,5.0,5.4,5.1,0.0,7.5,6.583,5.198,7.40625,2022
840,Masculino,0,0,Ametista,10.0,7.8,8.2,9.0,7.5,7.5,7.875,6.4166666666,2022
840,Masculino,0,0,Ametista,10.0,7.8,8.2,9.0,7.5,7.5,7.875,7.5,2022
840,Masculino,0,0,Ametista,10.0,7.8,8.2,9.0,7.5,7.5,7.875,8.333333333,2022
841,Masculino,0,-2,Ametista,5.0,7.2,8.5,8.5,7.5,7.5,7.3,6.28125,2022
841,Masculino,0,-2,Ametista,5.0,7.2,8.5,8.5,7.5,7.5,7.3,7.5,2022
841,Masculino,0,-2,Ametista,5.0,7.2,8.5,8.5,7.5,7.5,7.3,7.03125,2022
842,Feminino,0,0,Ametista,10.0,9.1,8.3,7.5,7.5,8.25,7.952,7.5833333332,2022
842,Feminino,0,0,Ametista,10.0,9.1,8.3,7.5,7.5,8.25,7.952,5.625,2022
842,Feminino,0,0,Ametista,10.0,9.1,8.3,7.5,7.5,8.25,7.952,6.875,2022
843,Feminino,0,0,Topázio,10.0,9.2,9.0,8.5,7.5,8.417,8.538,7.625,2022
844,Masculino,0,0,Ágata,10.0,5.9,5.0,0.0,8.1,8.333,6.253,7.7083333332,2022
845,Feminino,0,0,Topázio,10.0,8.7,8.8,10.0,7.5,8.417,8.491,7.125,2022
846,Feminino,0,0,Ametista,10.0,5.9,7.2,9.0,7.5,7.917,7.412,6.625,2022
846,Feminino,0,0,Ametista,10.0,5.9,7.2,9.0,7.5,7.917,7.412,5.625,2022
847,Masculino,0,-1,Ágata,5.0,7.7,8.2,7.9,4.4,7.417,6.839,6.197916666599999,2022
847,Masculino,0,-1,Ágata,5.0,7.7,8.2,7.9,4.4,7.417,6.839,5.0,2022
847,Masculino,0,-1,Ágata,5.0,7.7,8.2,7.9,4.4,7.417,6.839,7.5,2022
848,Masculino,0,-1,Ametista,5.0,9.0,7.0,9.5,7.5,7.833,7.488,7.4895833334,2022
849,Masculino,0,-1,Ametista,5.0,9.1,8.3,8.5,7.5,7.417,7.369,6.458333333400001,2022
850,Masculino,0,0,Ametista,10.0,8.5,7.3,10.0,7.5,7.167,7.641,6.7604166666,2022
850,Masculino,0,0,Ametista,10.0,8.5,7.3,10.0,7.5,7.167,7.641,6.5625,2022
850,Masculino,0,0,Ametista,10.0,8.5,7.3,10.0,7.5,7.167,7.641,7.5,2022
851,Masculino,0,0,Ametista,10.0,8.3,7.9,9.0,7.5,6.583,7.515,6.260416666599999,2022
851,Masculino,0,0,Ametista,10.0,8.3,7.9,9.0,7.5,6.583,7.515,5.625,2022
851,Masculino,0,0,Ametista,10.0,8.3,7.9,9.0,7.5,6.583,7.515,5.625,2022
852,Feminino,0,0,Quartzo,10.0,2.1,6.8,9.0,5.0,5.5,5.666,6.21875,2022
853,Feminino,0,0,Topázio,10.0,8.5,9.6,10.0,7.5,8.5,8.616,7.125,2022
853,Feminino,0,0,Topázio,10.0,8.5,9.6,10.0,7.5,8.5,8.616,6.25,2022
853,Feminino,0,0,Topázio,10.0,8.5,9.6,10.0,7.5,8.5,8.616,8.333333333,2022
854,Feminino,0,0,Topázio,10.0,9.3,9.0,8.0,7.5,7.167,8.098,7.0,2022
854,Feminino,0,0,Topázio,10.0,9.3,9.0,8.0,7.5,7.167,8.098,5.625,2022
854,Feminino,0,0,Topázio,10.0,9.3,9.0,8.0,7.5,7.167,8.098,5.833333333,2022
855,Feminino,0,-1,Topázio,5.0,9.7,9.6,10.0,7.5,9.0,8.453,7.75,2022
855,Feminino,0,-1,Topázio,5.0,9.7,9.6,10.0,7.5,9.0,8.453,8.4375,2022
855,Feminino,0,-1,Topázio,5.0,9.7,9.6,10.0,7.5,9.0,8.453,7.5,2022
856,Masculino,0,0,Topázio,10.0,8.4,9.1,10.0,7.5,8.0,8.398,6.75,2022
856,Masculino,0,0,Topázio,10.0,8.4,9.1,10.0,7.5,8.0,8.398,5.625,2022
857,Feminino,0,-1,Topázio,5.0,9.5,8.9,8.5,7.5,9.083,8.154,7.9583333334,2022
857,Feminino,0,-1,Topázio,5.0,9.5,8.9,8.5,7.5,9.083,8.154,7.5,2022
858,Masculino,0,0,Ametista,10.0,7.7,7.1,10.0,5.6,7.333,7.523,7.1979166666,2022
858,Masculino,0,0,Ametista,10.0,7.7,7.1,10.0,5.6,7.333,7.523,8.125,2022
858,Masculino,0,0,Ametista,10.0,7.7,7.1,10.0,5.6,7.333,7.523,7.5,2022
859,Feminino,0,0,Topázio,10.0,8.9,8.7,8.5,7.5,8.25,8.325,7.125,2022
859,Feminino,0,0,Topázio,10.0,8.9,8.7,8.5,7.5,8.25,8.325,7.5,2022
859,Feminino,0,0,Topázio,10.0,8.9,8.7,8.5,7.5,8.25,8.325,8.958333333,2022
860,Masculino,0,0,Topázio,10.0,8.1,8.5,9.5,7.5,7.75,8.136,6.9375,2022
860,Masculino,0,0,Topázio,10.0,8.1,8.5,9.5,7.5,7.75,8.136,7.5,2022
860,Masculino,0,0,Topázio,10.0,8.1,8.5,9.5,7.5,7.75,8.136,8.75,2022
861,Feminino,0,0,Topázio,10.0,9.6,10.0,9.5,8.13,8.92,9.31095,8.4375,2023
861,Feminino,0,0,Topázio,10.0,9.6,10.0,9.5,8.13,8.92,9.31095,8.125,2023
862,Masculino,0,-1,Topázio,5.0,8.9,9.1,8.5,8.14,8.585,8.2212,7.5,2023
862,Masculino,0,-1,Topázio,5.0,8.9,9.1,8.5,8.14,8.585,8.2212,7.1875,2023
863,Masculino,0,0,Quartzo,10.0,6.3,7.6,0.0,3.14,6.26,5.92975,5.9375,2023
863,Masculino,0,0,Quartzo,10.0,6.3,7.6,0.0,3.14,6.26,5.92975,4.6875,2023
864,Feminino,0,0,Ametista,10.0,6.3,7.6,0.0,8.14,8.5,7.034,7.5,2023
865,Masculino,0,0,Topázio,10.0,7.4,8.7,8.5,7.52,7.915,8.1552,7.5,2023
866,Feminino,0,0,Ametista,10.0,8.6,8.3,0.0,8.76,8.415,7.679,7.5,2023
867,Masculino,0,0,Topázio,10.0,8.9,8.6,9.0,8.76,8.415,8.6992,7.5,2023
867,Masculino,0,0,Topázio,10.0,8.9,8.6,9.0,8.76,8.415,8.6992,7.5,2023
868,Masculino,0,0,Topázio,10.0,7.1,9.5,10.0,8.76,8.67,8.63895,7.1875,2023
868,Masculino,0,0,Topázio,10.0,7.1,9.5,10.0,8.76,8.67,8.63895,6.875,2023
869,Feminino,0,0,Topázio,10.0,9.6,10.0,9.0,8.76,8.75,9.2587,8.125,2023
870,Feminino,0,-1,Quartzo,5.0,1.5,8.5,0.0,8.76,5.165,4.909,5.0,2023
871,Masculino,0,-1,Ágata,5.0,6.9,9.5,9.0,3.76,6.84,6.8617,4.375,2023
871,Masculino,0,-1,Ágata,5.0,6.9,9.5,9.0,3.76,6.84,6.8617,5.3125,2023
872,Feminino,0,-2,Quartzo,5.0,4.3,6.7,0.0,2.52,8.5,5.267,6.25,2023
873,Feminino,0,-2,Ametista,5.0,7.0,9.7,8.5,7.52,8.67,7.8012,6.25,2023
873,Feminino,0,-2,Ametista,5.0,7.0,9.7,8.5,7.52,8.67,7.8012,7.1875,2023
874,Masculino,0,-1,Quartzo,5.0,4.8,8.2,0.0,7.52,6.67,5.811,6.25,2023
874,Masculino,0,-1,Quartzo,5.0,4.8,8.2,0.0,7.52,6.67,5.811,8.75,2023
875,Masculino,0,-1,Topázio,5.0,7.3,9.5,9.5,7.52,9.845,8.2712,7.5,2023
876,Masculino,0,0,Topázio,10.0,7.5,9.4,10.0,7.52,8.835,8.6492,7.5,2023
876,Masculino,0,0,Topázio,10.0,7.5,9.4,10.0,7.52,8.835,8.6492,8.333333333,2023
877,Masculino,0,-1,Ametista,5.0,6.9,9.5,9.5,7.52,7.5,7.4722,5.0,2023
878,Masculino,0,-2,Ágata,5.0,8.1,9.5,0.0,2.52,7.34,6.24,5.0,2023
878,Masculino,0,-2,Ágata,5.0,8.1,9.5,0.0,2.52,7.34,6.24,7.1875,2023
879,Feminino,0,-1,Ágata,5.0,8.2,9.8,0.0,2.52,8.915,6.8225,6.875,2023
879,Feminino,0,-1,Ágata,5.0,8.2,9.8,0.0,2.52,8.915,6.8225,7.8125,2023
880,Feminino,0,0,Ágata,10.0,6.3,9.4,0.0,2.52,8.585,6.724,6.25,2023
880,Feminino,0,0,Ágata,10.0,6.3,9.4,0.0,2.52,8.585,6.724,7.1875,2023
881,Masculino,0,0,Ametista,10.0,7.3,8.9,10.0,7.52,6.25,7.7322,5.0,2023
882,Feminino,0,0,Ágata,10.0,4.7,8.6,9.0,2.52,4.16,6.0092,3.75,2023
883,Feminino,0,0,Topázio,10.0,8.4,9.7,9.5,6.89,8.17,8.5082,6.25,2023
884,Feminino,0,0,Topázio,10.0,8.8,9.7,9.0,4.39,8.66,8.4587,6.875,2023
884,Feminino,0,0,Topázio,10.0,8.8,9.7,9.0,4.39,8.66,8.4587,7.5,2023
885,Masculino,0,0,Topázio,10.0,8.7,9.8,9.0,7.52,8.665,8.8252,7.5,2023
885,Masculino,0,0,Topázio,10.0,8.7,9.8,9.0,7.52,8.665,8.8252,7.5,2023
886,Feminino,0,0,Topázio,10.0,8.1,9.4,8.5,7.52,9.0,8.6422,7.5,2023
886,Feminino,0,0,Topázio,10.0,8.1,9.4,8.5,7.52,9.0,8.6422,7.5,2023
887,Masculino,0,0,Topázio,10.0,8.4,8.9,8.9,7.52,9.09,8.6718,7.5,2023
888,Masculino,0,0,Topázio,10.0,8.8,10.0,9.0,7.52,8.83,8.9182,7.5,2023
888,Masculino,0,0,Topázio,10.0,8.8,10.0,9.0,7.52,8.83,8.9182,7.5,2023
889,Masculino,0,0,Topázio,10.0,9.1,9.5,8.5,6.89,9.0,8.8092,7.5,2023
889,Masculino,0,0,Topázio,10.0,9.1,9.5,8.5,6.89,9.0,8.8092,7.5,2023
890,Masculino,0,0,Ágata,10.0,8.3,9.1,0.0,2.52,8.16,6.989,6.25,2023
891,Feminino,0,-1,Ametista,5.0,7.5,9.5,9.5,6.89,7.995,7.8882,7.5,2023
891,Feminino,0,-1,Ametista,5.0,7.5,9.5,9.5,6.89,7.995,7.8882,7.5,2023
684,Masculino,0,0,Ametista,10.0,6.5,8.1,9.0,7.52,5.84,7.4277,6.9375,2023
684,Masculino,0,0,Ametista,10.0,6.5,8.1,9.0,7.52,5.84,7.4277,6.875,2023
684,Masculino,0,0,Ametista,10.0,6.5,8.1,9.0,7.52,5.84,7.4277,7.5,2023
892,Masculino,0,0,Topázio,10.0,8.3,9.6,8.0,6.89,10.01,8.8112,7.5,2023
892,Masculino,0,0,Topázio,10.0,8.3,9.6,8.0,6.89,10.01,8.8112,8.125,2023
857,Feminino,0,-1,Topázio,5.0,8.5,9.0,8.5,7.52,9.01,8.1442,7.9583333334,2023
857,Feminino,0,-1,Topázio,5.0,8.5,9.0,8.5,7.52,9.01,8.1442,7.5,2023
893,Masculino,0,-1,Topázio,5.0,9.3,10.0,9.5,7.52,10.01,8.8042,7.5,2023
893,Masculino,0,-1,Topázio,5.0,9.3,10.0,9.5,7.52,10.01,8.8042,8.125,2023
894,Feminino,0,-1,Topázio,5.0,9.4,9.9,9.5,7.52,10.01,8.8142,7.5,2023
894,Feminino,0,-1,Topázio,5.0,9.4,9.9,9.5,7.52,10.01,8.8142,8.4375,2023
690,Feminino,0,-2,Topázio,5.0,9.1,9.8,9.0,6.89,10.01,8.6112,7.6041666666,2023
690,Feminino,0,-2,Topázio,5.0,9.1,9.8,9.0,6.89,10.01,8.6112,7.5,2023
690,Feminino,0,-2,Topázio,5.0,9.1,9.8,9.0,6.89,10.01,8.6112,8.4375,2023
895,Feminino,0,0,Topázio,10.0,6.8,9.5,9.5,7.52,9.5,8.5397,6.875,2023
895,Feminino,0,0,Topázio,10.0,6.8,9.5,9.5,7.52,9.5,8.5397,7.5,2023
896,Masculino,0,0,Topázio,10.0,8.5,10.0,9.5,6.89,10.01,9.0912,7.5,2023
896,Masculino,0,0,Topázio,10.0,8.5,10.0,9.5,6.89,10.01,9.0912,8.125,2023
693,Feminino,0,0,Topázio,10.0,8.5,9.4,10.0,6.89,10.01,9.0112,6.5,2023
693,Feminino,0,0,Topázio,10.0,8.5,9.4,10.0,6.89,10.01,9.0112,7.5,2023
693,Feminino,0,0,Topázio,10.0,8.5,9.4,10.0,6.89,10.01,9.0112,7.8125,2023
675,Masculino,0,0,Topázio,10.0,8.3,8.0,10.0,7.52,8.34,8.3577,6.7083333332,2023
675,Masculino,0,0,Topázio,10.0,8.3,8.0,10.0,7.52,8.34,8.3577,6.875,2023
850,Masculino,0,-1,Ágata,5.0,7.3,7.9,0.0,6.26,6.265,6.06525,6.7604166666,2023
850,Masculino,0,-1,Ágata,5.0,7.3,7.9,0.0,6.26,6.265,6.06525,6.5625,2023
850,Masculino,0,-1,Ágata,5.0,7.3,7.9,0.0,6.26,6.265,6.06525,7.5,2023
897,Masculino,0,-1,Quartzo,5.0,6.5,8.1,0.0,7.52,3.32,5.48225,6.5625,2023
897,Masculino,0,-1,Quartzo,5.0,6.5,8.1,0.0,7.52,3.32,5.48225,6.875,2023
842,Feminino,0,-1,Ametista,5.0,7.9,8.5,9.0,3.77,8.01,7.2117,7.5833333332,2023
842,Feminino,0,-1,Ametista,5.0,7.9,8.5,9.0,3.77,8.01,7.2117,5.625,2023
842,Feminino,0,-1,Ametista,5.0,7.9,8.5,9.0,3.77,8.01,7.2117,6.875,2023
898,Masculino,0,-1,Topázio,5.0,9.4,9.8,9.0,3.77,10.01,8.4217,8.125,2023
898,Masculino,0,-1,Topázio,5.0,9.4,9.8,9.0,3.77,10.01,8.4217,7.5,2023
899,Masculino,0,0,Topázio,10.0,9.5,9.8,10.0,3.77,9.34,8.8452,7.5,2023
899,Masculino,0,0,Topázio,10.0,9.5,9.8,10.0,3.77,9.34,8.8452,8.125,2023
900,Feminino,0,0,Topázio,10.0,7.8,9.8,9.0,9.38,8.67,8.8947,8.125,2023
900,Feminino,0,0,Topázio,10.0,7.8,9.8,9.0,9.38,8.67,8.8947,8.125,2023
846,Feminino,0,0,Ametista,10.0,6.0,8.2,9.5,3.77,8.67,7.4637,6.625,2023
846,Feminino,0,0,Ametista,10.0,6.0,8.2,9.5,3.77,8.67,7.4637,5.625,2023
901,Masculino,0,-2,Ametista,5.0,7.5,8.7,8.5,3.77,8.595,7.3112,6.25,2023
743,Feminino,0,-2,Ágata,5.0,7.1,9.1,0.0,3.77,9.01,6.659,6.6458333334,2023
743,Feminino,0,-2,Ágata,5.0,7.1,9.1,0.0,3.77,9.01,6.659,7.5,2023
743,Feminino,0,-2,Ágata,5.0,7.1,9.1,0.0,3.77,9.01,6.659,7.5,2023
681,Masculino,0,-2,Ágata,5.0,8.3,7.8,0.0,3.77,8.18,6.2955,7.15625,2023
681,Masculino,0,-2,Ágata,5.0,8.3,7.8,0.0,3.77,8.18,6.2955,5.625,2023
681,Masculino,0,-2,Ágata,5.0,8.3,7.8,0.0,3.77,8.18,6.2955,5.625,2023
902,Masculino,0,-3,Quartzo,2.5,3.9,9.3,10.0,2.52,6.5,5.97345,5.3125,2023
903,Feminino,0,0,Topázio,10.0,7.8,9.6,10.0,5.02,9.01,8.5242,7.5,2023
903,Feminino,0,0,Topázio,10.0,7.8,9.6,10.0,5.02,9.01,8.5242,7.8125,2023
851,Masculino,0,-1,Ágata,5.0,6.6,7.5,8.4,2.52,6.01,6.1683,6.260416666599999,2023
851,Masculino,0,-1,Ágata,5.0,6.6,7.5,8.4,2.52,6.01,6.1683,5.625,2023
851,Masculino,0,-1,Ágata,5.0,6.6,7.5,8.4,2.52,6.01,6.1683,5.625,2023
847,Masculino,0,-2,Ágata,5.0,7.6,9.1,7.9,2.52,5.84,6.5418,6.197916666599999,2023
847,Masculino,0,-2,Ágata,5.0,7.6,9.1,7.9,2.52,5.84,6.5418,5.0,2023
847,Masculino,0,-2,Ágata,5.0,7.6,9.1,7.9,2.52,5.84,6.5418,7.5,2023
904,Feminino,0,0,Topázio,10.0,6.4,9.3,9.0,7.52,7.836666667,8.140783333,7.8125,2023
904,Feminino,0,0,Topázio,10.0,6.4,9.3,9.0,7.52,7.836666667,8.140783333,7.5,2023
858,Masculino,0,0,Ametista,10.0,9.3,8.1,0.0,3.77,7.946666667,7.248833333,7.1979166666,2023
858,Masculino,0,0,Ametista,10.0,9.3,8.1,0.0,3.77,7.946666667,7.248833333,8.125,2023
858,Masculino,0,0,Ametista,10.0,9.3,8.1,0.0,3.77,7.946666667,7.248833333,7.5,2023
905,Masculino,0,-1,Ametista,5.0,8.3,9.4,9.5,7.52,7.056666667,7.831033333,6.875,2023
905,Masculino,0,-1,Ametista,5.0,8.3,9.4,9.5,7.52,7.056666667,7.831033333,6.875,2023
702,Feminino,0,-1,Topázio,5.0,9.3,10.0,10.0,5.63,7.833333333,8.239866667,6.229166666599999,2023
702,Feminino,0,-1,Topázio,5.0,9.3,10.0,10.0,5.63,7.833333333,8.239866667,7.5,2023
702,Feminino,0,-1,Topázio,5.0,9.3,10.0,10.0,5.63,7.833333333,8.239866667,7.8125,2023
725,Masculino,0,-1,Topázio,5.0,8.4,9.0,9.5,7.52,8.113333333,8.117366667,5.75,2023
725,Masculino,0,-1,Topázio,5.0,8.4,9.0,9.5,7.52,8.113333333,8.117366667,8.125,2023
725,Masculino,0,-1,Topázio,5.0,8.4,9.0,9.5,7.52,8.113333333,8.117366667,7.5,2023
906,Masculino,0,0,Topázio,10.0,8.6,9.2,7.5,7.52,6.95,8.1922,7.5,2023
907,Feminino,0,0,Topázio,10.0,9.3,9.6,9.5,7.52,8.336666667,8.962033333,8.125,2023
907,Feminino,0,0,Topázio,10.0,9.3,9.6,9.5,7.52,8.336666667,8.962033333,7.5,2023
908,Feminino,0,0,Topázio,10.0,7.9,9.0,9.0,7.52,8.223333333,8.479366667,8.125,2023
908,Feminino,0,0,Topázio,10.0,7.9,9.0,9.0,7.52,8.223333333,8.479366667,7.1875,2023
909,Feminino,0,-2,Topázio,5.0,9.2,9.9,10.0,7.52,8.056666667,8.486033333,8.125,2023
909,Feminino,0,-2,Topázio,5.0,9.2,9.9,10.0,7.52,8.056666667,8.486033333,6.875,2023
708,Masculino,0,-1,Ametista,5.0,9.2,9.8,0.0,7.52,8.28,7.5105,6.0416666668,2023
708,Masculino,0,-1,Ametista,5.0,9.2,9.8,0.0,7.52,8.28,7.5105,8.125,2023
910,Masculino,0,0,Ametista,10.0,8.9,8.8,0.0,7.52,8.17,7.801,8.75,2023
910,Masculino,0,0,Ametista,10.0,8.9,8.8,0.0,7.52,8.17,7.801,7.916666667,2023
671,Masculino,0,-2,Ágata,5.0,7.8,8.3,7.9,3.14,5.68,6.5143,6.291666666799999,2023
671,Masculino,0,-2,Ágata,5.0,7.8,8.3,7.9,3.14,5.68,6.5143,5.625,2023
836,Masculino,0,-2,Ametista,5.0,6.7,9.6,9.5,6.27,8.085,7.6417,6.895833333400001,2023
836,Masculino,0,-2,Ametista,5.0,6.7,9.6,9.5,6.27,8.085,7.6417,6.875,2023
836,Masculino,0,-2,Ametista,5.0,6.7,9.6,9.5,6.27,8.085,7.6417,7.34375,2023
911,Masculino,0,-2,Quartzo,5.0,3.4,6.7,9.0,2.52,7.01,5.59545,5.3125,2023
911,Masculino,0,-2,Quartzo,5.0,3.4,6.7,9.0,2.52,7.01,5.59545,6.041666667,2023
860,Masculino,0,0,Topázio,10.0,7.4,9.8,7.0,6.89,8.34,8.2372,6.9375,2023
860,Masculino,0,0,Topázio,10.0,7.4,9.8,7.0,6.89,8.34,8.2372,7.5,2023
860,Masculino,0,0,Topázio,10.0,7.4,9.8,7.0,6.89,8.34,8.2372,8.75,2023
727,Masculino,0,-1,Ametista,5.0,8.0,8.8,9.5,2.52,9.34,7.6802,6.760416666599999,2023
727,Masculino,0,-1,Ametista,5.0,8.0,8.8,9.5,2.52,9.34,7.6802,7.5,2023
727,Masculino,0,-1,Ametista,5.0,8.0,8.8,9.5,2.52,9.34,7.6802,8.125,2023
739,Masculino,0,-1,Ametista,5.0,7.6,8.3,9.0,7.52,8.25,7.5972,6.6354166666,2023
739,Masculino,0,-1,Ametista,5.0,7.6,8.3,9.0,7.52,8.25,7.5972,6.25,2023
740,Feminino,0,-2,Ametista,5.0,9.1,8.7,0.0,7.52,8.925,7.2845,7.03125,2023
740,Feminino,0,-2,Ametista,5.0,9.1,8.7,0.0,7.52,8.925,7.2845,6.875,2023
740,Feminino,0,-2,Ametista,5.0,9.1,8.7,0.0,7.52,8.925,7.2845,8.541666667,2023
912,Feminino,0,-1,Ametista,5.0,6.3,9.4,7.0,7.52,7.175,7.0797,5.625,2023
912,Feminino,0,-1,Ametista,5.0,6.3,9.4,7.0,7.52,7.175,7.0797,8.125,2023
706,Feminino,0,-2,Ametista,5.0,7.3,7.8,9.0,4.39,8.08,7.1527,7.75,2023
706,Feminino,0,-2,Ametista,5.0,7.3,7.8,9.0,4.39,8.08,7.1527,6.875,2023
706,Feminino,0,-2,Ametista,5.0,7.3,7.8,9.0,4.39,8.08,7.1527,7.65625,2023
840,Masculino,0,-1,Ametista,5.0,8.2,9.0,9.5,4.38,8.59,7.7862,6.4166666666,2023
840,Masculino,0,-1,Ametista,5.0,8.2,9.0,9.5,4.38,8.59,7.7862,7.5,2023
840,Masculino,0,-1,Ametista,5.0,8.2,9.0,9.5,4.38,8.59,7.7862,8.333333333,2023
841,Masculino,0,-2,Ágata,5.0,6.9,7.2,0.0,7.52,9.84,6.78,6.28125,2023
841,Masculino,0,-2,Ágata,5.0,6.9,7.2,0.0,7.52,9.84,6.78,7.5,2023
841,Masculino,0,-2,Ágata,5.0,6.9,7.2,0.0,7.52,9.84,6.78,7.03125,2023
709,Feminino,0,-2,Ágata,5.0,4.9,7.9,10.0,7.52,6.59,6.6927,7.20625,2023
709,Feminino,0,-2,Ágata,5.0,4.9,7.9,10.0,7.52,6.59,6.6927,5.625,2023
709,Feminino,0,-2,Ágata,5.0,4.9,7.9,10.0,7.52,6.59,6.6927,6.875,2023
913,Feminino,0,-2,Ametista,5.0,7.9,8.5,8.0,6.89,9.245,7.7432,6.25,2023
726,Feminino,0,0,Ametista,10.0,6.0,6.1,10.0,7.52,8.17,7.3687,6.552083333400001,2023
726,Feminino,0,0,Ametista,10.0,6.0,6.1,10.0,7.52,8.17,7.3687,5.625,2023
914,Feminino,0,0,Topázio,10.0,8.7,9.2,10.0,7.52,8.67,8.6912,6.25,2023
915,Feminino,0,0,Topázio,10.0,8.4,8.4,10.0,7.52,8.67,8.5962,7.5,2023
916,Feminino,0,-1,Ametista,5.0,6.6,9.7,9.5,2.52,9.005,7.3882,6.25,2023
916,Feminino,0,-1,Ametista,5.0,6.6,9.7,9.5,2.52,9.005,7.3882,6.5625,2023
917,Feminino,0,0,Quartzo,10.0,7.0,7.2,0.0,2.52,6.35,5.987,6.25,2023
918,Feminino,0,0,Ametista,10.0,7.7,8.7,10.0,2.52,7.01,7.4967,5.625,2023
918,Feminino,0,0,Ametista,10.0,7.7,8.7,10.0,2.52,7.01,7.4967,5.9375,2023
919,Masculino,0,-1,Ágata,5.0,5.3,8.4,0.0,7.52,8.09,6.225,6.25,2023
919,Masculino,0,-1,Ágata,5.0,5.3,8.4,0.0,7.52,8.09,6.225,6.875,2023
920,Feminino,0,0,Ágata,10.0,6.1,6.3,9.0,7.52,6.35,6.9647,5.625,2023
920,Feminino,0,0,Ágata,10.0,6.1,6.3,9.0,7.52,6.35,6.9647,7.1875,2023
921,Feminino,0,0,Ametista,10.0,6.3,9.7,9.0,7.52,6.68,7.7407,5.625,2023
921,Feminino,0,0,Ametista,10.0,6.3,9.7,9.0,7.52,6.68,7.7407,7.5,2023
922,Feminino,0,0,Topázio,10.0,8.4,9.7,8.5,3.14,10.01,8.5262,7.5,2023
922,Feminino,0,0,Topázio,10.0,8.4,9.7,8.5,3.14,10.01,8.5262,7.8125,2023
715,Feminino,0,-2,Quartzo,5.0,5.4,9.5,0.0,3.14,7.675,5.8915,6.833333333400001,2023
715,Feminino,0,-2,Quartzo,5.0,5.4,9.5,0.0,3.14,7.675,5.8915,5.625,2023
715,Feminino,0,-2,Quartzo,5.0,5.4,9.5,0.0,3.14,7.675,5.8915,5.0,2023
822,Masculino,0,-2,Ágata,5.0,7.1,8.4,8.5,2.52,5.925,6.4497,6.7083333334,2023
822,Masculino,0,-2,Ágata,5.0,7.1,8.4,8.5,2.52,5.925,6.4497,5.625,2023
822,Masculino,0,-2,Ágata,5.0,7.1,8.4,8.5,2.52,5.925,6.4497,6.666666667,2023
923,Feminino,0,0,Topázio,10.0,7.3,9.9,9.5,7.52,10.01,8.8842,7.5,2023
923,Feminino,0,0,Topázio,10.0,7.3,9.9,9.5,7.52,10.01,8.8842,8.125,2023
742,Feminino,0,-2,Ametista,5.0,7.5,7.6,0.0,7.52,10.01,7.024,6.90625,2023
742,Feminino,0,-2,Ametista,5.0,7.5,7.6,0.0,7.52,10.01,7.024,7.5,2023
924,Masculino,0,0,Ágata,10.0,5.0,5.6,9.0,7.52,5.93,6.5207,5.625,2023
924,Masculino,0,0,Ágata,10.0,5.0,5.6,9.0,7.52,5.93,6.5207,7.1875,2023
925,Masculino,0,0,Ametista,10.0,5.4,8.9,9.0,7.52,5.595,7.1837,5.625,2023
925,Masculino,0,0,Ametista,10.0,5.4,8.9,9.0,7.52,5.595,7.1837,7.1875,2023
853,Feminino,0,-1,Ametista,5.0,7.4,9.5,10.0,3.77,9.84,7.8402,7.125,2023
853,Feminino,0,-1,Ametista,5.0,7.4,9.5,10.0,3.77,9.84,7.8402,6.25,2023
853,Feminino,0,-1,Ametista,5.0,7.4,9.5,10.0,3.77,9.84,7.8402,8.333333333,2023
854,Feminino,0,0,Ágata,10.0,6.0,9.5,0.0,3.77,8.01,6.6415,7.0,2023
854,Feminino,0,0,Ágata,10.0,6.0,9.5,0.0,3.77,8.01,6.6415,5.625,2023
854,Feminino,0,0,Ágata,10.0,6.0,9.5,0.0,3.77,8.01,6.6415,5.833333333,2023
700,Feminino,0,-1,Topázio,5.0,7.8,9.7,9.5,7.52,9.84,8.2852,7.25,2023
700,Feminino,0,-1,Topázio,5.0,7.8,9.7,9.5,7.52,9.84,8.2852,6.25,2023
700,Feminino,0,-1,Topázio,5.0,7.8,9.7,9.5,7.52,9.84,8.2852,7.291666667,2023
701,Masculino,0,-2,Ametista,5.0,7.2,9.9,9.5,3.77,7.68,7.3982,6.7395833334,2023
701,Masculino,0,-2,Ametista,5.0,7.2,9.9,9.5,3.77,7.68,7.3982,6.25,2023
856,Masculino,0,0,Ametista,10.0,7.3,9.6,0.0,7.52,8.255,7.3355,6.75,2023
856,Masculino,0,0,Ametista,10.0,7.3,9.6,0.0,7.52,8.255,7.3355,5.625,2023
672,Feminino,0,-2,Ágata,5.0,6.4,9.5,7.9,2.52,6.43,6.5623,6.875,2023
672,Feminino,0,-2,Ágata,5.0,6.4,9.5,7.9,2.52,6.43,6.5623,5.625,2023
672,Feminino,0,-2,Ágata,5.0,6.4,9.5,7.9,2.52,6.43,6.5623,6.041666667,2023
859,Feminino,0,0,Topázio,10.0,7.3,9.2,8.0,7.52,10.01,8.6042,7.125,2023
859,Feminino,0,0,Topázio,10.0,7.3,9.2,8.0,7.52,10.01,8.6042,7.5,2023
859,Feminino,0,0,Topázio,10.0,7.3,9.2,8.0,7.52,10.01,8.6042,8.958333333,2023
704,Masculino,0,-2,Ágata,5.0,6.1,9.9,10.0,3.14,6.265,6.8297,6.0,2023
704,Masculino,0,-2,Ágata,5.0,6.1,9.9,10.0,3.14,6.265,6.8297,5.625,2023
704,Masculino,0,-2,Ágata,5.0,6.1,9.9,10.0,3.14,6.265,6.8297,6.458333333,2023
741,Feminino,0,-2,Ágata,5.0,5.1,6.9,9.5,4.39,7.095,6.2707,5.958333333400001,2023
741,Feminino,0,-2,Ágata,5.0,5.1,6.9,9.5,4.39,7.095,6.2707,5.625,2023
741,Feminino,0,-2,Ágata,5.0,5.1,6.9,9.5,4.39,7.095,6.2707,5.833333333,2023
719,Masculino,0,-2,Ágata,5.0,5.9,5.3,9.5,7.52,7.095,6.4137,7.05,2023
719,Masculino,0,-2,Ágata,5.0,5.9,5.3,9.5,7.52,7.095,6.4137,5.625,2023
719,Masculino,0,-2,Ágata,5.0,5.9,5.3,9.5,7.52,7.095,6.4137,7.5,2023
926,Feminino,0,-1,Ametista,5.0,6.8,10.0,9.0,3.77,9.51,7.7792,7.5,2023
926,Feminino,0,-1,Ametista,5.0,6.8,10.0,9.0,3.77,9.51,7.7792,8.333333333,2023
927,Feminino,0,-1,Ametista,5.0,6.4,9.7,9.0,3.77,9.255,7.5982,7.5,2023
927,Feminino,0,-1,Ametista,5.0,6.4,9.7,9.0,3.77,9.255,7.5982,8.333333333,2023
928,Feminino,0,0,Topázio,10.0,9.8,10.0,8.5,7.52,9.67,9.3712,8.75,2023
928,Feminino,0,0,Topázio,10.0,9.8,10.0,8.5,7.52,9.67,9.3712,8.541666667,2023
929,Feminino,0,0,Topázio,10.0,8.8,9.8,8.5,7.52,9.67,9.1312,8.75,2023
929,Feminino,0,0,Topázio,10.0,8.8,9.8,8.5,7.52,9.67,9.1312,8.125,2023
930,Masculino,0,0,Topázio,10.0,9.0,8.8,9.0,7.52,9.0,8.8872,8.75,2023
930,Masculino,0,0,Topázio,10.0,9.0,8.8,9.0,7.52,9.0,8.8872,7.8125,2023
931,Masculino,0,0,Ametista,10.0,7.8,8.2,8.5,2.52,7.6,7.3747,5.625,2023
931,Masculino,0,0,Ametista,10.0,7.8,8.2,8.5,2.52,7.6,7.3747,7.5,2023
932,Feminino,0,0,Topázio,10.0,7.5,7.9,9.5,7.52,9.0,8.3847,8.125,2023
933,Feminino,0,0,Topázio,10.0,7.7,8.4,9.0,7.52,9.67,8.6712,8.75,2023
934,Feminino,0,0,Topázio,10.0,8.7,9.6,9.0,7.52,9.67,9.1737,9.375,2023
934,Feminino,0,0,Topázio,10.0,8.7,9.6,9.0,7.52,9.67,9.1737,9.375,2023
935,Masculino,0,-1,Ametista,5.0,9.4,9.8,0.0,7.52,9.67,7.9535,9.375,2023
935,Masculino,0,-1,Ametista,5.0,9.4,9.8,0.0,7.52,9.67,7.9535,8.75,2023
936,Feminino,0,0,Topázio,10.0,6.5,10.0,9.0,7.52,8.915,8.5477,8.125,2023
937,Feminino,0,0,Topázio,10.0,9.2,9.6,9.5,7.52,9.67,9.3237,9.375,2023
937,Feminino,0,0,Topázio,10.0,9.2,9.6,9.5,7.52,9.67,9.3237,8.75,2023
756,Masculino,0,-2,Ametista,5.0,6.1,8.7,10.0,7.52,6.59,7.0927,6.541666666599999,2023
756,Masculino,0,-2,Ametista,5.0,6.1,8.7,10.0,7.52,6.59,7.0927,5.625,2023
756,Masculino,0,-2,Ametista,5.0,6.1,8.7,10.0,7.52,6.59,7.0927,8.125,2023
938,Masculino,0,-1,Ágata,5.0,4.2,8.4,8.5,7.52,7.5,6.7372,6.25,2023
938,Masculino,0,-1,Ágata,5.0,4.2,8.4,8.5,7.52,7.5,6.7372,8.125,2023
939,Feminino,0,-2,Ametista,5.0,5.4,10.0,9.0,7.52,10.01,7.9742,7.5,2023
939,Feminino,0,-2,Ametista,5.0,5.4,10.0,9.0,7.52,10.01,7.9742,8.125,2023
789,Feminino,0,0,Ametista,10.0,7.9,9.5,0.0,7.52,10.01,7.974,6.5,2023
789,Feminino,0,0,Ametista,10.0,7.9,9.5,0.0,7.52,10.01,7.974,7.5,2023
789,Feminino,0,0,Ametista,10.0,7.9,9.5,0.0,7.52,10.01,7.974,9.166666667,2023
792,Feminino,0,-2,Ametista,5.0,7.2,7.7,9.0,7.52,9.085,7.6267,6.4791666668,2023
792,Feminino,0,-2,Ametista,5.0,7.2,7.7,9.0,7.52,9.085,7.6267,6.875,2023
792,Feminino,0,-2,Ametista,5.0,7.2,7.7,9.0,7.52,9.085,7.6267,8.125,2023
940,Masculino,0,-2,Ágata,5.0,6.3,8.4,9.0,2.52,7.02,6.6112,6.25,2023
941,Feminino,0,0,Ametista,10.0,5.0,10.0,8.0,7.52,8.175,7.6872,5.0,2023
941,Feminino,0,0,Ametista,10.0,5.0,10.0,8.0,7.52,8.175,7.6872,8.125,2023
942,Feminino,0,-2,Ágata,5.0,7.1,8.9,9.5,2.52,7.0,6.8547,5.625,2023
943,Feminino,0,0,Topázio,10.0,8.0,9.4,9.5,7.52,9.925,8.9172,7.5,2023
943,Feminino,0,0,Topázio,10.0,8.0,9.4,9.5,7.52,9.925,8.9172,8.958333333,2023
782,Masculino,0,-1,Ametista,5.0,7.5,9.8,8.5,2.52,9.345,7.6812,6.3333333332,2023
782,Masculino,0,-1,Ametista,5.0,7.5,9.8,8.5,2.52,9.345,7.6812,7.5,2023
782,Masculino,0,-1,Ametista,5.0,7.5,9.8,8.5,2.52,9.345,7.6812,7.5,2023
768,Feminino,0,-2,Topázio,5.0,7.9,9.1,10.0,7.52,10.01,8.4042,7.3854166666,2023
768,Feminino,0,-2,Topázio,5.0,7.9,9.1,10.0,7.52,10.01,8.4042,7.5,2023
768,Feminino,0,-2,Topázio,5.0,7.9,9.1,10.0,7.52,10.01,8.4042,8.125,2023
794,Feminino,0,-1,Ametista,5.0,6.2,9.2,9.0,7.52,10.01,7.9842,6.3125,2023
794,Feminino,0,-1,Ametista,5.0,6.2,9.2,9.0,7.52,10.01,7.9842,7.5,2023
794,Feminino,0,-1,Ametista,5.0,6.2,9.2,9.0,7.52,10.01,7.9842,8.125,2023
795,Feminino,0,-1,Topázio,5.0,8.2,9.6,9.0,7.52,10.01,8.4642,7.3125,2023
795,Feminino,0,-1,Topázio,5.0,8.2,9.6,9.0,7.52,10.01,8.4642,7.5,2023
795,Feminino,0,-1,Topázio,5.0,8.2,9.6,9.0,7.52,10.01,8.4642,8.958333333,2023
944,Feminino,0,-1,Ametista,5.0,7.5,7.6,9.0,7.52,6.67,7.0687,5.625,2023
944,Feminino,0,-1,Ametista,5.0,7.5,7.6,9.0,7.52,6.67,7.0687,8.75,2023
945,Masculino,0,0,Topázio,10.0,7.9,9.2,8.5,7.52,6.84,8.0777,6.875,2023
945,Masculino,0,0,Topázio,10.0,7.9,9.2,8.5,7.52,6.84,8.0777,7.5,2023
946,Masculino,0,0,Topázio,10.0,9.3,9.4,9.5,7.52,7.0,8.5822,7.5,2023
946,Masculino,0,0,Topázio,10.0,9.3,9.4,9.5,7.52,7.0,8.5822,7.5,2023
754,Masculino,0,-2,Ágata,5.0,5.6,6.1,9.5,2.52,6.67,6.0537,6.9583333334,2023
754,Masculino,0,-2,Ágata,5.0,5.6,6.1,9.5,2.52,6.67,6.0537,6.875,2023
754,Masculino,0,-2,Ágata,5.0,5.6,6.1,9.5,2.52,6.67,6.0537,2.5,2023
947,Masculino,0,0,Ágata,10.0,3.3,7.9,9.0,7.52,5.08,6.3457,4.375,2023
947,Masculino,0,0,Ágata,10.0,3.3,7.9,9.0,7.52,5.08,6.3457,5.625,2023
948,Feminino,0,0,Ágata,10.0,0.0,7.6,9.0,7.52,8.34,6.5277,6.875,2023
949,Feminino,0,0,Topázio,10.0,8.9,8.1,9.5,7.52,6.5,8.0172,6.25,2023
949,Feminino,0,0,Topázio,10.0,8.9,8.1,9.5,7.52,6.5,8.0172,6.25,2023
950,Feminino,0,0,Topázio,10.0,9.3,10.0,9.0,7.52,8.17,8.8862,7.5,2023
950,Feminino,0,0,Topázio,10.0,9.3,10.0,9.0,7.52,8.17,8.8862,6.875,2023
773,Feminino,0,-1,Ágata,5.0,7.9,7.5,10.0,2.52,7.67,6.9287,7.0833333334,2023
773,Feminino,0,-1,Ágata,5.0,7.9,7.5,10.0,2.52,7.67,6.9287,5.625,2023
773,Feminino,0,-1,Ágata,5.0,7.9,7.5,10.0,2.52,7.67,6.9287,7.5,2023
951,Feminino,0,0,Topázio,10.0,8.4,9.7,9.5,7.52,9.09,8.8902,7.5,2023
951,Feminino,0,0,Topázio,10.0,8.4,9.7,9.5,7.52,9.09,8.8902,6.25,2023
769,Feminino,0,-2,Ametista,5.0,8.0,9.3,10.0,3.77,8.675,7.85345,8.25,2023
769,Feminino,0,-2,Ametista,5.0,8.0,9.3,10.0,3.77,8.675,7.85345,7.8125,2023
769,Feminino,0,-2,Ametista,5.0,8.0,9.3,10.0,3.77,8.675,7.85345,7.916666667,2023
952,Masculino,0,0,Topázio,10.0,9.0,9.2,9.5,3.77,8.425,8.37095,7.1875,2023
952,Masculino,0,0,Topázio,10.0,9.0,9.2,9.5,3.77,8.425,8.37095,8.333333333,2023
826,Masculino,0,-1,Ametista,5.0,7.3,10.0,10.0,3.77,8.34,7.77645,6.5416666666,2023
826,Masculino,0,-1,Ametista,5.0,7.3,10.0,10.0,3.77,8.34,7.77645,7.8125,2023
826,Masculino,0,-1,Ametista,5.0,7.3,10.0,10.0,3.77,8.34,7.77645,7.5,2023
953,Feminino,0,0,Ametista,10.0,8.3,8.8,7.4,3.14,7.09,7.54005,6.5625,2023
953,Feminino,0,0,Ametista,10.0,8.3,8.8,7.4,3.14,7.09,7.54005,8.125,2023
954,Feminino,0,0,Ágata,10.0,7.7,8.3,0.0,3.14,8.005,6.82375,7.1875,2023
954,Feminino,0,0,Ágata,10.0,7.7,8.3,0.0,3.14,8.005,6.82375,8.125,2023
780,Feminino,0,-2,Ametista,5.0,8.3,8.8,9.5,3.14,8.675,7.7842,6.2916666668,2023
780,Feminino,0,-2,Ametista,5.0,8.3,8.8,9.5,3.14,8.675,7.7842,8.75,2023
780,Feminino,0,-2,Ametista,5.0,8.3,8.8,9.5,3.14,8.675,7.7842,8.958333333,2023
955,Feminino,0,-2,Ametista,5.0,7.8,8.8,9.0,3.14,7.09,7.1297,6.875,2023
955,Feminino,0,-2,Ametista,5.0,7.8,8.8,9.0,3.14,7.09,7.1297,8.125,2023
831,Masculino,0,-1,Ametista,5.0,8.3,9.4,8.0,3.77,8.59,7.71645,6.2500000002,2023
831,Masculino,0,-1,Ametista,5.0,8.3,9.4,8.0,3.77,8.59,7.71645,7.8125,2023
831,Masculino,0,-1,Ametista,5.0,8.3,9.4,8.0,3.77,8.59,7.71645,7.916666667,2023
783,Masculino,0,-1,Ametista,5.0,8.9,6.8,9.5,3.77,7.925,7.2922,6.458333333400001,2023
783,Masculino,0,-1,Ametista,5.0,8.9,6.8,9.5,3.77,7.925,7.2922,7.5,2023
774,Feminino,0,-1,Quartzo,5.0,6.9,9.5,0.0,3.14,6.34,5.852,6.625,2023
774,Feminino,0,-1,Quartzo,5.0,6.9,9.5,0.0,3.14,6.34,5.852,5.0,2023
774,Feminino,0,-1,Quartzo,5.0,6.9,9.5,0.0,3.14,6.34,5.852,6.25,2023
748,Masculino,0,-2,Topázio,5.0,9.1,9.7,9.5,7.52,10.01,8.7142,7.9479166666,2023
748,Masculino,0,-2,Topázio,5.0,9.1,9.7,9.5,7.52,10.01,8.7142,7.5,2023
748,Masculino,0,-2,Topázio,5.0,9.1,9.7,9.5,7.52,10.01,8.7142,8.75,2023
749,Masculino,0,-1,Ametista,5.0,7.3,9.0,10.0,7.52,8.425,7.7597,6.4166666668,2023
749,Masculino,0,-1,Ametista,5.0,7.3,9.0,10.0,7.52,8.425,7.7597,5.625,2023
749,Masculino,0,-1,Ametista,5.0,7.3,9.0,10.0,7.52,8.425,7.7597,8.4375,2023
956,Masculino,0,-2,Ametista,5.0,7.8,7.5,8.0,7.52,9.345,7.7312,7.5,2023
956,Masculino,0,-2,Ametista,5.0,7.8,7.5,8.0,7.52,9.345,7.7312,7.083333333,2023
787,Masculino,0,-1,Ametista,5.0,5.9,9.8,9.0,7.52,8.34,7.5227,7.0416666666,2023
787,Masculino,0,-1,Ametista,5.0,5.9,9.8,9.0,7.52,8.34,7.5227,5.625,2023
787,Masculino,0,-1,Ametista,5.0,5.9,9.8,9.0,7.52,8.34,7.5227,7.1875,2023
957,Feminino,0,0,Topázio,10.0,9.1,9.3,10.0,7.52,9.925,9.1672,7.5,2023
753,Feminino,0,-1,Topázio,5.0,9.0,9.9,9.0,7.52,9.925,8.6672,7.5,2023
753,Feminino,0,-1,Topázio,5.0,9.0,9.9,9.0,7.52,9.925,8.6672,7.5,2023
753,Feminino,0,-1,Topázio,5.0,9.0,9.9,9.0,7.52,9.925,8.6672,8.333333333,2023
958,Feminino,0,0,Topázio,10.0,9.3,9.8,10.0,7.52,9.84,9.2902,7.5,2023
958,Feminino,0,0,Topázio,10.0,9.3,9.8,10.0,7.52,9.84,9.2902,9.53125,2023
755,Masculino,0,-1,Topázio,5.0,9.2,9.5,10.0,7.52,10.01,8.7442,7.0625,2023
755,Masculino,0,-1,Topázio,5.0,9.2,9.5,10.0,7.52,10.01,8.7442,7.5,2023
755,Masculino,0,-1,Topázio,5.0,9.2,9.5,10.0,7.52,10.01,8.7442,9.0625,2023
763,Feminino,0,-2,Ágata,5.0,7.9,9.2,0.0,3.14,9.0,6.7215,7.0104166666,2023
763,Feminino,0,-2,Ágata,5.0,7.9,9.2,0.0,3.14,9.0,6.7215,6.875,2023
763,Feminino,0,-2,Ágata,5.0,7.9,9.2,0.0,3.14,9.0,6.7215,7.708333333,2023
757,Feminino,0,-2,Topázio,5.0,9.3,9.6,9.0,7.52,10.01,8.6742,8.0416666666,2023
757,Feminino,0,-2,Topázio,5.0,9.3,9.6,9.0,7.52,10.01,8.6742,7.5,2023
757,Feminino,0,-2,Topázio,5.0,9.3,9.6,9.0,7.52,10.01,8.6742,8.125,2023
959,Masculino,0,0,Topázio,10.0,7.7,9.6,10.0,7.52,8.84,8.6677,6.875,2023
959,Masculino,0,0,Topázio,10.0,7.7,9.6,10.0,7.52,8.84,8.6677,7.8125,2023
960,Masculino,0,-2,Ametista,5.0,6.3,10.0,8.5,7.52,5.85,7.0847,5.625,2023
960,Masculino,0,-2,Ametista,5.0,6.3,10.0,8.5,7.52,5.85,7.0847,7.5,2023
961,Masculino,0,-1,Quartzo,5.0,6.2,8.7,0.0,2.52,8.665,5.99625,5.3125,2023
961,Masculino,0,-1,Quartzo,5.0,6.2,8.7,0.0,2.52,8.665,5.99625,5.9375,2023
962,Feminino,0,-1,Topázio,5.0,8.7,9.2,9.0,7.52,10.01,8.4742,7.5,2023
805,Masculino,0,-1,Ágata,5.0,6.8,9.1,0.0,7.52,7.175,6.492,6.9375,2023
805,Masculino,0,-1,Ágata,5.0,6.8,9.1,0.0,7.52,7.175,6.492,6.25,2023
805,Masculino,0,-1,Ágata,5.0,6.8,9.1,0.0,7.52,7.175,6.492,7.03125,2023
806,Masculino,0,-1,Ametista,5.0,7.8,8.3,8.5,6.27,7.095,7.2937,7.4583333332,2023
806,Masculino,0,-1,Ametista,5.0,7.8,8.3,8.5,6.27,7.095,7.2937,6.875,2023
806,Masculino,0,-1,Ametista,5.0,7.8,8.3,8.5,6.27,7.095,7.2937,7.65625,2023
807,Masculino,0,-1,Ametista,5.0,8.0,9.1,9.5,7.52,8.08,7.8632,6.75,2023
807,Masculino,0,-1,Ametista,5.0,8.0,9.1,9.5,7.52,8.08,7.8632,6.25,2023
807,Masculino,0,-1,Ametista,5.0,8.0,9.1,9.5,7.52,8.08,7.8632,7.5,2023
963,Feminino,0,-1,Topázio,5.0,8.5,9.8,9.5,7.52,10.01,8.6142,7.5,2023
963,Feminino,0,-1,Topázio,5.0,8.5,9.8,9.5,7.52,10.01,8.6142,8.125,2023
964,Masculino,0,-1,Ametista,5.0,7.2,9.4,8.5,7.52,8.5,7.7997,6.875,2023
964,Masculino,0,-1,Ametista,5.0,7.2,9.4,8.5,7.52,8.5,7.7997,7.96875,2023
965,Feminino,0,-1,Ágata,5.0,4.7,8.2,8.5,6.27,7.18,6.4832,5.0,2023
965,Feminino,0,-1,Ágata,5.0,4.7,8.2,8.5,6.27,7.18,6.4832,8.75,2023
966,Masculino,0,-1,Ametista,5.0,5.0,10.0,10.0,7.52,7.675,7.44345,6.5625,2023
966,Masculino,0,-1,Ametista,5.0,5.0,10.0,10.0,7.52,7.675,7.44345,8.125,2023
967,Masculino,0,-2,Ametista,5.0,6.5,8.0,9.5,7.52,7.35,7.1347,5.625,2023
967,Masculino,0,-2,Ametista,5.0,6.5,8.0,9.5,7.52,7.35,7.1347,5.78125,2023
968,Feminino,0,-1,Topázio,5.0,8.3,9.7,9.0,7.52,10.01,8.4942,7.5,2023
968,Feminino,0,-1,Topázio,5.0,8.3,9.7,9.0,7.52,10.01,8.4942,8.4375,2023
812,Masculino,0,0,Topázio,10.0,5.8,9.1,9.5,7.52,8.33,8.0357,7.3333333332,2023
812,Masculino,0,0,Topázio,10.0,5.8,9.1,9.5,7.52,8.33,8.0357,6.875,2023
969,Masculino,0,0,Ametista,10.0,5.5,9.7,8.5,7.52,7.51,7.7692,6.25,2023
969,Masculino,0,0,Ametista,10.0,5.5,9.7,8.5,7.52,7.51,7.7692,8.125,2023
970,Feminino,0,0,Topázio,10.0,9.4,8.1,8.5,7.52,9.84,8.9977,9.375,2023
971,Masculino,0,0,Ametista,10.0,6.9,6.4,7.8,3.77,8.17,7.0169,5.625,2023
971,Masculino,0,0,Ametista,10.0,6.9,6.4,7.8,3.77,8.17,7.0169,7.5,2023
972,Masculino,0,0,Ametista,10.0,6.0,9.1,9.0,3.77,7.84,7.5427,6.875,2023
972,Masculino,0,0,Ametista,10.0,6.0,9.1,9.0,3.77,7.84,7.5427,8.75,2023
973,Masculino,0,-1,Quartzo,5.0,5.2,8.6,0.0,3.77,7.415,5.82875,7.1875,2023
973,Masculino,0,-1,Quartzo,5.0,5.2,8.6,0.0,3.77,7.415,5.82875,7.5,2023
974,Masculino,0,0,Topázio,10.0,8.8,9.1,9.0,3.77,9.34,8.4752,7.5,2023
974,Masculino,0,0,Topázio,10.0,8.8,9.1,9.0,3.77,9.34,8.4752,7.5,2023
975,Feminino,0,0,Ametista,10.0,6.5,9.2,7.9,7.52,7.67,7.7803,5.625,2023
975,Feminino,0,0,Ametista,10.0,6.5,9.2,7.9,7.52,7.67,7.7803,6.875,2023
976,Masculino,0,0,Topázio,10.0,8.6,9.2,9.5,6.27,8.34,8.39895,5.9375,2023
977,Feminino,0,0,Ametista,10.0,5.8,7.4,8.5,5.02,8.085,7.1717,5.625,2023
977,Feminino,0,0,Ametista,10.0,5.8,7.4,8.5,5.02,8.085,7.1717,6.875,2023
978,Feminino,0,0,Topázio,10.0,8.6,9.8,9.0,3.77,9.34,8.3877,5.625,2023
978,Feminino,0,0,Topázio,10.0,8.6,9.8,9.0,3.77,9.34,8.3877,6.875,2023
979,Masculino,0,0,Topázio,10.0,6.0,9.6,9.5,6.27,9.51,8.1617,5.625,2023
979,Masculino,0,0,Topázio,10.0,6.0,9.6,9.5,6.27,9.51,8.1617,8.125,2023
980,Feminino,0,0,Ametista,10.0,6.3,9.8,0.0,5.02,9.34,7.1425,5.625,2023
980,Feminino,0,0,Ametista,10.0,6.3,9.8,0.0,5.02,9.34,7.1425,7.5,2023
808,Masculino,0,-1,Topázio,5.0,8.7,10.0,10.0,2.52,9.755,8.1932,6.625,2023
808,Masculino,0,-1,Topázio,5.0,8.7,10.0,10.0,2.52,9.755,8.1932,7.5,2023
808,Masculino,0,-1,Topázio,5.0,8.7,10.0,10.0,2.52,9.755,8.1932,8.125,2023
981,Feminino,0,0,Ametista,10.0,5.8,9.1,9.5,2.52,9.01,7.5367,5.625,2023
981,Feminino,0,0,Ametista,10.0,5.8,9.1,9.5,2.52,9.01,7.5367,6.25,2023
982,Masculino,0,0,Ametista,10.0,8.6,9.1,0.0,2.52,8.835,7.1215,5.625,2023
982,Masculino,0,0,Ametista,10.0,8.6,9.1,0.0,2.52,8.835,7.1215,6.875,2023
983,Masculino,0,0,Topázio,10.0,8.8,9.9,8.5,2.52,9.415,8.3502,6.25,2023
984,Feminino,0,0,Topázio,10.0,8.3,9.8,8.0,7.52,9.84,8.8177,6.875,2023
984,Feminino,0,0,Topázio,10.0,8.3,9.8,8.0,7.52,9.84,8.8177,8.125,2023
985,Masculino,0,0,Ametista,10.0,6.8,9.3,9.0,2.52,8.5,7.6247,5.625,2023
985,Masculino,0,0,Ametista,10.0,6.8,9.3,9.0,2.52,8.5,7.6247,7.5,2023
986,Feminino,0,0,Topázio,10.0,8.3,9.1,9.5,2.52,8.83,8.0107,5.625,2023
986,Feminino,0,0,Topázio,10.0,8.3,9.1,9.5,2.52,8.83,8.0107,7.083333333,2023
987,Masculino,0,0,Ametista,10.0,7.3,9.8,0.0,6.27,9.76,7.6765,6.875,2023
987,Masculino,0,0,Ametista,10.0,7.3,9.8,0.0,6.27,9.76,7.6765,7.708333333,2023
988,Feminino,0,-1,Ametista,5.0,8.5,8.1,7.9,7.52,9.84,7.9568,6.25,2023
988,Feminino,0,-1,Ametista,5.0,8.5,8.1,7.9,7.52,9.84,7.9568,8.333333333,2023
989,Masculino,0,-1,Ametista,5.0,8.3,8.1,9.5,2.52,10.01,7.7242,7.5,2023
989,Masculino,0,-1,Ametista,5.0,8.3,8.1,9.5,2.52,10.01,7.7242,7.1875,2023
677,Feminino,0,-1,Topázio,5.0,8.7,8.2,10.0,10.0,9.84,8.5257,7.4375,2023
677,Feminino,0,-1,Topázio,5.0,8.7,8.2,10.0,10.0,9.84,8.5257,6.875,2023
990,Masculino,0,-1,Ametista,5.0,7.8,8.5,0.0,7.52,10.01,7.254,7.5,2023
990,Masculino,0,-1,Ametista,5.0,7.8,8.5,0.0,7.52,10.01,7.254,8.4375,2023
991,Feminino,0,-1,Ametista,5.0,7.7,9.1,10.0,3.14,9.585,7.7687,6.875,2023
991,Feminino,0,-1,Ametista,5.0,7.7,9.1,10.0,3.14,9.585,7.7687,7.5,2023
992,Masculino,0,-2,Ametista,5.0,8.0,8.2,9.5,3.14,8.84,7.2722,5.0,2023
703,Masculino,0,-2,Ágata,5.0,4.6,8.4,9.5,3.14,6.16,6.2737,7.125,2023
703,Masculino,0,-2,Ágata,5.0,4.6,8.4,9.5,3.14,6.16,6.2737,6.875,2023
993,Feminino,0,0,Topázio,10.0,8.6,9.8,9.5,3.77,10.01,8.7592,7.5,2023
674,Masculino,0,-1,Ágata,5.0,5.2,8.5,7.9,3.77,8.67,6.6328,5.9166666666,2023
674,Masculino,0,-1,Ágata,5.0,5.2,8.5,7.9,3.77,8.67,6.6328,5.0,2023
994,Feminino,0,0,Ametista,10.0,6.0,9.4,9.5,3.77,7.265,7.4127,5.625,2023
994,Feminino,0,0,Ametista,10.0,6.0,9.4,9.5,3.77,7.265,7.4127,6.875,2023
995,Feminino,0,-2,Ágata,5.0,5.1,7.9,9.5,3.77,7.18,6.4782,6.25,2023
995,Feminino,0,-2,Ágata,5.0,5.1,7.9,9.5,3.77,7.18,6.4782,7.1875,2023
996,Masculino,0,-1,Topázio,5.0,8.6,9.2,10.0,3.77,10.01,8.1892,7.5,2023
997,Masculino,0,0,Ametista,10.0,7.1,8.7,7.5,3.77,8.595,7.5687,5.625,2023
998,Feminino,0,-2,Ametista,5.0,7.9,9.3,9.5,3.77,9.84,7.9752,7.5,2023
999,Masculino,0,-1,Topázio,5.0,8.3,9.4,9.0,3.77,9.84,8.0352,7.5,2023
750,Masculino,0,-2,Quartzo,5.0,3.4,7.7,9.5,3.14,6.32,5.6857,5.75,2023
750,Masculino,0,-2,Quartzo,5.0,3.4,7.7,9.5,3.14,6.32,5.6857,4.375,2023
750,Masculino,0,-2,Quartzo,5.0,3.4,7.7,9.5,3.14,6.32,5.6857,4.0625,2023
770,Masculino,0,0,Ágata,10.0,5.9,8.3,0.0,3.77,8.92,6.6785,6.9375,2023
770,Masculino,0,0,Ágata,10.0,5.9,8.3,0.0,3.77,8.92,6.6785,6.875,2023
770,Masculino,0,0,Ágata,10.0,5.9,8.3,0.0,3.77,8.92,6.6785,7.5,2023
771,Feminino,0,0,Ametista,10.0,8.2,8.8,0.0,3.14,8.585,7.056,6.625,2023
771,Feminino,0,0,Ametista,10.0,8.2,8.8,0.0,3.14,8.585,7.056,6.25,2023
771,Feminino,0,0,Ametista,10.0,8.2,8.8,0.0,3.14,8.585,7.056,5.625,2023
1000,Feminino,0,0,Ametista,10.0,7.0,9.4,8.5,3.77,8.92,7.9162,6.25,2023
1000,Feminino,0,0,Ametista,10.0,7.0,9.4,8.5,3.77,8.92,7.9162,8.125,2023
830,Feminino,0,-1,Ágata,5.0,8.3,8.9,0.0,3.14,9.505,6.78,7.5729166666,2023
830,Feminino,0,-1,Ágata,5.0,8.3,8.9,0.0,3.14,9.505,6.78,6.25,2023
830,Feminino,0,-1,Ágata,5.0,8.3,8.9,0.0,3.14,9.505,6.78,8.333333333,2023
1001,Feminino,0,-1,Topázio,5.0,7.8,9.1,9.0,7.52,9.17,8.1162,7.5,2023
1001,Feminino,0,-1,Topázio,5.0,7.8,9.1,9.0,7.52,9.17,8.1162,7.916666667,2023
1002,Feminino,0,-1,Ametista,5.0,7.0,9.7,9.0,7.52,8.92,7.9012,6.25,2023
1002,Feminino,0,-1,Ametista,5.0,7.0,9.7,9.0,7.52,8.92,7.9012,7.5,2023
1003,Masculino,0,0,Ametista,10.0,4.0,8.5,9.0,7.52,8.75,7.6522,7.5,2023
1003,Masculino,0,0,Ametista,10.0,4.0,8.5,9.0,7.52,8.75,7.6522,6.875,2023
835,Masculino,0,0,Topázio,10.0,8.7,8.5,8.0,7.52,7.835,8.2467,6.2083333332,2023
835,Masculino,0,0,Topázio,10.0,8.7,8.5,8.0,7.52,7.835,8.2467,6.875,2023
1004,Feminino,0,0,Topázio,10.0,7.9,9.6,9.0,7.52,7.42,8.3137,6.875,2023
1004,Feminino,0,0,Topázio,10.0,7.9,9.6,9.0,7.52,7.42,8.3137,7.5,2023
1005,Masculino,0,0,Topázio,10.0,8.8,7.9,9.5,7.52,8.165,8.4252,7.5,2023
1006,Feminino,0,0,Topázio,10.0,8.7,9.3,9.0,7.52,8.0,8.5922,7.5,2023
1006,Feminino,0,0,Topázio,10.0,8.7,9.3,9.0,7.52,8.0,8.5922,7.5,2023
705,Masculino,0,-2,Ágata,5.0,8.8,8.3,0.0,6.89,8.165,6.982,6.458333333400001,2023
705,Masculino,0,-2,Ágata,5.0,8.8,8.3,0.0,6.89,8.165,6.982,7.5,2023
705,Masculino,0,-2,Ágata,5.0,8.8,8.3,0.0,6.89,8.165,6.982,5.625,2023
1007,Masculino,0,0,Topázio,10.0,8.3,7.4,9.0,7.52,7.68,8.0782,7.5,2023
1008,Masculino,0,0,Topázio,10.0,8.4,8.6,9.0,7.52,7.5,8.13595,5.9375,2023
1008,Masculino,0,0,Topázio,10.0,8.4,8.6,9.0,7.52,7.5,8.13595,7.1875,2023
729,Feminino,0,-1,Ametista,5.0,8.6,9.1,8.0,3.77,7.01,7.26545,7.2083333334,2023
729,Feminino,0,-1,Ametista,5.0,8.6,9.1,8.0,3.77,7.01,7.26545,6.5625,2023
729,Feminino,0,-1,Ametista,5.0,8.6,9.1,8.0,3.77,7.01,7.26545,7.5,2023
1009,Masculino,0,0,Ametista,10.0,8.8,9.0,0.0,3.77,7.84,7.245,7.5,2023
1009,Masculino,0,0,Ametista,10.0,8.8,9.0,0.0,3.77,7.84,7.245,6.5625,2023
1010,Masculino,0,0,Topázio,10.0,9.4,10.0,9.5,3.77,8.59,8.70645,7.8125,2023
1011,Masculino,0,0,Ametista,10.0,5.2,8.6,9.5,3.77,7.675,7.33095,7.1875,2023
1012,Feminino,0,0,Ametista,10.0,6.6,9.9,10.0,3.77,7.845,7.96495,7.1875,2023
1012,Feminino,0,0,Ametista,10.0,6.6,9.9,10.0,3.77,7.845,7.96495,8.125,2023
1013,Masculino,0,0,Ametista,10.0,8.3,9.6,9.0,4.39,5.76,7.6237,5.625,2023
1013,Masculino,0,0,Ametista,10.0,8.3,9.6,9.0,4.39,5.76,7.6237,5.0,2023
1014,Feminino,0,0,Topázio,10.0,8.2,9.7,9.0,3.77,8.255,8.2582,7.5,2023
1014,Feminino,0,0,Topázio,10.0,8.2,9.7,9.0,3.77,8.255,8.2582,6.875,2023
1015,Feminino,1,-1,Ametista,5.0,6.3,9.3,10.0,6.27,7.786666667,7.538908333,7.34375,2023
1015,Feminino,1,-1,Ametista,5.0,6.3,9.3,10.0,6.27,7.786666667,7.538908333,6.041666667,2023
734,Feminino,1,-1,Ametista,5.0,6.9,8.0,8.5,7.52,7.446666667,7.305908333,6.583333333400001,2023
734,Feminino,1,-1,Ametista,5.0,6.9,8.0,8.5,7.52,7.446666667,7.305908333,7.34375,2023
687,Masculino,1,-1,Ametista,5.0,6.9,9.0,8.0,7.52,8.226666667,7.617533333,6.9583333332,2023
687,Masculino,1,-1,Ametista,5.0,6.9,9.0,8.0,7.52,8.226666667,7.617533333,7.5,2023
687,Masculino,1,-1,Ametista,5.0,6.9,9.0,8.0,7.52,8.226666667,7.617533333,8.75,2023
1016,Feminino,1,-1,Ametista,5.0,6.7,9.5,10.0,7.52,7.73,7.762575,7.34375,2023
1017,Masculino,1,-1,Ágata,5.0,7.7,8.0,0.0,5.02,8.116666667,6.505333333,7.5,2023
1017,Masculino,1,-1,Ágata,5.0,7.7,8.0,0.0,5.02,8.116666667,6.505333333,7.1875,2023
688,Masculino,1,-1,Topázio,5.0,8.6,9.3,8.5,7.52,8.06,8.0442,6.041666666599999,2023
688,Masculino,1,-1,Topázio,5.0,8.6,9.3,8.5,7.52,8.06,8.0442,7.5,2023
688,Masculino,1,-1,Topázio,5.0,8.6,9.3,8.5,7.52,8.06,8.0442,8.333333333,2023
1018,Masculino,1,0,Ágata,10.0,6.3,8.5,0.0,5.02,8.06,6.824,7.5,2023
1018,Masculino,1,0,Ágata,10.0,6.3,8.5,0.0,5.02,8.06,6.824,8.4375,2023
696,Feminino,1,0,Ametista,10.0,6.7,9.4,0.0,5.02,8.503333333,7.172666667,8.1041666666,2023
696,Feminino,1,0,Ametista,10.0,6.7,9.4,0.0,5.02,8.503333333,7.172666667,7.5,2023
696,Feminino,1,0,Ametista,10.0,6.7,9.4,0.0,5.02,8.503333333,7.172666667,7.708333333,2023
1019,Feminino,1,1,Ametista,10.0,4.3,9.1,7.5,5.02,7.836666667,7.177033333,6.875,2023
1019,Feminino,1,1,Ametista,10.0,4.3,9.1,7.5,5.02,7.836666667,7.177033333,7.8125,2023
514,Feminino,1,-1,Quartzo,5.0,5.5,7.5,7.9,2.52,5.896666667,5.823133333,6.5,2023
514,Feminino,1,-1,Quartzo,5.0,5.5,7.5,7.9,2.52,5.896666667,5.823133333,5.0,2023
514,Feminino,1,-1,Quartzo,5.0,5.5,7.5,7.9,2.52,5.896666667,5.823133333,5.625,2023
1020,Feminino,1,0,Ametista,10.0,6.1,9.1,10.0,2.52,8.056666667,7.612283333,7.1875,2023
1020,Feminino,1,0,Ametista,10.0,6.1,9.1,10.0,2.52,8.056666667,7.612283333,8.4375,2023
1021,Masculino,1,0,Ágata,10.0,3.3,9.2,8.0,3.77,7.893333333,6.964616667,7.1875,2023
1021,Masculino,1,0,Ágata,10.0,3.3,9.2,8.0,3.77,7.893333333,6.964616667,8.4375,2023
1022,Masculino,1,0,Ametista,10.0,4.7,8.5,8.5,3.77,7.893333333,7.164616667,7.1875,2023
1022,Masculino,1,0,Ametista,10.0,4.7,8.5,8.5,3.77,7.893333333,7.164616667,7.5,2023
1023,Feminino,1,0,Topázio,10.0,9.1,10.0,10.0,6.27,9.06,9.1342,8.75,2023
1023,Feminino,1,0,Topázio,10.0,9.1,10.0,10.0,6.27,9.06,9.1342,8.958333333,2023
699,Masculino,1,-1,Ágata,5.0,6.0,8.3,8.5,3.77,6.173333333,6.389991667,6.5625,2023
699,Masculino,1,-1,Ágata,5.0,6.0,8.3,8.5,3.77,6.173333333,6.389991667,5.78125,2023
699,Masculino,1,-1,Ágata,5.0,6.0,8.3,8.5,3.77,6.173333333,6.389991667,6.5625,2023
480,Feminino,1,-1,Topázio,5.0,7.9,9.7,10.0,7.52,8.336666667,8.226408333,8.1041666666,2023
480,Feminino,1,-1,Topázio,5.0,7.9,9.7,10.0,7.52,8.336666667,8.226408333,7.96875,2023
480,Feminino,1,-1,Topázio,5.0,7.9,9.7,10.0,7.52,8.336666667,8.226408333,7.8125,2023
678,Masculino,1,-1,Ametista,5.0,7.3,8.8,8.0,6.27,8.336666667,7.570158333,6.666666666599999,2023
678,Masculino,1,-1,Ametista,5.0,7.3,8.8,8.0,6.27,8.336666667,7.570158333,7.65625,2023
1024,Feminino,1,-1,Ametista,5.0,9.8,10.0,0.0,6.27,8.95,7.788875,9.21875,2023
1024,Feminino,1,-1,Ametista,5.0,9.8,10.0,0.0,6.27,8.95,7.788875,8.4375,2023
502,Feminino,1,0,Topázio,10.0,8.0,9.8,8.5,7.52,8.95,8.749075,7.7291666666,2023
502,Feminino,1,0,Topázio,10.0,8.0,9.8,8.5,7.52,8.95,8.749075,7.96875,2023
502,Feminino,1,0,Topázio,10.0,8.0,9.8,8.5,7.52,8.95,8.749075,9.0625,2023
1025,Masculino,1,0,Topázio,10.0,7.5,8.9,8.5,7.52,7.836666667,8.215158333,7.65625,2023
1025,Masculino,1,0,Topázio,10.0,7.5,8.9,8.5,7.52,7.836666667,8.215158333,8.4375,2023
680,Feminino,1,-1,Ágata,5.0,6.4,9.1,0.0,7.52,7.78,6.5855,7.28125,2023
680,Feminino,1,-1,Ágata,5.0,6.4,9.1,0.0,7.52,7.78,6.5855,6.875,2023
680,Feminino,1,-1,Ágata,5.0,6.4,9.1,0.0,7.52,7.78,6.5855,6.666666667,2023
1026,Feminino,1,-3,Ágata,2.5,3.2,9.8,8.5,7.52,7.06,6.494825,6.40625,2023
698,Masculino,1,0,Ametista,10.0,5.7,9.9,8.5,2.52,8.113333333,7.553616667,7.46875,2023
698,Masculino,1,0,Ametista,10.0,5.7,9.9,8.5,2.52,8.113333333,7.553616667,7.1875,2023
698,Masculino,1,0,Ametista,10.0,5.7,9.9,8.5,2.52,8.113333333,7.553616667,7.291666667,2023
533,Masculino,1,-1,Ametista,5.0,5.8,9.3,9.0,7.52,7.613333333,7.434866667,6.9270833332,2023
533,Masculino,1,-1,Ametista,5.0,5.8,9.3,9.0,7.52,7.613333333,7.434866667,7.5,2023
504,Feminino,1,0,Topázio,10.0,7.9,8.3,8.0,7.52,8.836666667,8.299533333,7.5,2023
504,Feminino,1,0,Topázio,10.0,7.9,8.3,8.0,7.52,8.836666667,8.299533333,7.5,2023
1027,Feminino,1,-1,Ametista,5.0,6.0,9.7,9.5,7.52,8.333333333,7.748866667,7.5,2023
1027,Feminino,1,-1,Ametista,5.0,6.0,9.7,9.5,7.52,8.333333333,7.748866667,7.916666667,2023
529,Masculino,1,-2,Ametista,5.0,6.8,9.6,8.0,7.52,6.893333333,7.278991667,6.71875,2023
529,Masculino,1,-2,Ametista,5.0,6.8,9.6,8.0,7.52,6.893333333,7.278991667,5.78125,2023
529,Masculino,1,-2,Ametista,5.0,6.8,9.6,8.0,7.52,6.893333333,7.278991667,4.791666667,2023
1028,Masculino,1,-1,Ágata,5.0,5.0,9.2,0.0,7.52,7.946666667,6.415708333,7.34375,2023
1028,Masculino,1,-1,Ágata,5.0,5.0,9.2,0.0,7.52,7.946666667,6.415708333,6.875,2023
686,Feminino,1,-1,Ametista,5.0,8.0,9.0,8.5,7.52,8.56,7.9642,8.21875,2023
686,Feminino,1,-1,Ametista,5.0,8.0,9.0,8.5,7.52,8.56,7.9642,7.5,2023
686,Feminino,1,-1,Ametista,5.0,8.0,9.0,8.5,7.52,8.56,7.9642,8.4375,2023
1029,Feminino,1,0,Ametista,10.0,5.4,6.3,10.0,3.77,8.006666667,7.058533333,7.5,2023
1029,Feminino,1,0,Ametista,10.0,5.4,6.3,10.0,3.77,8.006666667,7.058533333,7.5,2023
1030,Masculino,1,-1,Ametista,5.0,6.9,9.7,8.5,3.77,8.39,7.4027,6.875,2023
1030,Masculino,1,-1,Ametista,5.0,6.9,9.7,8.5,3.77,8.39,7.4027,7.8125,2023
522,Masculino,1,-1,Ametista,5.0,8.3,9.2,7.5,7.52,8.45,7.890533333,7.7083333334,2023
522,Masculino,1,-1,Ametista,5.0,8.3,9.2,7.5,7.52,8.45,7.890533333,7.083333333,2023
522,Masculino,1,-1,Ametista,5.0,8.3,9.2,7.5,7.52,8.45,7.890533333,8.4375,2023
501,Masculino,1,-1,Topázio,5.0,8.9,8.4,7.0,7.52,9.396666667,8.1357,6.3645833332,2023
501,Masculino,1,-1,Topázio,5.0,8.9,8.4,7.0,7.52,9.396666667,8.1357,8.541666667,2023
501,Masculino,1,-1,Topázio,5.0,8.9,8.4,7.0,7.52,9.396666667,8.1357,8.4375,2023
692,Feminino,1,-1,Ágata,5.0,4.6,7.7,7.4,7.52,7.39,6.588466667,7.7916666666,2023
692,Feminino,1,-1,Ágata,5.0,4.6,7.7,7.4,7.52,7.39,6.588466667,6.666666667,2023
527,Feminino,1,-1,Ametista,5.0,6.5,9.1,9.0,7.52,7.78,7.5682,6.4375,2023
527,Feminino,1,-1,Ametista,5.0,6.5,9.1,9.0,7.52,7.78,7.5682,7.5,2023
527,Feminino,1,-1,Ametista,5.0,6.5,9.1,9.0,7.52,7.78,7.5682,8.125,2023
1031,Masculino,1,-1,Ametista,5.0,5.9,8.8,8.0,7.52,7.006666667,7.0602,6.666666667,2023
1031,Masculino,1,-1,Ametista,5.0,5.9,8.8,8.0,7.52,7.006666667,7.0602,5.3125,2023
1032,Masculino,1,-1,Ametista,5.0,6.0,9.5,8.5,7.52,7.563333333,7.434033333,7.291666667,2023
1032,Masculino,1,-1,Ametista,5.0,6.0,9.5,8.5,7.52,7.563333333,7.434033333,7.8125,2023
1033,Feminino,1,-1,Topázio,5.0,7.9,8.9,9.0,7.52,9.006666667,8.126033333,8.125,2023
1034,Masculino,1,-1,Ametista,5.0,8.3,9.0,7.5,7.52,8.393333333,7.9642,8.333333333,2023
1034,Masculino,1,-1,Ametista,5.0,8.3,9.0,7.5,7.52,8.393333333,7.9642,7.708333333,2023
1035,Masculino,1,0,Ágata,10.0,5.8,8.3,0.0,7.52,7.78,6.888833333,7.708333333,2023
1035,Masculino,1,0,Ágata,10.0,5.8,8.3,0.0,7.52,7.78,6.888833333,8.4375,2023
730,Feminino,1,-1,Ametista,5.0,7.8,8.7,10.0,5.02,8.67,7.979325,7.15625,2023
730,Feminino,1,-1,Ametista,5.0,7.8,8.7,10.0,5.02,8.67,7.979325,9.53125,2023
730,Feminino,1,-1,Ametista,5.0,7.8,8.7,10.0,5.02,8.67,7.979325,9.166666667,2023
855,Feminino,1,0,Topázio,10.0,6.8,10.0,9.5,7.52,8.67,8.62995,7.75,2023
855,Feminino,1,0,Topázio,10.0,6.8,10.0,9.5,7.52,8.67,8.62995,8.4375,2023
855,Feminino,1,0,Topázio,10.0,6.8,10.0,9.5,7.52,8.67,8.62995,7.5,2023
820,Masculino,1,-1,Ametista,5.0,8.9,7.4,7.9,7.52,8.28,7.85605,6.5520833334,2023
820,Masculino,1,-1,Ametista,5.0,8.9,7.4,7.9,7.52,8.28,7.85605,9.0625,2023
820,Masculino,1,-1,Ametista,5.0,8.9,7.4,7.9,7.52,8.28,7.85605,8.333333333,2023
738,Feminino,1,0,Topázio,10.0,6.0,9.3,8.0,7.52,8.336666667,8.123283333,6.625,2023
738,Feminino,1,0,Topázio,10.0,6.0,9.3,8.0,7.52,8.336666667,8.123283333,8.4375,2023
738,Feminino,1,0,Topázio,10.0,6.0,9.3,8.0,7.52,8.336666667,8.123283333,6.875,2023
1036,Feminino,1,-1,Ágata,5.0,8.0,9.6,0.0,3.77,8.336666667,6.970583333,9.0625,2023
1036,Feminino,1,-1,Ágata,5.0,8.0,9.6,0.0,3.77,8.336666667,6.970583333,7.65625,2023
1037,Masculino,1,-1,Ametista,5.0,6.7,8.4,9.0,7.52,8.17,7.655575,8.59375,2023
576,Feminino,1,-1,Ametista,5.0,8.0,9.3,9.0,5.02,8.503333333,7.984741667,7.5625,2023
576,Feminino,1,-1,Ametista,5.0,8.0,9.3,9.0,5.02,8.503333333,7.984741667,9.21875,2023
576,Feminino,1,-1,Ametista,5.0,8.0,9.3,9.0,5.02,8.503333333,7.984741667,7.8125,2023
1038,Feminino,1,-1,Ametista,5.0,6.5,9.3,8.0,7.52,8.17,7.736825,8.90625,2023
1038,Feminino,1,-1,Ametista,5.0,6.5,9.3,8.0,7.52,8.17,7.736825,7.5,2023
1039,Masculino,1,-2,Ametista,5.0,6.2,9.9,8.0,7.52,8.056666667,7.686033333,8.125,2023
1039,Masculino,1,-2,Ametista,5.0,6.2,9.9,8.0,7.52,8.056666667,7.686033333,7.5,2023
1040,Masculino,1,-1,Ametista,5.0,6.6,9.3,10.0,7.52,8.06,7.81545,7.8125,2023
1040,Masculino,1,-1,Ametista,5.0,6.6,9.3,10.0,7.52,8.06,7.81545,7.5,2023
1041,Feminino,1,-1,Ágata,5.0,3.3,7.2,10.0,7.52,8.003333333,6.724116667,7.8125,2023
733,Feminino,1,0,Topázio,10.0,6.2,8.7,10.0,7.52,8.893333333,8.3342,6.083333333400001,2023
733,Feminino,1,0,Topázio,10.0,6.2,8.7,10.0,7.52,8.893333333,8.3342,8.333333333,2023
733,Feminino,1,0,Topázio,10.0,6.2,8.7,10.0,7.52,8.893333333,8.3342,8.90625,2023
837,Masculino,1,0,Topázio,10.0,7.0,9.3,9.0,7.52,7.836666667,8.2712,6.9375,2023
837,Masculino,1,0,Topázio,10.0,7.0,9.3,9.0,7.52,7.836666667,8.2712,7.916666667,2023
837,Masculino,1,0,Topázio,10.0,7.0,9.3,9.0,7.52,7.836666667,8.2712,7.03125,2023
519,Masculino,1,-1,Topázio,5.0,7.4,9.9,9.0,7.52,8.223333333,8.0177,6.4166666666,2023
519,Masculino,1,-1,Topázio,5.0,7.4,9.9,9.0,7.52,8.223333333,8.0177,7.708333333,2023
521,Masculino,1,-1,Ágata,5.0,7.9,9.9,0.0,3.77,8.166666667,6.768666667,7.7916666666,2023
521,Masculino,1,-1,Ágata,5.0,7.9,9.9,0.0,3.77,8.166666667,6.768666667,7.083333333,2023
521,Masculino,1,-1,Ágata,5.0,7.9,9.9,0.0,3.77,8.166666667,6.768666667,6.666666667,2023
1042,Masculino,1,-1,Quartzo,5.0,4.3,6.5,0.0,3.77,7.666666667,5.331166667,7.708333333,2023
713,Masculino,1,-1,Ametista,5.0,7.5,9.6,8.0,3.77,8.166666667,7.408033333,6.0416666668,2023
713,Masculino,1,-1,Ametista,5.0,7.5,9.6,8.0,3.77,8.166666667,7.408033333,6.875,2023
713,Masculino,1,-1,Ametista,5.0,7.5,9.6,8.0,3.77,8.166666667,7.408033333,7.03125,2023
736,Masculino,1,-1,Ametista,5.0,6.7,9.5,8.5,6.27,8.11,7.600033333,7.0,2023
736,Masculino,1,-1,Ametista,5.0,6.7,9.5,8.5,6.27,8.11,7.600033333,7.708333333,2023
1043,Masculino,1,-1,Ágata,5.0,2.5,7.9,10.0,6.27,7.833333333,6.5447,7.708333333,2023
1043,Masculino,1,-1,Ágata,5.0,2.5,7.9,10.0,6.27,7.833333333,6.5447,7.291666667,2023
716,Masculino,1,-1,Ágata,5.0,5.6,8.7,9.0,3.77,7.443333333,6.813366667,6.6458333334,2023
716,Masculino,1,-1,Ágata,5.0,5.6,8.7,9.0,3.77,7.443333333,6.813366667,6.875,2023
716,Masculino,1,-1,Ágata,5.0,5.6,8.7,9.0,3.77,7.443333333,6.813366667,6.71875,2023
1044,Feminino,1,-1,Ametista,5.0,6.1,9.7,8.0,7.52,8.336666667,7.629533333,7.5,2023
1044,Feminino,1,-1,Ametista,5.0,6.1,9.7,8.0,7.52,8.336666667,7.629533333,7.1875,2023
745,Masculino,1,-1,Ametista,5.0,7.0,9.3,9.5,3.77,8.893333333,7.668366667,7.1979166666,2023
745,Masculino,1,-1,Ametista,5.0,7.0,9.3,9.5,3.77,8.893333333,7.668366667,8.125,2023
745,Masculino,1,-1,Ametista,5.0,7.0,9.3,9.5,3.77,8.893333333,7.668366667,7.5,2023
717,Feminino,1,-1,Ágata,5.0,5.9,8.5,0.0,7.52,8.446666667,6.633833333,6.4375,2023
717,Feminino,1,-1,Ágata,5.0,5.9,8.5,0.0,7.52,8.446666667,6.633833333,8.125,2023
718,Feminino,1,0,Topázio,10.0,7.8,9.1,9.5,3.77,8.39,8.166866667,7.0,2023
718,Feminino,1,0,Topázio,10.0,7.8,9.1,9.5,3.77,8.39,8.166866667,7.916666667,2023
718,Feminino,1,0,Topázio,10.0,7.8,9.1,9.5,3.77,8.39,8.166866667,7.5,2023
721,Feminino,1,0,Topázio,10.0,8.4,9.5,8.5,7.52,8.443333333,8.683366667,6.625,2023
721,Feminino,1,0,Topázio,10.0,8.4,9.5,8.5,7.52,8.443333333,8.683366667,8.125,2023
721,Feminino,1,0,Topázio,10.0,8.4,9.5,8.5,7.52,8.443333333,8.683366667,8.75,2023
746,Masculino,1,0,Ágata,10.0,7.2,8.0,0.0,3.77,7.113333333,6.517166667,7.0416666666,2023
746,Masculino,1,0,Ágata,10.0,7.2,8.0,0.0,3.77,7.113333333,6.517166667,6.875,2023
746,Masculino,1,0,Ágata,10.0,7.2,8.0,0.0,3.77,7.113333333,6.517166667,7.5,2023
1045,Feminino,1,-1,Topázio,5.0,7.9,9.4,9.5,7.52,8.28,8.089033333,7.708333333,2023
483,Feminino,1,-2,Ágata,5.0,5.6,6.0,9.0,2.52,8.166666667,6.3972,7.5916666666,2023
483,Feminino,1,-2,Ágata,5.0,5.6,6.0,9.0,2.52,8.166666667,6.3972,7.916666667,2023
483,Feminino,1,-2,Ágata,5.0,5.6,6.0,9.0,2.52,8.166666667,6.3972,8.125,2023
1046,Masculino,1,0,Ágata,10.0,6.3,8.5,0.0,3.77,8.223333333,6.835833333,8.541666667,2023
1047,Masculino,1,0,Ametista,10.0,6.9,8.5,10.0,3.77,7.893333333,7.848366667,8.125,2023
570,Feminino,1,-1,Ágata,5.0,5.9,7.3,8.5,3.77,8.056666667,6.781033333,7.4979166666,2023
570,Feminino,1,-1,Ágata,5.0,5.9,7.3,8.5,3.77,8.056666667,6.781033333,8.125,2023
570,Feminino,1,-1,Ágata,5.0,5.9,7.3,8.5,3.77,8.056666667,6.781033333,7.1875,2023
1048,Feminino,1,-1,Ametista,5.0,8.2,9.5,8.5,3.77,8.5,7.811366667,8.541666667,2023
1048,Feminino,1,-1,Ametista,5.0,8.2,9.5,8.5,3.77,8.5,7.811366667,7.708333333,2023
1049,Masculino,1,-1,Ametista,5.0,6.3,7.7,10.0,7.52,7.943333333,7.443366667,8.125,2023
1049,Masculino,1,-1,Ametista,5.0,6.3,7.7,10.0,7.52,7.943333333,7.443366667,7.65625,2023
1050,Masculino,1,-1,Ametista,5.0,7.2,9.2,9.0,6.27,8.223333333,7.764366667,8.125,2023
1051,Feminino,1,0,Topázio,10.0,8.4,8.9,8.5,6.27,8.613333333,8.534866667,8.75,2023
707,Feminino,1,-1,Ágata,5.0,6.5,9.8,0.0,3.77,7.946666667,6.518,7.28125,2023
707,Feminino,1,-1,Ágata,5.0,6.5,9.8,0.0,3.77,7.946666667,6.518,7.916666667,2023
707,Feminino,1,-1,Ágata,5.0,6.5,9.8,0.0,3.77,7.946666667,6.518,6.40625,2023
1052,Masculino,1,0,Ágata,10.0,5.3,9.0,0.0,7.52,7.833333333,6.960333333,7.916666667,2023
1052,Masculino,1,0,Ágata,10.0,5.3,9.0,0.0,7.52,7.833333333,6.960333333,8.59375,2023
580,Feminino,1,-1,Topázio,5.0,9.0,9.8,8.5,7.52,8.67,8.4712,7.21875,2023
580,Feminino,1,-1,Topázio,5.0,9.0,9.8,8.5,7.52,8.67,8.4712,8.75,2023
580,Feminino,1,-1,Topázio,5.0,9.0,9.8,8.5,7.52,8.67,8.4712,7.03125,2023
581,Masculino,1,-1,Ametista,5.0,7.9,9.8,8.0,7.52,7.393333333,7.7167,6.604166666599999,2023
581,Masculino,1,-1,Ametista,5.0,7.9,9.8,8.0,7.52,7.393333333,7.7167,6.458333333,2023
581,Masculino,1,-1,Ametista,5.0,7.9,9.8,8.0,7.52,7.393333333,7.7167,6.5625,2023
735,Feminino,1,-1,Ametista,5.0,8.1,9.0,0.0,7.52,8.393333333,7.184,6.8125,2023
735,Feminino,1,-1,Ametista,5.0,8.1,9.0,0.0,7.52,8.393333333,7.184,8.333333333,2023
735,Feminino,1,-1,Ametista,5.0,8.1,9.0,0.0,7.52,8.393333333,7.184,7.65625,2023
710,Masculino,1,-1,Ametista,5.0,6.5,9.0,9.5,3.77,7.113333333,7.0582,6.4375,2023
710,Masculino,1,-1,Ametista,5.0,6.5,9.0,9.5,3.77,7.113333333,7.0582,7.083333333,2023
710,Masculino,1,-1,Ametista,5.0,6.5,9.0,9.5,3.77,7.113333333,7.0582,7.65625,2023
712,Masculino,1,-2,Ágata,5.0,6.7,5.6,9.5,3.14,6.836666667,6.331533333,6.25,2023
712,Masculino,1,-2,Ágata,5.0,6.7,5.6,9.5,3.14,6.836666667,6.331533333,7.5,2023
712,Masculino,1,-2,Ágata,5.0,6.7,5.6,9.5,3.14,6.836666667,6.331533333,6.5625,2023
549,Masculino,1,-1,Ametista,5.0,6.4,8.1,9.5,5.02,7.5,7.0297,6.479166666599999,2023
549,Masculino,1,-1,Ametista,5.0,6.4,8.1,9.5,5.02,7.5,7.0297,6.875,2023
549,Masculino,1,-1,Ametista,5.0,6.4,8.1,9.5,5.02,7.5,7.0297,6.40625,2023
679,Masculino,1,-1,Ágata,5.0,3.6,7.5,7.5,5.02,7.393333333,6.138366667,6.75,2023
679,Masculino,1,-1,Ágata,5.0,3.6,7.5,7.5,5.02,7.393333333,6.138366667,6.875,2023
571,Feminino,1,-2,Ágata,5.0,5.0,7.9,9.0,3.77,7.616666667,6.6097,6.75,2023
571,Feminino,1,-2,Ágata,5.0,5.0,7.9,9.0,3.77,7.616666667,6.6097,7.291666667,2023
571,Feminino,1,-2,Ágata,5.0,5.0,7.9,9.0,3.77,7.616666667,6.6097,7.03125,2023
714,Masculino,1,-2,Ágata,5.0,7.4,8.0,0.0,3.14,7.223333333,6.078666667,6.9166666668,2023
714,Masculino,1,-2,Ágata,5.0,7.4,8.0,0.0,3.14,7.223333333,6.078666667,7.5,2023
714,Masculino,1,-2,Ágata,5.0,7.4,8.0,0.0,3.14,7.223333333,6.078666667,7.65625,2023
737,Feminino,1,0,Topázio,10.0,7.5,7.8,9.5,7.52,7.783333333,8.048033333,8.75,2023
737,Feminino,1,0,Topázio,10.0,7.5,7.8,9.5,7.52,7.783333333,8.048033333,7.291666667,2023
737,Feminino,1,0,Topázio,10.0,7.5,7.8,9.5,7.52,7.783333333,8.048033333,7.5,2023
577,Feminino,1,-1,Ametista,5.0,7.4,8.2,10.0,3.77,7.673333333,7.219366667,7.5833333334,2023
577,Feminino,1,-1,Ametista,5.0,7.4,8.2,10.0,3.77,7.673333333,7.219366667,6.875,2023
577,Feminino,1,-1,Ametista,5.0,7.4,8.2,10.0,3.77,7.673333333,7.219366667,6.5625,2023
1053,Masculino,1,0,Ametista,10.0,8.6,9.1,0.0,6.27,8.616666667,7.776166667,8.958333333,2023
731,Feminino,1,-1,Ágata,5.0,6.8,7.6,8.5,3.14,7.45,6.7742,6.875,2023
731,Feminino,1,-1,Ágata,5.0,6.8,7.6,8.5,3.14,7.45,6.7742,7.5,2023
731,Feminino,1,-1,Ágata,5.0,6.8,7.6,8.5,3.14,7.45,6.7742,5.78125,2023
552,Masculino,1,-2,Quartzo,5.0,6.4,5.6,0.0,3.14,6.89,5.248666667,6.166666666599999,2023
552,Masculino,1,-2,Quartzo,5.0,6.4,5.6,0.0,3.14,6.89,5.248666667,6.666666667,2023
1054,Masculino,1,-2,Ametista,5.0,6.6,8.6,8.5,7.52,7.836666667,7.459533333,7.5,2023
1054,Masculino,1,-2,Ametista,5.0,6.6,8.6,8.5,7.52,7.836666667,7.459533333,7.1875,2023
1055,Masculino,1,-1,Quartzo,5.0,5.5,7.2,0.0,7.52,7.276666667,5.9765,7.291666667,2023
1055,Masculino,1,-1,Quartzo,5.0,5.5,7.2,0.0,7.52,7.276666667,5.9765,7.1875,2023
597,Masculino,1,-1,Topázio,5.0,8.5,9.6,10.0,7.52,8.56,8.49045,7.4895833334,2023
597,Masculino,1,-1,Topázio,5.0,8.5,9.6,10.0,7.52,8.56,8.49045,9.0625,2023
597,Masculino,1,-1,Topázio,5.0,8.5,9.6,10.0,7.52,8.56,8.49045,7.5,2023
624,Masculino,1,-1,Topázio,5.0,8.6,9.2,9.0,7.52,8.39,8.270825,7.0937500002,2023
624,Masculino,1,-1,Topázio,5.0,8.6,9.2,9.0,7.52,8.39,8.270825,8.90625,2023
624,Masculino,1,-1,Topázio,5.0,8.6,9.2,9.0,7.52,8.39,8.270825,7.916666667,2023
776,Feminino,1,-1,Quartzo,5.0,3.5,7.0,0.0,7.52,7.223333333,5.567916667,7.0208333334,2023
776,Feminino,1,-1,Quartzo,5.0,3.5,7.0,0.0,7.52,7.223333333,5.567916667,7.8125,2023
776,Feminino,1,-1,Quartzo,5.0,3.5,7.0,0.0,7.52,7.223333333,5.567916667,8.333333333,2023
600,Feminino,1,-1,Ametista,5.0,7.2,8.4,8.5,7.52,8.056666667,7.651658333,6.5000000002,2023
600,Feminino,1,-1,Ametista,5.0,7.2,8.4,8.5,7.52,8.056666667,7.651658333,8.28125,2023
600,Feminino,1,-1,Ametista,5.0,7.2,8.4,8.5,7.52,8.056666667,7.651658333,7.5,2023
1056,Masculino,1,0,Topázio,10.0,8.1,9.6,8.5,7.52,8.113333333,8.551741667,7.96875,2023
1056,Masculino,1,0,Topázio,10.0,8.1,9.6,8.5,7.52,8.113333333,8.551741667,9.166666667,2023
791,Feminino,1,-2,Ágata,5.0,5.3,8.1,0.0,7.52,7.723333333,6.247916667,6.78125,2023
791,Feminino,1,-2,Ágata,5.0,5.3,8.1,0.0,7.52,7.723333333,6.247916667,7.8125,2023
601,Masculino,1,0,Topázio,10.0,8.7,10.0,9.0,7.52,8.336666667,8.955783333,7.0729166666,2023
601,Masculino,1,0,Topázio,10.0,8.7,10.0,9.0,7.52,8.336666667,8.955783333,9.0625,2023
601,Masculino,1,0,Topázio,10.0,8.7,10.0,9.0,7.52,8.336666667,8.955783333,8.75,2023
762,Masculino,1,-2,Ametista,5.0,5.8,9.1,10.0,3.14,7.67,7.09945,6.28125,2023
762,Masculino,1,-2,Ametista,5.0,5.8,9.1,10.0,3.14,7.67,7.09945,7.8125,2023
762,Masculino,1,-2,Ametista,5.0,5.8,9.1,10.0,3.14,7.67,7.09945,6.5625,2023
778,Feminino,1,-1,Ametista,5.0,8.2,7.9,8.5,7.52,8.62,7.926825,8.125,2023
778,Feminino,1,-1,Ametista,5.0,8.2,7.9,8.5,7.52,8.62,7.926825,8.90625,2023
778,Feminino,1,-1,Ametista,5.0,8.2,7.9,8.5,7.52,8.62,7.926825,7.5,2023
628,Masculino,1,-2,Topázio,5.0,9.4,8.9,9.5,7.52,8.45,8.370325,7.2291666668,2023
628,Masculino,1,-2,Topázio,5.0,9.4,8.9,9.5,7.52,8.45,8.370325,8.28125,2023
628,Masculino,1,-2,Topázio,5.0,9.4,8.9,9.5,7.52,8.45,8.370325,7.1875,2023
606,Masculino,1,-1,Ametista,5.0,6.0,8.5,8.5,7.52,8.223333333,7.402491667,6.6458333332,2023
606,Masculino,1,-1,Ametista,5.0,6.0,8.5,8.5,7.52,8.223333333,7.402491667,7.65625,2023
606,Masculino,1,-1,Ametista,5.0,6.0,8.5,8.5,7.52,8.223333333,7.402491667,8.125,2023
766,Feminino,1,-1,Topázio,5.0,8.7,8.7,10.0,4.39,8.336666667,8.008408333,7.84375,2023
766,Feminino,1,-1,Topázio,5.0,8.7,8.7,10.0,4.39,8.336666667,8.008408333,9.21875,2023
607,Masculino,1,-1,Ametista,5.0,6.8,7.5,8.0,7.52,8.17,7.333075,6.3333333332,2023
607,Masculino,1,-1,Ametista,5.0,6.8,7.5,8.0,7.52,8.17,7.333075,7.96875,2023
607,Masculino,1,-1,Ametista,5.0,6.8,7.5,8.0,7.52,8.17,7.333075,7.1875,2023
608,Masculino,1,-1,Ametista,5.0,6.2,7.5,10.0,7.52,8.113333333,7.401741667,6.7812500002,2023
608,Masculino,1,-1,Ametista,5.0,6.2,7.5,10.0,7.52,8.113333333,7.401741667,7.96875,2023
608,Masculino,1,-1,Ametista,5.0,6.2,7.5,10.0,7.52,8.113333333,7.401741667,7.1875,2023
788,Masculino,1,0,Ametista,10.0,6.9,9.8,7.9,2.52,8.283333333,7.806091667,7.0,2023
788,Masculino,1,0,Ametista,10.0,6.9,9.8,7.9,2.52,8.283333333,7.806091667,7.65625,2023
788,Masculino,1,0,Ametista,10.0,6.9,9.8,7.9,2.52,8.283333333,7.806091667,8.4375,2023
784,Feminino,1,-1,Topázio,5.0,7.3,9.5,10.0,7.52,8.783333333,8.171366667,8.6875,2023
784,Feminino,1,-1,Topázio,5.0,7.3,9.5,10.0,7.52,8.783333333,8.171366667,8.125,2023
784,Feminino,1,-1,Topázio,5.0,7.3,9.5,10.0,7.52,8.783333333,8.171366667,9.375,2023
785,Feminino,1,-1,Topázio,5.0,8.8,8.5,9.0,7.52,8.67,8.137866667,7.75,2023
785,Feminino,1,-1,Topázio,5.0,8.8,8.5,9.0,7.52,8.67,8.137866667,7.916666667,2023
785,Feminino,1,-1,Topázio,5.0,8.8,8.5,9.0,7.52,8.67,8.137866667,8.75,2023
587,Masculino,1,-1,Ágata,5.0,2.7,7.0,8.5,7.52,6.72,6.032033333,6.5208333332,2023
587,Masculino,1,-1,Ágata,5.0,2.7,7.0,8.5,7.52,6.72,6.032033333,6.458333333,2023
587,Masculino,1,-1,Ágata,5.0,2.7,7.0,8.5,7.52,6.72,6.032033333,7.916666667,2023
790,Masculino,1,-2,Ágata,5.0,7.4,8.1,0.0,7.52,8.286666667,6.707666667,7.375,2023
790,Masculino,1,-2,Ágata,5.0,7.4,8.1,0.0,7.52,8.286666667,6.707666667,7.083333333,2023
790,Masculino,1,-2,Ágata,5.0,7.4,8.1,0.0,7.52,8.286666667,6.707666667,7.1875,2023
663,Masculino,1,-1,Ágata,5.0,7.0,7.4,6.9,7.52,7.393333333,6.969133333,6.6875,2023
663,Masculino,1,-1,Ágata,5.0,7.0,7.4,6.9,7.52,7.393333333,6.969133333,6.666666667,2023
663,Masculino,1,-1,Ágata,5.0,7.0,7.4,6.9,7.52,7.393333333,6.969133333,6.875,2023
664,Feminino,1,-1,Topázio,5.0,8.0,9.6,9.0,7.52,8.116666667,8.0872,7.6458333332,2023
664,Feminino,1,-1,Topázio,5.0,8.0,9.6,9.0,7.52,8.116666667,8.0872,7.916666667,2023
664,Feminino,1,-1,Topázio,5.0,8.0,9.6,9.0,7.52,8.116666667,8.0872,8.125,2023
761,Masculino,1,-1,Topázio,5.0,8.4,9.7,9.0,7.52,8.12,8.219533333,8.4270833332,2023
761,Masculino,1,-1,Topázio,5.0,8.4,9.7,9.0,7.52,8.12,8.219533333,8.333333333,2023
761,Masculino,1,-1,Topázio,5.0,8.4,9.7,9.0,7.52,8.12,8.219533333,8.75,2023
1057,Feminino,1,0,Topázio,10.0,6.3,10.0,10.0,7.52,8.34,8.4827,8.125,2023
1057,Feminino,1,0,Topázio,10.0,6.3,10.0,10.0,7.52,8.34,8.4827,8.75,2023
629,Feminino,1,-1,Topázio,5.0,7.5,9.4,10.0,7.52,7.95,8.013866667,7.5833333334,2023
629,Feminino,1,-1,Topázio,5.0,7.5,9.4,10.0,7.52,7.95,8.013866667,7.916666667,2023
629,Feminino,1,-1,Topázio,5.0,7.5,9.4,10.0,7.52,7.95,8.013866667,7.5,2023
832,Masculino,1,-1,Topázio,5.0,8.5,9.5,10.0,7.52,8.283333333,8.2697,8.2604166666,2023
832,Masculino,1,-1,Topázio,5.0,8.5,9.5,10.0,7.52,8.283333333,8.2697,7.708333333,2023
832,Masculino,1,-1,Topázio,5.0,8.5,9.5,10.0,7.52,8.283333333,8.2697,7.5,2023
594,Masculino,1,-1,Ágata,5.0,5.8,7.1,8.5,6.27,7.336666667,6.702033333,6.208333333400001,2023
594,Masculino,1,-1,Ágata,5.0,5.8,7.1,8.5,6.27,7.336666667,6.702033333,6.875,2023
594,Masculino,1,-1,Ágata,5.0,5.8,7.1,8.5,6.27,7.336666667,6.702033333,8.125,2023
617,Feminino,1,-1,Ágata,5.0,6.9,9.0,0.0,7.52,8.116666667,6.816166667,6.760416666599999,2023
617,Feminino,1,-1,Ágata,5.0,6.9,9.0,0.0,7.52,8.116666667,6.816166667,7.708333333,2023
767,Masculino,1,-1,Ametista,5.0,6.3,8.3,10.0,7.52,7.446666667,7.3807,6.28125,2023
767,Masculino,1,-1,Ametista,5.0,6.3,8.3,10.0,7.52,7.446666667,7.3807,7.291666667,2023
767,Masculino,1,-1,Ametista,5.0,6.3,8.3,10.0,7.52,7.446666667,7.3807,8.541666667,2023
1058,Feminino,1,0,Ametista,10.0,5.4,8.7,10.0,3.14,7.62,7.356533333,7.083333333,2023
1058,Feminino,1,0,Ametista,10.0,5.4,8.7,10.0,3.14,7.62,7.356533333,8.125,2023
747,Feminino,1,-1,Ágata,5.0,3.1,8.0,10.0,3.14,6.94,6.026366667,7.6875,2023
747,Feminino,1,-1,Ágata,5.0,3.1,8.0,10.0,3.14,6.94,6.026366667,6.041666667,2023
747,Feminino,1,-1,Ágata,5.0,3.1,8.0,10.0,3.14,6.94,6.026366667,7.083333333,2023
827,Feminino,1,-1,Ametista,5.0,8.1,8.1,7.9,3.14,8.73,7.419925,7.75,2023
827,Feminino,1,-1,Ametista,5.0,8.1,8.1,7.9,3.14,8.73,7.419925,8.28125,2023
827,Feminino,1,-1,Ametista,5.0,8.1,8.1,7.9,3.14,8.73,7.419925,7.65625,2023
1059,Masculino,1,-1,Ametista,5.0,7.6,9.8,10.0,2.52,8.673333333,7.763741667,7.96875,2023
1059,Masculino,1,-1,Ametista,5.0,7.6,9.8,10.0,2.52,8.673333333,7.763741667,9.0625,2023
612,Feminino,1,-1,Topázio,5.0,9.7,9.7,9.0,3.77,9.286666667,8.410783333,7.5625,2023
612,Feminino,1,-1,Topázio,5.0,9.7,9.7,9.0,3.77,9.286666667,8.410783333,9.0625,2023
612,Feminino,1,-1,Topázio,5.0,9.7,9.7,9.0,3.77,9.286666667,8.410783333,9.6875,2023
1060,Masculino,1,-1,Ametista,5.0,5.7,8.6,9.0,3.14,8.673333333,7.095741667,7.96875,2023
1060,Masculino,1,-1,Ametista,5.0,5.7,8.6,9.0,3.14,8.673333333,7.095741667,7.8125,2023
665,Feminino,1,-1,Ágata,5.0,5.2,4.9,9.5,2.52,8.226666667,6.185658333,6.8750000002,2023
665,Feminino,1,-1,Ágata,5.0,5.2,4.9,9.5,2.52,8.226666667,6.185658333,8.28125,2023
665,Feminino,1,-1,Ágata,5.0,5.2,4.9,9.5,2.52,8.226666667,6.185658333,7.5,2023
829,Feminino,1,0,Topázio,10.0,8.4,9.4,9.0,3.14,9.23,8.532075,6.5,2023
829,Feminino,1,0,Topázio,10.0,8.4,9.4,9.0,3.14,9.23,8.532075,9.21875,2023
829,Feminino,1,0,Topázio,10.0,8.4,9.4,9.0,3.14,9.23,8.532075,8.90625,2023
1061,Masculino,1,-1,Topázio,5.0,9.3,9.7,9.5,3.14,8.836666667,8.196533333,8.75,2023
1061,Masculino,1,-1,Topázio,5.0,9.3,9.7,9.5,3.14,8.836666667,8.196533333,8.4375,2023
1062,Masculino,1,0,Ametista,10.0,6.2,7.7,7.4,3.77,8.503333333,7.448841667,8.59375,2023
1062,Masculino,1,0,Ametista,10.0,6.2,7.7,7.4,3.77,8.503333333,7.448841667,8.75,2023
615,Feminino,1,-1,Ametista,5.0,7.6,9.7,10.0,3.14,8.616666667,7.815658333,7.1979166666,2023
615,Feminino,1,-1,Ametista,5.0,7.6,9.7,10.0,3.14,8.616666667,7.815658333,8.28125,2023
833,Masculino,1,-1,Ametista,5.0,7.4,9.5,10.0,3.77,8.56,7.81295,6.3125,2023
833,Masculino,1,-1,Ametista,5.0,7.4,9.5,10.0,3.77,8.56,7.81295,8.4375,2023
833,Masculino,1,-1,Ametista,5.0,7.4,9.5,10.0,3.77,8.56,7.81295,8.125,2023
630,Masculino,1,-1,Ametista,5.0,5.7,8.6,9.0,3.77,8.673333333,7.199991667,7.21875,2023
630,Masculino,1,-1,Ametista,5.0,5.7,8.6,9.0,3.77,8.673333333,7.199991667,8.28125,2023
630,Masculino,1,-1,Ametista,5.0,5.7,8.6,9.0,3.77,8.673333333,7.199991667,7.5,2023
752,Feminino,1,-1,Topázio,5.0,6.4,9.9,9.5,7.52,9.23,8.073825,8.0,2023
752,Feminino,1,-1,Topázio,5.0,6.4,9.9,9.5,7.52,9.23,8.073825,7.65625,2023
752,Feminino,1,-1,Topázio,5.0,6.4,9.9,9.5,7.52,9.23,8.073825,5.9375,2023
777,Feminino,1,0,Ametista,10.0,6.3,9.3,0.0,7.52,8.84,7.468125,6.4583333332,2023
777,Feminino,1,0,Ametista,10.0,6.3,9.3,0.0,7.52,8.84,7.468125,8.28125,2023
777,Feminino,1,0,Ametista,10.0,6.3,9.3,0.0,7.52,8.84,7.468125,8.125,2023
1063,Masculino,1,-1,Ametista,5.0,5.9,9.5,9.5,7.52,7.89,7.490825,6.40625,2023
1063,Masculino,1,-1,Ametista,5.0,5.9,9.5,9.5,7.52,7.89,7.490825,7.8125,2023
764,Masculino,1,0,Ametista,10.0,7.8,9.2,0.0,7.52,8.56,7.682125,6.4166666666,2023
764,Masculino,1,0,Ametista,10.0,7.8,9.2,0.0,7.52,8.56,7.682125,8.28125,2023
764,Masculino,1,0,Ametista,10.0,7.8,9.2,0.0,7.52,8.56,7.682125,8.4375,2023
1064,Masculino,1,-1,Topázio,5.0,8.6,9.8,8.5,7.52,8.84,8.4777,9.375,2023
1064,Masculino,1,-1,Topázio,5.0,8.6,9.8,8.5,7.52,8.84,8.4777,8.75,2023
1065,Feminino,1,-1,Topázio,5.0,7.0,9.6,8.5,7.52,8.84,8.03395,8.4375,2023
1065,Feminino,1,-1,Topázio,5.0,7.0,9.6,8.5,7.52,8.84,8.03395,9.0625,2023
772,Masculino,1,-2,Quartzo,5.0,4.8,7.2,0.0,7.52,8.003333333,5.930166667,6.9479166668,2023
772,Masculino,1,-2,Quartzo,5.0,4.8,7.2,0.0,7.52,8.003333333,5.930166667,6.875,2023
781,Feminino,1,-1,Topázio,5.0,7.9,9.8,7.5,7.52,9.116666667,8.209283333,7.625,2023
781,Feminino,1,-1,Topázio,5.0,7.9,9.8,7.5,7.52,9.116666667,8.209283333,8.4375,2023
781,Feminino,1,-1,Topázio,5.0,7.9,9.8,7.5,7.52,9.116666667,8.209283333,8.4375,2023
1066,Feminino,1,-1,Ametista,5.0,6.2,6.6,8.5,7.52,8.783333333,7.262616667,8.4375,2023
1066,Feminino,1,-1,Ametista,5.0,6.2,6.6,8.5,7.52,8.783333333,7.262616667,7.5,2023
1067,Masculino,1,-1,Ágata,5.0,5.4,7.9,0.0,7.52,9.006666667,6.541458333,8.28125,2023
1067,Masculino,1,-1,Ágata,5.0,5.4,7.9,0.0,7.52,9.006666667,6.541458333,8.541666667,2023
834,Masculino,1,-1,Topázio,5.0,9.2,9.9,9.0,6.27,9.283333333,8.662616667,8.65625,2023
834,Masculino,1,-1,Topázio,5.0,9.2,9.9,9.0,6.27,9.283333333,8.662616667,9.6875,2023
834,Masculino,1,-1,Topázio,5.0,9.2,9.9,9.0,6.27,9.283333333,8.662616667,7.708333333,2023
722,Feminino,1,-1,Ametista,5.0,6.4,9.6,8.5,2.52,8.67,7.3387,7.90625,2023
722,Feminino,1,-1,Ametista,5.0,6.4,9.6,8.5,2.52,8.67,7.3387,8.125,2023
1068,Masculino,1,-1,Topázio,5.0,9.0,9.3,8.5,6.89,9.283333333,8.472533333,9.166666667,2023
1068,Masculino,1,-1,Topázio,5.0,9.0,9.3,8.5,6.89,9.283333333,8.472533333,8.541666667,2023
796,Feminino,1,-1,Ametista,5.0,5.5,9.8,9.0,6.27,8.336666667,7.462866667,7.3854166666,2023
796,Feminino,1,-1,Ametista,5.0,5.5,9.8,9.0,6.27,8.336666667,7.462866667,7.083333333,2023
796,Feminino,1,-1,Ametista,5.0,5.5,9.8,9.0,6.27,8.336666667,7.462866667,7.916666667,2023
1069,Masculino,1,-1,Ametista,5.0,7.1,7.8,9.0,7.52,8.226666667,7.590033333,8.125,2023
1069,Masculino,1,-1,Ametista,5.0,7.1,7.8,9.0,7.52,8.226666667,7.590033333,8.125,2023
797,Masculino,1,-1,Ametista,5.0,7.5,8.6,8.5,7.52,7.233333333,7.373033333,6.28125,2023
797,Masculino,1,-1,Ametista,5.0,7.5,8.6,8.5,7.52,7.233333333,7.373033333,6.041666667,2023
797,Masculino,1,-1,Ametista,5.0,7.5,8.6,8.5,7.52,7.233333333,7.373033333,6.666666667,2023
647,Feminino,1,-1,Ametista,5.0,5.2,8.7,7.3,6.27,8.446666667,7.100566667,6.3749999998,2023
647,Feminino,1,-1,Ametista,5.0,5.2,8.7,7.3,6.27,8.446666667,7.100566667,7.708333333,2023
814,Masculino,1,-1,Topázio,5.0,8.2,9.6,9.5,6.89,9.226666667,8.367866667,6.625,2023
814,Masculino,1,-1,Topázio,5.0,8.2,9.6,9.5,6.89,9.226666667,8.367866667,8.333333333,2023
814,Masculino,1,-1,Topázio,5.0,8.2,9.6,9.5,6.89,9.226666667,8.367866667,7.5,2023
652,Feminino,1,-1,Ametista,5.0,7.0,9.4,9.0,6.89,8.446666667,7.871033333,7.6041666666,2023
652,Feminino,1,-1,Ametista,5.0,7.0,9.4,9.0,6.89,8.446666667,7.871033333,8.125,2023
652,Feminino,1,-1,Ametista,5.0,7.0,9.4,9.0,6.89,8.446666667,7.871033333,7.916666667,2023
816,Feminino,1,-1,Topázio,5.0,8.9,9.8,7.5,7.52,9.283333333,8.5572,7.5,2023
816,Feminino,1,-1,Topázio,5.0,8.9,9.8,7.5,7.52,9.283333333,8.5572,9.583333333,2023
816,Feminino,1,-1,Topázio,5.0,8.9,9.8,7.5,7.52,9.283333333,8.5572,9.166666667,2023
640,Feminino,1,-2,Ágata,5.0,4.9,7.3,0.0,7.52,8.446666667,6.1105,6.3125,2023
640,Feminino,1,-2,Ágata,5.0,4.9,7.3,0.0,7.52,8.446666667,6.1105,7.291666667,2023
810,Masculino,1,0,Ametista,10.0,6.9,8.5,8.0,7.52,7.836666667,7.782866667,7.0833333334,2023
810,Masculino,1,0,Ametista,10.0,6.9,8.5,8.0,7.52,7.836666667,7.782866667,5.833333333,2023
810,Masculino,1,0,Ametista,10.0,6.9,8.5,8.0,7.52,7.836666667,7.782866667,6.458333333,2023
643,Masculino,1,-1,Ametista,5.0,7.1,8.2,9.5,7.52,7.613333333,7.389033333,6.729166666599999,2023
643,Masculino,1,-1,Ametista,5.0,7.1,8.2,9.5,7.52,7.613333333,7.389033333,6.041666667,2023
643,Masculino,1,-1,Ametista,5.0,7.1,8.2,9.5,7.52,7.613333333,7.389033333,8.125,2023
819,Masculino,1,0,Ametista,10.0,9.5,8.3,0.0,7.52,8.893333333,7.944833333,6.4166666666,2023
819,Masculino,1,0,Ametista,10.0,9.5,8.3,0.0,7.52,8.893333333,7.944833333,8.541666667,2023
819,Masculino,1,0,Ametista,10.0,9.5,8.3,0.0,7.52,8.893333333,7.944833333,8.4375,2023
1070,Masculino,1,-1,Ágata,5.0,5.8,7.8,9.0,3.14,8.67,6.939033333,7.708333333,2023
1070,Masculino,1,-1,Ágata,5.0,5.8,7.8,9.0,3.14,8.67,6.939033333,6.875,2023
813,Masculino,1,0,Ametista,10.0,3.9,8.4,9.5,7.52,8.06,7.5867,7.3333333332,2023
813,Masculino,1,0,Ametista,10.0,3.9,8.4,9.5,7.52,8.06,7.5867,8.125,2023
636,Masculino,1,-1,Ágata,5.0,9.0,8.3,0.0,5.64,7.446666667,6.836666667,6.125,2023
636,Masculino,1,-1,Ágata,5.0,9.0,8.3,0.0,5.64,7.446666667,6.836666667,8.333333333,2023
636,Masculino,1,-1,Ágata,5.0,9.0,8.3,0.0,5.64,7.446666667,6.836666667,6.875,2023
798,Masculino,1,-1,Ametista,5.0,6.1,8.1,9.0,7.52,6.95,7.018033333,6.53125,2023
798,Masculino,1,-1,Ametista,5.0,6.1,8.1,9.0,7.52,6.95,7.018033333,6.458333333,2023
798,Masculino,1,-1,Ametista,5.0,6.1,8.1,9.0,7.52,6.95,7.018033333,5.0,2023
799,Feminino,1,-1,Topázio,5.0,8.3,9.6,9.5,5.64,8.17,8.061533333,7.4479166666,2023
799,Feminino,1,-1,Topázio,5.0,8.3,9.6,9.5,5.64,8.17,8.061533333,8.333333333,2023
799,Feminino,1,-1,Topázio,5.0,8.3,9.6,9.5,5.64,8.17,8.061533333,7.916666667,2023
815,Masculino,1,-1,Ágata,5.0,6.5,8.6,0.0,5.02,7.063333333,6.122166667,6.364583333400001,2023
815,Masculino,1,-1,Ágata,5.0,6.5,8.6,0.0,5.02,7.063333333,6.122166667,6.875,2023
637,Feminino,1,-1,Topázio,5.0,8.5,9.5,8.0,7.52,8.17,8.109533333,7.3020833332,2023
637,Feminino,1,-1,Topázio,5.0,8.5,9.5,8.0,7.52,8.17,8.109533333,8.333333333,2023
637,Feminino,1,-1,Topázio,5.0,8.5,9.5,8.0,7.52,8.17,8.109533333,8.333333333,2023
638,Feminino,1,-1,Ametista,5.0,6.5,9.4,9.0,7.52,7.946666667,7.754866667,6.875,2023
638,Feminino,1,-1,Ametista,5.0,6.5,9.4,9.0,7.52,7.946666667,7.754866667,8.333333333,2023
638,Feminino,1,-1,Ametista,5.0,6.5,9.4,9.0,7.52,7.946666667,7.754866667,8.125,2023
801,Masculino,1,0,Ágata,10.0,7.6,7.5,0.0,7.52,7.12,6.8735,6.875,2023
801,Masculino,1,0,Ágata,10.0,7.6,7.5,0.0,7.52,7.12,6.8735,6.875,2023
801,Masculino,1,0,Ágata,10.0,7.6,7.5,0.0,7.52,7.12,6.8735,6.25,2023
802,Masculino,1,-1,Topázio,5.0,9.4,9.3,8.0,7.52,7.506666667,8.126866667,6.6666666666,2023
802,Masculino,1,-1,Topázio,5.0,9.4,9.3,8.0,7.52,7.506666667,8.126866667,8.333333333,2023
802,Masculino,1,-1,Topázio,5.0,9.4,9.3,8.0,7.52,7.506666667,8.126866667,8.333333333,2023
1071,Masculino,1,-1,Ágata,5.0,3.5,8.6,9.0,7.52,6.396666667,6.414033333,5.625,2023
1071,Masculino,1,-1,Ágata,5.0,3.5,8.6,9.0,7.52,6.396666667,6.414033333,4.166666667,2023
817,Feminino,1,0,Ametista,10.0,5.4,8.8,9.5,6.89,7.89,7.8597,6.625,2023
817,Feminino,1,0,Ametista,10.0,5.4,8.8,9.5,6.89,7.89,7.8597,8.125,2023
818,Masculino,1,1,Ametista,10.0,6.2,8.4,10.0,7.52,7.613333333,7.997366667,7.3333333332,2023
818,Masculino,1,1,Ametista,10.0,6.2,8.4,10.0,7.52,7.613333333,7.997366667,8.125,2023
804,Masculino,1,-1,Ametista,5.0,6.9,8.6,10.0,6.27,7.173333333,7.2352,6.9583333334,2023
804,Masculino,1,-1,Ametista,5.0,6.9,8.6,10.0,6.27,7.173333333,7.2352,5.833333333,2023
645,Feminino,1,-1,Ametista,5.0,7.3,8.5,9.0,6.27,8.116666667,7.613033333,6.75,2023
645,Feminino,1,-1,Ametista,5.0,7.3,8.5,9.0,6.27,8.116666667,7.613033333,8.125,2023
645,Feminino,1,-1,Ametista,5.0,7.3,8.5,9.0,6.27,8.116666667,7.613033333,7.708333333,2023
479,Masculino,2,0,Topázio,10.0,9.7,10.0,9.0,2.52,9.6375,8.988866667,9.0208333334,2023
479,Masculino,2,0,Topázio,10.0,9.7,10.0,9.0,2.52,9.6375,8.988866667,9.791666667,2023
479,Masculino,2,0,Topázio,10.0,9.7,10.0,9.0,2.52,9.6375,8.988866667,9.375,2023
493,Feminino,2,0,Ametista,10.0,6.0,9.6,9.5,2.52,8.84,7.934366667,8.1041666666,2023
493,Feminino,2,0,Ametista,10.0,6.0,9.6,9.5,2.52,8.84,7.934366667,8.541666667,2023
493,Feminino,2,0,Ametista,10.0,6.0,9.6,9.5,2.52,8.84,7.934366667,7.03125,2023
1072,Masculino,2,0,Topázio,10.0,6.7,8.6,9.0,5.0,8.7125,8.0152,8.125,2023
1072,Masculino,2,0,Topázio,10.0,6.7,8.6,9.0,5.0,8.7125,8.0152,7.96875,2023
536,Feminino,2,0,Ametista,10.0,5.9,9.3,8.0,2.52,9.17,7.759533333,7.5520833332,2023
536,Feminino,2,0,Ametista,10.0,5.9,9.3,8.0,2.52,9.17,7.759533333,8.333333333,2023
536,Feminino,2,0,Ametista,10.0,5.9,9.3,8.0,2.52,9.17,7.759533333,7.1875,2023
1073,Feminino,2,-1,Ágata,5.0,6.2,8.8,0.0,2.52,9.045,6.384333333,8.333333333,2023
1073,Feminino,2,-1,Ágata,5.0,6.2,8.8,0.0,2.52,9.045,6.384333333,6.875,2023
494,Feminino,2,-1,Ametista,5.0,6.8,9.0,6.9,2.52,8.71,7.116633333,6.8645833334,2023
494,Feminino,2,-1,Ametista,5.0,6.8,9.0,6.9,2.52,8.71,7.116633333,7.708333333,2023
494,Feminino,2,-1,Ametista,5.0,6.8,9.0,6.9,2.52,8.71,7.116633333,7.8125,2023
496,Masculino,2,-1,Ágata,5.0,8.3,7.1,0.0,5.0,8.71,6.603666667,6.875,2023
496,Masculino,2,-1,Ágata,5.0,8.3,7.1,0.0,5.0,8.71,6.603666667,7.916666667,2023
496,Masculino,2,-1,Ágata,5.0,8.3,7.1,0.0,5.0,8.71,6.603666667,6.71875,2023
497,Feminino,2,-2,Quartzo,5.0,3.5,8.7,5.3,2.52,6.885,5.7191,6.25,2023
497,Feminino,2,-2,Quartzo,5.0,3.5,8.7,5.3,2.52,6.885,5.7191,6.25,2023
497,Feminino,2,-2,Quartzo,5.0,3.5,8.7,5.3,2.52,6.885,5.7191,5.625,2023
1074,Feminino,2,-1,Ágata,5.0,6.0,9.8,0.0,2.52,7.8775,6.195833333,7.083333333,2023
486,Feminino,2,0,Ametista,10.0,6.2,6.4,8.4,2.52,8.7525,7.1043,7.59375,2023
486,Feminino,2,0,Ametista,10.0,6.2,6.4,8.4,2.52,8.7525,7.1043,7.5,2023
1075,Feminino,2,-1,Ágata,5.0,5.5,9.6,0.0,5.0,9.0025,6.591333333,7.708333333,2023
1075,Feminino,2,-1,Ágata,5.0,5.5,9.6,0.0,5.0,9.0025,6.591333333,7.708333333,2023
578,Masculino,2,0,Topázio,10.0,9.7,10.0,9.0,2.52,9.7625,9.013866667,8.4583333334,2023
578,Masculino,2,0,Topázio,10.0,9.7,10.0,9.0,2.52,9.7625,9.013866667,9.791666667,2023
578,Masculino,2,0,Topázio,10.0,9.7,10.0,9.0,2.52,9.7625,9.013866667,9.583333333,2023
513,Masculino,2,0,Topázio,10.0,7.5,9.7,9.5,2.52,9.0075,8.297866667,7.5625,2023
513,Masculino,2,0,Topázio,10.0,7.5,9.7,9.5,2.52,9.0075,8.297866667,8.541666667,2023
513,Masculino,2,0,Topázio,10.0,7.5,9.7,9.5,2.52,9.0075,8.297866667,9.0625,2023
487,Feminino,2,0,Topázio,10.0,9.5,9.9,8.5,5.0,9.26,8.988866667,8.6875,2023
487,Feminino,2,0,Topázio,10.0,9.5,9.9,8.5,5.0,9.26,8.988866667,9.166666667,2023
487,Feminino,2,0,Topázio,10.0,9.5,9.9,8.5,5.0,9.26,8.988866667,9.0625,2023
1076,Feminino,2,-1,Ametista,5.0,8.5,9.7,9.0,2.52,8.8775,7.901033333,8.333333333,2023
1076,Feminino,2,-1,Ametista,5.0,8.5,9.7,9.0,2.52,8.8775,7.901033333,7.03125,2023
490,Feminino,2,0,Ametista,10.0,5.8,7.9,7.9,2.52,9.0075,7.429466667,8.34375,2023
490,Feminino,2,0,Ametista,10.0,5.8,7.9,7.9,2.52,9.0075,7.429466667,8.541666667,2023
490,Feminino,2,0,Ametista,10.0,5.8,7.9,7.9,2.52,9.0075,7.429466667,7.8125,2023
491,Masculino,2,0,Ametista,10.0,5.0,9.6,9.5,2.52,8.3375,7.560533333,7.2916666666,2023
491,Masculino,2,0,Ametista,10.0,5.0,9.6,9.5,2.52,8.3375,7.560533333,7.708333333,2023
491,Masculino,2,0,Ametista,10.0,5.0,9.6,9.5,2.52,8.3375,7.560533333,7.083333333,2023
1077,Masculino,2,0,Ametista,10.0,7.3,9.7,0.0,2.52,8.4225,7.2115,8.75,2023
1077,Masculino,2,0,Ametista,10.0,7.3,9.7,0.0,2.52,8.4225,7.2115,6.40625,2023
484,Masculino,2,-1,Quartzo,5.0,3.6,7.5,6.4,2.52,6.8,5.515466667,6.4479166666,2023
484,Masculino,2,-1,Quartzo,5.0,3.6,7.5,6.4,2.52,6.8,5.515466667,5.416666667,2023
484,Masculino,2,-1,Quartzo,5.0,3.6,7.5,6.4,2.52,6.8,5.515466667,3.4375,2023
508,Masculino,2,0,Ametista,10.0,7.5,8.6,6.4,2.52,8.6725,7.671633333,6.6249999998,2023
508,Masculino,2,0,Ametista,10.0,7.5,8.6,6.4,2.52,8.6725,7.671633333,8.333333333,2023
508,Masculino,2,0,Ametista,10.0,7.5,8.6,6.4,2.52,8.6725,7.671633333,7.65625,2023
495,Masculino,2,-1,Ametista,5.0,7.4,8.4,9.0,2.52,8.755,7.417366667,7.2916666666,2023
495,Masculino,2,-1,Ametista,5.0,7.4,8.4,9.0,2.52,8.755,7.417366667,8.541666667,2023
1078,Masculino,2,-2,Ágata,5.0,6.4,6.8,5.3,2.52,8.2975,6.472333333,8.958333333,2023
340,Masculino,2,-1,Ametista,5.0,8.9,9.6,0.0,2.52,8.505,7.059666667,7.3645833332,2023
340,Masculino,2,-1,Ametista,5.0,8.9,9.6,0.0,2.52,8.505,7.059666667,9.166666667,2023
340,Masculino,2,-1,Ametista,5.0,8.9,9.6,0.0,2.52,8.505,7.059666667,6.5625,2023
1079,Masculino,2,-1,Ágata,5.0,7.6,8.1,9.0,2.52,7.13,6.916533333,7.083333333,2023
1079,Masculino,2,-1,Ágata,5.0,7.6,8.1,9.0,2.52,7.13,6.916533333,4.21875,2023
1080,Masculino,2,-1,Ágata,5.0,1.5,10.0,7.9,5.0,8.13,6.571966667,8.541666667,2023
1081,Feminino,2,-2,Ametista,5.0,6.5,10.0,10.0,2.52,8.59,7.666033333,8.958333333,2023
1081,Feminino,2,-2,Ametista,5.0,6.5,10.0,10.0,2.52,8.59,7.666033333,9.166666667,2023
1082,Feminino,2,-1,Ametista,5.0,5.0,9.5,9.5,2.52,8.4225,7.1617,8.75,2023
1082,Feminino,2,-1,Ametista,5.0,5.0,9.5,9.5,2.52,8.4225,7.1617,7.083333333,2023
1083,Feminino,2,0,Topázio,10.0,7.5,10.0,6.8,5.0,8.38,8.2345,8.75,2023
531,Masculino,2,0,Topázio,10.0,7.7,10.0,9.5,2.52,8.59,8.3252,6.9375,2023
531,Masculino,2,0,Topázio,10.0,7.7,10.0,9.5,2.52,8.59,8.3252,8.75,2023
531,Masculino,2,0,Topázio,10.0,7.7,10.0,9.5,2.52,8.59,8.3252,7.96875,2023
1084,Feminino,2,0,Ametista,10.0,6.8,10.0,8.4,2.52,8.38,7.9948,8.75,2023
1084,Feminino,2,0,Ametista,10.0,6.8,10.0,8.4,2.52,8.38,7.9948,7.03125,2023
516,Masculino,2,0,Topázio,10.0,9.3,9.8,10.0,2.52,8.7175,8.6807,7.90625,2023
516,Masculino,2,0,Topázio,10.0,9.3,9.8,10.0,2.52,8.7175,8.6807,8.75,2023
516,Masculino,2,0,Topázio,10.0,9.3,9.8,10.0,2.52,8.7175,8.6807,8.541666667,2023
348,Masculino,2,-1,Ágata,5.0,4.4,8.7,10.0,2.52,8.0075,6.817866667,6.7666666666,2023
348,Masculino,2,-1,Ágata,5.0,4.4,8.7,10.0,2.52,8.0075,6.817866667,8.541666667,2023
1085,Feminino,2,-1,Ágata,5.0,6.7,9.8,0.0,2.52,8.13,6.563833333,8.958333333,2023
1086,Feminino,2,-1,Ametista,5.0,5.7,9.4,8.5,2.52,8.755,7.2382,8.75,2023
1087,Feminino,2,-1,Ametista,5.0,5.4,9.5,10.0,2.52,8.0475,7.2067,8.75,2023
1087,Feminino,2,-1,Ametista,5.0,5.4,9.5,10.0,2.52,8.0475,7.2067,7.1875,2023
509,Feminino,2,-1,Ametista,5.0,8.6,8.1,8.5,2.52,8.84,7.606033333,7.5625,2023
509,Feminino,2,-1,Ametista,5.0,8.6,8.1,8.5,2.52,8.84,7.606033333,8.958333333,2023
509,Feminino,2,-1,Ametista,5.0,8.6,8.1,8.5,2.52,8.84,7.606033333,8.28125,2023
499,Masculino,2,0,Ametista,10.0,6.6,10.0,7.9,2.52,8.2975,7.8883,6.125,2023
499,Masculino,2,0,Ametista,10.0,6.6,10.0,7.9,2.52,8.2975,7.8883,8.75,2023
499,Masculino,2,0,Ametista,10.0,6.6,10.0,7.9,2.52,8.2975,7.8883,7.1875,2023
500,Feminino,2,0,Topázio,10.0,7.9,10.0,9.5,2.52,8.7975,8.427533333,8.1354166666,2023
500,Feminino,2,0,Topázio,10.0,7.9,10.0,9.5,2.52,8.7975,8.427533333,8.958333333,2023
500,Feminino,2,0,Topázio,10.0,7.9,10.0,9.5,2.52,8.7975,8.427533333,8.59375,2023
1088,Masculino,2,-1,Ametista,5.0,6.8,9.8,9.5,2.52,7.9225,7.4717,8.75,2023
1089,Feminino,2,0,Ametista,10.0,7.0,9.5,9.0,2.52,8.3375,7.9947,8.75,2023
1089,Feminino,2,0,Ametista,10.0,7.0,9.5,9.0,2.52,8.3375,7.9947,7.1875,2023
1090,Masculino,2,-1,Ametista,5.0,9.0,9.6,9.0,2.52,7.88,7.844033333,8.958333333,2023
1090,Masculino,2,-1,Ametista,5.0,9.0,9.6,9.0,2.52,7.88,7.844033333,7.8125,2023
503,Masculino,2,0,Topázio,10.0,8.7,10.0,9.5,2.52,8.255,8.4682,6.9999999998,2023
503,Masculino,2,0,Topázio,10.0,8.7,10.0,9.5,2.52,8.255,8.4682,8.75,2023
503,Masculino,2,0,Topázio,10.0,8.7,10.0,9.5,2.52,8.255,8.4682,7.8125,2023
1091,Masculino,2,-1,Topázio,5.0,9.5,9.0,8.5,2.52,9.1725,8.032533333,8.958333333,2023
1092,Masculino,2,-1,Ametista,5.0,6.9,9.8,7.8,2.52,8.2975,7.41,8.75,2023
1093,Masculino,2,0,Topázio,10.0,9.2,9.3,7.0,2.52,8.2975,8.197533333,8.958333333,2023
1093,Masculino,2,0,Topázio,10.0,9.2,9.3,7.0,2.52,8.2975,8.197533333,8.90625,2023
1094,Feminino,2,0,Topázio,10.0,8.5,9.5,7.8,2.52,8.3375,8.1779,8.75,2023
1094,Feminino,2,0,Topázio,10.0,8.5,9.5,7.8,2.52,8.3375,8.1779,8.4375,2023
1095,Masculino,2,-1,Ágata,5.0,5.3,9.8,0.0,2.52,8.005,6.238,8.75,2023
1095,Masculino,2,-1,Ágata,5.0,5.3,9.8,0.0,2.52,8.005,6.238,5.46875,2023
324,Feminino,2,0,Ametista,10.0,8.4,9.0,5.8,2.52,7.5875,7.6354,8.1666666666,2023
324,Feminino,2,0,Ametista,10.0,8.4,9.0,5.8,2.52,7.5875,7.6354,8.125,2023
350,Feminino,2,-1,Ametista,5.0,9.0,9.7,10.0,2.52,7.92,7.972033333,8.416666666600001,2023
350,Feminino,2,-1,Ametista,5.0,9.0,9.7,10.0,2.52,7.92,7.972033333,8.958333333,2023
517,Feminino,2,-1,Ágata,5.0,6.6,9.0,4.1,2.52,6.7125,6.3104,7.9479166666,2023
517,Feminino,2,-1,Ágata,5.0,6.6,9.0,4.1,2.52,6.7125,6.3104,6.875,2023
517,Feminino,2,-1,Ágata,5.0,6.6,9.0,4.1,2.52,6.7125,6.3104,6.041666667,2023
325,Masculino,2,0,Ágata,10.0,5.6,7.1,0.0,5.0,7.0025,6.243,7.3958333332,2023
325,Masculino,2,0,Ágata,10.0,5.6,7.1,0.0,5.0,7.0025,6.243,8.125,2023
325,Masculino,2,0,Ágata,10.0,5.6,7.1,0.0,5.0,7.0025,6.243,8.333333333,2023
518,Masculino,2,0,Ametista,10.0,6.7,8.5,8.5,5.0,6.9175,7.5762,6.5208333334,2023
518,Masculino,2,0,Ametista,10.0,6.7,8.5,8.5,5.0,6.9175,7.5762,8.125,2023
518,Masculino,2,0,Ametista,10.0,6.7,8.5,8.5,5.0,6.9175,7.5762,7.083333333,2023
530,Masculino,2,0,Ametista,10.0,5.7,8.8,10.0,5.0,7.46,7.653033333,8.8854166666,2023
530,Masculino,2,0,Ametista,10.0,5.7,8.8,10.0,5.0,7.46,7.653033333,7.708333333,2023
530,Masculino,2,0,Ametista,10.0,5.7,8.8,10.0,5.0,7.46,7.653033333,7.083333333,2023
524,Masculino,2,-1,Ametista,5.0,8.9,9.2,6.4,2.52,7.42,7.331133333,7.8958333332,2023
524,Masculino,2,-1,Ametista,5.0,8.9,9.2,6.4,2.52,7.42,7.331133333,8.333333333,2023
524,Masculino,2,-1,Ametista,5.0,8.9,9.2,6.4,2.52,7.42,7.331133333,8.333333333,2023
1096,Feminino,2,0,Topázio,10.0,9.6,9.9,9.5,2.52,8.0875,8.615533333,8.958333333,2023
1096,Feminino,2,0,Topázio,10.0,9.6,9.9,9.5,2.52,8.0875,8.615533333,9.0625,2023
526,Masculino,2,-1,Topázio,5.0,8.8,9.8,9.5,5.0,7.7525,8.0957,8.2187499998,2023
526,Masculino,2,-1,Topázio,5.0,8.8,9.8,9.5,5.0,7.7525,8.0957,8.75,2023
526,Masculino,2,-1,Topázio,5.0,8.8,9.8,9.5,5.0,7.7525,8.0957,7.291666667,2023
528,Masculino,2,-1,Ametista,5.0,8.2,8.5,9.0,5.0,7.92,7.6892,6.8750000002,2023
528,Masculino,2,-1,Ametista,5.0,8.2,8.5,9.0,5.0,7.92,7.6892,8.75,2023
528,Masculino,2,-1,Ametista,5.0,8.2,8.5,9.0,5.0,7.92,7.6892,7.291666667,2023
534,Masculino,2,-1,Quartzo,5.0,5.4,8.1,0.0,2.52,7.92,5.8385,7.2916666666,2023
534,Masculino,2,-1,Quartzo,5.0,5.4,8.1,0.0,2.52,7.92,5.8385,8.125,2023
534,Masculino,2,-1,Quartzo,5.0,5.4,8.1,0.0,2.52,7.92,5.8385,7.5,2023
1097,Masculino,2,-2,Ágata,5.0,5.4,8.6,9.5,5.0,6.96,6.9547,8.125,2023
1097,Masculino,2,-2,Ágata,5.0,5.4,8.6,9.5,5.0,6.96,6.9547,6.041666667,2023
1098,Feminino,2,-1,Ametista,5.0,6.4,9.5,9.5,2.52,7.92,7.2787,8.125,2023
1098,Feminino,2,-1,Ametista,5.0,6.4,9.5,9.5,2.52,7.92,7.2787,7.34375,2023
506,Masculino,2,-1,Ametista,5.0,8.5,8.1,9.5,5.0,7.92,7.750033333,6.25,2023
506,Masculino,2,-1,Ametista,5.0,8.5,8.1,9.5,5.0,7.92,7.750033333,8.958333333,2023
1099,Feminino,2,-1,Ametista,5.0,5.2,9.6,9.0,2.52,8.34,7.113533333,8.333333333,2023
1099,Feminino,2,-1,Ametista,5.0,5.2,9.6,9.0,2.52,8.34,7.113533333,7.8125,2023
1100,Masculino,2,0,Topázio,10.0,7.1,9.2,10.0,5.0,8.283333333,8.261033333,8.541666667,2023
1100,Masculino,2,0,Topázio,10.0,7.1,9.2,10.0,5.0,8.283333333,8.261033333,6.71875,2023
1101,Masculino,2,0,Ágata,10.0,5.3,7.2,0.0,5.0,8.116666667,6.446666667,8.333333333,2023
1102,Masculino,2,0,Topázio,10.0,7.5,9.5,9.5,5.0,7.56,8.123033333,7.708333333,2023
1102,Masculino,2,0,Topázio,10.0,7.5,9.5,9.5,5.0,7.56,8.123033333,5.9375,2023
363,Masculino,2,-1,Ágata,5.0,6.8,9.9,0.0,2.52,8.673333333,6.680833333,7.135416666599999,2023
363,Masculino,2,-1,Ágata,5.0,6.8,9.9,0.0,2.52,8.673333333,6.680833333,8.541666667,2023
363,Masculino,2,-1,Ágata,5.0,6.8,9.9,0.0,2.52,8.673333333,6.680833333,7.34375,2023
1103,Masculino,2,0,Ametista,10.0,5.0,8.7,9.0,5.0,8.006666667,7.574866667,8.333333333,2023
1103,Masculino,2,0,Ametista,10.0,5.0,8.7,9.0,5.0,8.006666667,7.574866667,7.5,2023
539,Feminino,2,-1,Ametista,5.0,8.5,8.6,9.5,2.52,8.84,7.796866667,8.1875,2023
539,Feminino,2,-1,Ametista,5.0,8.5,8.6,9.5,2.52,8.84,7.796866667,9.166666667,2023
539,Feminino,2,-1,Ametista,5.0,8.5,8.6,9.5,2.52,8.84,7.796866667,8.75,2023
540,Feminino,2,0,Topázio,10.0,7.1,8.8,8.5,5.0,8.95,8.216033333,7.5104166666,2023
540,Feminino,2,0,Topázio,10.0,7.1,8.8,8.5,5.0,8.95,8.216033333,8.958333333,2023
574,Masculino,2,0,Ametista,10.0,8.1,8.2,6.9,5.0,8.173333333,7.878133333,6.90625,2023
574,Masculino,2,0,Ametista,10.0,8.1,8.2,6.9,5.0,8.173333333,7.878133333,7.916666667,2023
369,Masculino,2,-1,Ágata,5.0,4.0,4.1,10.0,5.0,7.726666667,6.0197,6.0,2023
369,Masculino,2,-1,Ágata,5.0,4.0,4.1,10.0,5.0,7.726666667,6.0197,8.541666667,2023
369,Masculino,2,-1,Ágata,5.0,4.0,4.1,10.0,5.0,7.726666667,6.0197,6.40625,2023
375,Masculino,2,-1,Ametista,5.0,7.9,9.9,0.0,5.0,8.283333333,7.070833333,6.9791666666,2023
375,Masculino,2,-1,Ametista,5.0,7.9,9.9,0.0,5.0,8.283333333,7.070833333,8.541666667,2023
375,Masculino,2,-1,Ametista,5.0,7.9,9.9,0.0,5.0,8.283333333,7.070833333,7.1875,2023
376,Feminino,2,-1,Ametista,5.0,5.9,9.6,8.5,2.52,8.226666667,7.1392,6.75,2023
376,Feminino,2,-1,Ametista,5.0,5.9,9.6,8.5,2.52,8.226666667,7.1392,7.916666667,2023
376,Feminino,2,-1,Ametista,5.0,5.9,9.6,8.5,2.52,8.226666667,7.1392,6.5625,2023
535,Feminino,2,0,Topázio,10.0,5.6,9.4,9.0,5.0,8.95,8.0027,6.3125,2023
535,Feminino,2,0,Topázio,10.0,5.6,9.4,9.0,5.0,8.95,8.0027,8.125,2023
535,Feminino,2,0,Topázio,10.0,5.6,9.4,9.0,5.0,8.95,8.0027,7.96875,2023
547,Feminino,2,-1,Ágata,5.0,6.2,9.1,0.0,2.52,8.95,6.467,9.0,2023
547,Feminino,2,-1,Ágata,5.0,6.2,9.1,0.0,2.52,8.95,6.467,8.75,2023
547,Feminino,2,-1,Ágata,5.0,6.2,9.1,0.0,2.52,8.95,6.467,5.625,2023
548,Masculino,2,-1,Ametista,5.0,7.4,9.1,9.0,2.52,8.283333333,7.4322,7.1145833334,2023
548,Masculino,2,-1,Ametista,5.0,7.4,9.1,9.0,2.52,8.283333333,7.4322,8.333333333,2023
548,Masculino,2,-1,Ametista,5.0,7.4,9.1,9.0,2.52,8.283333333,7.4322,5.9375,2023
538,Masculino,2,-1,Ágata,5.0,4.7,8.6,7.4,2.52,7.39,6.413466667,6.5625,2023
538,Masculino,2,-1,Ágata,5.0,4.7,8.6,7.4,2.52,7.39,6.413466667,7.916666667,2023
538,Masculino,2,-1,Ágata,5.0,4.7,8.6,7.4,2.52,7.39,6.413466667,5.625,2023
365,Feminino,2,0,Topázio,10.0,8.7,9.9,10.0,2.52,8.953333333,8.6587,8.25,2023
365,Feminino,2,0,Topázio,10.0,8.7,9.9,10.0,2.52,8.953333333,8.6587,8.958333333,2023
365,Feminino,2,0,Topázio,10.0,8.7,9.9,10.0,2.52,8.953333333,8.6587,8.4375,2023
559,Masculino,2,-1,Ametista,5.0,7.4,9.4,10.0,5.0,8.506666667,7.947366667,7.1875,2023
559,Masculino,2,-1,Ametista,5.0,7.4,9.4,10.0,5.0,8.506666667,7.947366667,8.958333333,2023
559,Masculino,2,-1,Ametista,5.0,7.4,9.4,10.0,5.0,8.506666667,7.947366667,6.25,2023
1104,Feminino,2,-1,Ametista,5.0,6.4,10.0,5.7,2.52,9.063333333,7.265533333,8.541666667,2023
563,Feminino,2,0,Ametista,10.0,6.2,9.7,6.4,2.52,8.726666667,7.684133333,7.96875,2023
563,Feminino,2,0,Ametista,10.0,6.2,9.7,6.4,2.52,8.726666667,7.684133333,8.75,2023
563,Feminino,2,0,Ametista,10.0,6.2,9.7,6.4,2.52,8.726666667,7.684133333,8.125,2023
573,Masculino,2,-1,Ametista,5.0,6.6,9.8,9.5,5.0,8.45,7.774366667,8.6770833332,2023
573,Masculino,2,-1,Ametista,5.0,6.6,9.8,9.5,5.0,8.45,7.774366667,8.541666667,2023
573,Masculino,2,-1,Ametista,5.0,6.6,9.8,9.5,5.0,8.45,7.774366667,7.8125,2023
551,Feminino,2,-1,Ametista,5.0,5.4,8.6,10.0,2.52,8.393333333,7.075033333,6.4166666668,2023
551,Feminino,2,-1,Ametista,5.0,5.4,8.6,10.0,2.52,8.393333333,7.075033333,8.541666667,2023
566,Feminino,2,-1,Ametista,5.0,8.4,8.8,9.0,2.52,8.673333333,7.7227,7.5625,2023
566,Feminino,2,-1,Ametista,5.0,8.4,8.8,9.0,2.52,8.673333333,7.7227,8.958333333,2023
555,Masculino,2,-1,Quartzo,5.0,3.9,8.1,7.4,2.52,6.946666667,5.898133333,5.5625,2023
555,Masculino,2,-1,Quartzo,5.0,3.9,8.1,7.4,2.52,6.946666667,5.898133333,6.25,2023
555,Masculino,2,-1,Quartzo,5.0,3.9,8.1,7.4,2.52,6.946666667,5.898133333,5.0,2023
373,Masculino,2,-1,Ágata,5.0,8.4,9.7,0.0,2.52,7.84,6.805,8.0104166668,2023
373,Masculino,2,-1,Ágata,5.0,8.4,9.7,0.0,2.52,7.84,6.805,8.75,2023
1105,Feminino,2,-1,Ágata,5.0,6.0,9.0,0.0,2.52,8.673333333,6.299166667,8.125,2023
546,Feminino,2,-1,Ágata,5.0,5.7,7.2,0.0,2.52,9.173333333,6.031666667,6.9583333334,2023
546,Feminino,2,-1,Ágata,5.0,5.7,7.2,0.0,2.52,9.173333333,6.031666667,8.75,2023
546,Feminino,2,-1,Ágata,5.0,5.7,7.2,0.0,2.52,9.173333333,6.031666667,5.15625,2023
557,Masculino,2,0,Topázio,10.0,8.9,8.2,10.0,5.0,9.62,8.7717,8.7708333332,2023
557,Masculino,2,0,Topázio,10.0,8.9,8.2,10.0,5.0,9.62,8.7717,9.375,2023
557,Masculino,2,0,Topázio,10.0,8.9,8.2,10.0,5.0,9.62,8.7717,10.0,2023
1106,Masculino,2,-1,Ametista,5.0,5.1,9.3,8.5,5.0,8.003333333,7.1642,8.333333333,2023
1106,Masculino,2,-1,Ametista,5.0,5.1,9.3,8.5,5.0,8.003333333,7.1642,7.65625,2023
558,Masculino,2,-3,Ágata,2.5,6.0,9.4,7.8,5.0,6.78,6.615333333,4.8125,2023
558,Masculino,2,-3,Ágata,2.5,6.0,9.4,7.8,5.0,6.78,6.615333333,6.458333333,2023
558,Masculino,2,-3,Ágata,2.5,6.0,9.4,7.8,5.0,6.78,6.615333333,6.09375,2023
560,Masculino,2,-1,Quartzo,5.0,4.0,8.4,0.0,2.52,6.0,4.932,4.2708333334,2023
560,Masculino,2,-1,Quartzo,5.0,4.0,8.4,0.0,2.52,6.0,4.932,5.0,2023
1107,Feminino,2,-1,Ametista,5.0,7.5,9.4,9.0,5.0,8.783333333,7.9327,8.958333333,2023
1107,Feminino,2,-1,Ametista,5.0,7.5,9.4,9.0,5.0,8.783333333,7.9327,7.5,2023
1108,Masculino,2,-1,Ágata,5.0,4.7,9.3,0.0,5.0,8.283333333,6.310833333,8.541666667,2023
1108,Masculino,2,-1,Ágata,5.0,4.7,9.3,0.0,5.0,8.283333333,6.310833333,7.1875,2023
542,Feminino,2,-1,Ametista,5.0,6.3,9.7,9.5,5.0,9.006666667,7.816533333,7.1770833332,2023
542,Feminino,2,-1,Ametista,5.0,6.3,9.7,9.5,5.0,9.006666667,7.816533333,8.75,2023
542,Feminino,2,-1,Ametista,5.0,6.3,9.7,9.5,5.0,9.006666667,7.816533333,7.03125,2023
543,Feminino,2,0,Ametista,10.0,6.5,9.8,7.8,2.52,9.006666667,7.971833333,7.1875,2023
543,Feminino,2,0,Ametista,10.0,6.5,9.8,7.8,2.52,9.006666667,7.971833333,8.75,2023
543,Feminino,2,0,Ametista,10.0,6.5,9.8,7.8,2.52,9.006666667,7.971833333,8.90625,2023
556,Feminino,2,-1,Ametista,5.0,7.2,9.6,8.5,2.52,9.396666667,7.7482,7.5520833332,2023
556,Feminino,2,-1,Ametista,5.0,7.2,9.6,8.5,2.52,9.396666667,7.7482,9.166666667,2023
556,Feminino,2,-1,Ametista,5.0,7.2,9.6,8.5,2.52,9.396666667,7.7482,6.40625,2023
1109,Masculino,2,-2,Ágata,5.0,3.4,6.4,10.0,5.0,7.836666667,6.277533333,7.5,2023
389,Masculino,2,-1,Ágata,5.0,8.2,8.2,0.0,2.52,8.95,6.687,7.7291666666,2023
389,Masculino,2,-1,Ágata,5.0,8.2,8.2,0.0,2.52,8.95,6.687,8.75,2023
389,Masculino,2,-1,Ágata,5.0,8.2,8.2,0.0,2.52,8.95,6.687,6.5625,2023
1110,Feminino,2,-1,Ametista,5.0,6.8,9.2,4.6,5.0,8.73,7.248566667,8.541666667,2023
568,Masculino,2,-3,Ágata,2.5,7.6,7.9,7.0,5.0,8.01,6.9647,6.6145833334,2023
568,Masculino,2,-3,Ágata,2.5,7.6,7.9,7.0,5.0,8.01,6.9647,8.125,2023
568,Masculino,2,-3,Ágata,2.5,7.6,7.9,7.0,5.0,8.01,6.9647,6.5625,2023
562,Feminino,2,-1,Ágata,5.0,8.7,8.5,0.0,2.52,8.893333333,6.824833333,8.34375,2023
562,Feminino,2,-1,Ágata,5.0,8.7,8.5,0.0,2.52,8.893333333,6.824833333,8.541666667,2023
562,Feminino,2,-1,Ágata,5.0,8.7,8.5,0.0,2.52,8.893333333,6.824833333,7.625,2023
1111,Feminino,2,0,Ágata,10.0,5.4,8.9,0.0,2.52,8.173333333,6.559166667,8.125,2023
1111,Feminino,2,0,Ágata,10.0,5.4,8.9,0.0,2.52,8.173333333,6.559166667,6.5625,2023
1112,Masculino,2,-1,Ametista,5.0,6.3,7.9,9.5,2.52,8.616666667,7.088866667,8.333333333,2023
1112,Masculino,2,-1,Ametista,5.0,6.3,7.9,9.5,2.52,8.616666667,7.088866667,5.375,2023
525,Feminino,2,-1,Ametista,5.0,9.2,8.6,8.0,2.52,9.566666667,7.911366667,8.0625,2023
525,Feminino,2,-1,Ametista,5.0,9.2,8.6,8.0,2.52,9.566666667,7.911366667,8.958333333,2023
357,Masculino,2,-1,Topázio,5.0,8.7,9.6,8.5,7.52,8.23,8.2832,7.6145833332,2023
357,Masculino,2,-1,Topázio,5.0,8.7,9.6,8.5,7.52,8.23,8.2832,8.75,2023
357,Masculino,2,-1,Topázio,5.0,8.7,9.6,8.5,7.52,8.23,8.2832,7.875,2023
583,Feminino,2,-1,Ametista,5.0,6.3,9.4,9.0,7.52,8.616666667,7.838866667,7.34375,2023
583,Feminino,2,-1,Ametista,5.0,6.3,9.4,9.0,7.52,8.616666667,7.838866667,8.333333333,2023
583,Feminino,2,-1,Ametista,5.0,6.3,9.4,9.0,7.52,8.616666667,7.838866667,6.875,2023
584,Feminino,2,0,Ametista,10.0,5.8,9.0,9.5,2.52,8.56,7.697533333,6.75,2023
584,Feminino,2,0,Ametista,10.0,5.8,9.0,9.5,2.52,8.56,7.697533333,8.333333333,2023
584,Feminino,2,0,Ametista,10.0,5.8,9.0,9.5,2.52,8.56,7.697533333,7.34375,2023
586,Feminino,2,0,Topázio,10.0,8.4,10.0,8.0,2.52,9.343333333,8.4242,8.9166666666,2023
586,Feminino,2,0,Topázio,10.0,8.4,10.0,8.0,2.52,9.343333333,8.4242,8.333333333,2023
586,Feminino,2,0,Topázio,10.0,8.4,10.0,8.0,2.52,9.343333333,8.4242,8.75,2023
1113,Masculino,2,-1,Quartzo,5.0,5.0,6.0,0.0,7.52,7.173333333,5.636666667,7.5,2023
413,Feminino,2,-1,Ágata,5.0,6.3,8.9,7.9,2.52,7.503333333,6.803633333,7.28125,2023
413,Feminino,2,-1,Ágata,5.0,6.3,8.9,7.9,2.52,7.503333333,6.803633333,7.291666667,2023
599,Masculino,2,0,Topázio,10.0,8.5,9.5,10.0,2.52,9.286666667,8.532866667,8.4687499998,2023
599,Masculino,2,0,Topázio,10.0,8.5,9.5,10.0,2.52,9.286666667,8.532866667,8.333333333,2023
599,Masculino,2,0,Topázio,10.0,8.5,9.5,10.0,2.52,9.286666667,8.532866667,7.083333333,2023
1114,Feminino,2,0,Ametista,10.0,4.9,9.8,8.5,2.52,8.56,7.5667,8.125,2023
1114,Feminino,2,0,Ametista,10.0,4.9,9.8,8.5,2.52,8.56,7.5667,8.375,2023
401,Feminino,2,-1,Ágata,5.0,7.3,8.1,4.0,2.52,7.116666667,6.363666667,6.5625,2023
401,Feminino,2,-1,Ágata,5.0,7.3,8.1,4.0,2.52,7.116666667,6.363666667,7.083333333,2023
401,Feminino,2,-1,Ágata,5.0,7.3,8.1,4.0,2.52,7.116666667,6.363666667,6.5625,2023
1115,Feminino,2,0,Ágata,10.0,4.0,8.3,0.0,7.52,7.56,6.474,7.5,2023
1115,Feminino,2,0,Ágata,10.0,4.0,8.3,0.0,7.52,7.56,6.474,7.5,2023
1116,Masculino,2,-1,Ágata,5.0,4.9,9.2,9.5,5.0,7.39,6.956533333,7.083333333,2023
1116,Masculino,2,-1,Ágata,5.0,4.9,9.2,9.5,5.0,7.39,6.956533333,5.125,2023
604,Feminino,2,0,Topázio,10.0,7.5,9.3,9.0,7.52,8.616666667,8.548033333,8.0625,2023
604,Feminino,2,0,Topázio,10.0,7.5,9.3,9.0,7.52,8.616666667,8.548033333,8.125,2023
604,Feminino,2,0,Topázio,10.0,7.5,9.3,9.0,7.52,8.616666667,8.548033333,6.40625,2023
605,Feminino,2,-1,Ametista,5.0,6.8,9.5,9.0,7.52,7.84,7.709366667,7.25,2023
605,Feminino,2,-1,Ametista,5.0,6.8,9.5,9.0,7.52,7.84,7.709366667,7.291666667,2023
605,Feminino,2,-1,Ametista,5.0,6.8,9.5,9.0,7.52,7.84,7.709366667,7.0,2023
668,Masculino,2,-1,Ágata,5.0,3.4,6.3,6.3,7.52,7.616666667,6.017933333,5.125,2023
668,Masculino,2,-1,Ágata,5.0,3.4,6.3,6.3,7.52,7.616666667,6.017933333,6.875,2023
1117,Feminino,2,0,Topázio,10.0,7.3,9.6,9.0,7.52,7.946666667,8.382366667,7.708333333,2023
1117,Feminino,2,0,Topázio,10.0,7.3,9.6,9.0,7.52,7.946666667,8.382366667,8.125,2023
1118,Feminino,2,-1,Ametista,5.0,6.0,8.8,5.3,7.52,8.28,7.163833333,7.708333333,2023
1118,Feminino,2,-1,Ametista,5.0,6.0,8.8,5.3,7.52,8.28,7.163833333,6.75,2023
610,Feminino,2,0,Topázio,10.0,7.0,10.0,10.0,2.52,8.896666667,8.2857,8.2916666666,2023
610,Feminino,2,0,Topázio,10.0,7.0,10.0,10.0,2.52,8.896666667,8.2857,8.541666667,2023
610,Feminino,2,0,Topázio,10.0,7.0,10.0,10.0,2.52,8.896666667,8.2857,6.875,2023
409,Feminino,2,-1,Ametista,5.0,8.0,9.5,8.4,2.52,8.73,7.621466667,7.6354166666,2023
409,Feminino,2,-1,Ametista,5.0,8.0,9.5,8.4,2.52,8.73,7.621466667,7.916666667,2023
409,Feminino,2,-1,Ametista,5.0,8.0,9.5,8.4,2.52,8.73,7.621466667,7.916666667,2023
466,Masculino,2,-2,Ágata,5.0,4.5,7.6,9.5,6.89,7.056666667,6.595533333,6.7916666666,2023
466,Masculino,2,-2,Ágata,5.0,4.5,7.6,9.5,6.89,7.056666667,6.595533333,6.25,2023
466,Masculino,2,-2,Ágata,5.0,4.5,7.6,9.5,6.89,7.056666667,6.595533333,7.5,2023
760,Masculino,2,-1,Ágata,5.0,6.3,8.8,0.0,7.52,7.84,6.548333333,8.3125,2023
760,Masculino,2,-1,Ágata,5.0,6.3,8.8,0.0,7.52,7.84,6.548333333,7.083333333,2023
760,Masculino,2,-1,Ágata,5.0,6.3,8.8,0.0,7.52,7.84,6.548333333,6.25,2023
404,Feminino,2,-1,Ágata,5.0,6.0,8.3,7.9,5.02,6.89,6.7093,6.9166666668,2023
404,Feminino,2,-1,Ágata,5.0,6.0,8.3,7.9,5.02,6.89,6.7093,6.875,2023
404,Feminino,2,-1,Ágata,5.0,6.0,8.3,7.9,5.02,6.89,6.7093,7.5,2023
590,Feminino,2,0,Ametista,10.0,6.5,9.7,6.3,3.77,8.34,7.647666667,7.9166666666,2023
590,Feminino,2,0,Ametista,10.0,6.5,9.7,6.3,3.77,8.34,7.647666667,7.291666667,2023
590,Feminino,2,0,Ametista,10.0,6.5,9.7,6.3,3.77,8.34,7.647666667,7.5,2023
469,Feminino,2,-1,Ametista,5.0,7.8,9.3,7.5,2.52,8.843333333,7.482533333,7.78125,2023
469,Feminino,2,-1,Ametista,5.0,7.8,9.3,7.5,2.52,8.843333333,7.482533333,7.916666667,2023
469,Feminino,2,-1,Ametista,5.0,7.8,9.3,7.5,2.52,8.843333333,7.482533333,7.291666667,2023
1119,Feminino,2,-1,Ametista,5.0,5.9,9.7,7.3,3.77,8.453333333,7.192,7.708333333,2023
1119,Feminino,2,-1,Ametista,5.0,5.9,9.7,7.3,3.77,8.453333333,7.192,7.625,2023
1120,Feminino,2,0,Topázio,10.0,8.3,9.6,9.5,7.52,9.676666667,9.103366667,8.958333333,2023
472,Feminino,2,-1,Ágata,5.0,5.5,7.1,5.1,7.52,8.223333333,6.6858,7.3625,2023
472,Feminino,2,-1,Ágata,5.0,5.5,7.1,5.1,7.52,8.223333333,6.6858,7.708333333,2023
472,Feminino,2,-1,Ágata,5.0,5.5,7.1,5.1,7.52,8.223333333,6.6858,6.25,2023
1121,Masculino,2,0,Topázio,10.0,8.0,9.9,0.0,6.26,9.84,8.049,8.75,2023
1121,Masculino,2,0,Topázio,10.0,8.0,9.9,0.0,6.26,9.84,8.049,7.083333333,2023
1122,Masculino,2,0,Ametista,10.0,6.9,9.3,0.0,6.89,8.616666667,7.3715,7.291666667,2023
1122,Masculino,2,0,Ametista,10.0,6.9,9.3,0.0,6.89,8.616666667,7.3715,7.083333333,2023
438,Masculino,2,0,Ágata,10.0,5.4,7.5,6.9,6.26,7.223333333,6.9883,7.3333333332,2023
438,Masculino,2,0,Ágata,10.0,5.4,7.5,6.9,6.26,7.223333333,6.9883,6.458333333,2023
438,Masculino,2,0,Ágata,10.0,5.4,7.5,6.9,6.26,7.223333333,6.9883,7.96875,2023
408,Feminino,2,-1,Ametista,5.0,6.8,8.5,7.9,3.77,8.45,7.242133333,6.6041666666,2023
408,Feminino,2,-1,Ametista,5.0,6.8,8.5,7.9,3.77,8.45,7.242133333,8.333333333,2023
408,Feminino,2,-1,Ametista,5.0,6.8,8.5,7.9,3.77,8.45,7.242133333,7.083333333,2023
1123,Masculino,2,-1,Ágata,5.0,5.3,8.9,7.3,7.52,7.113333333,6.9565,7.083333333,2023
1124,Feminino,2,-2,Ágata,5.0,3.0,8.0,9.5,7.52,7.786666667,6.667866667,7.083333333,2023
623,Masculino,2,-2,Ametista,5.0,7.3,9.5,10.0,7.52,7.446666667,7.8307,6.614583333400001,2023
623,Masculino,2,-2,Ametista,5.0,7.3,9.5,10.0,7.52,7.446666667,7.8307,7.291666667,2023
623,Masculino,2,-2,Ametista,5.0,7.3,9.5,10.0,7.52,7.446666667,7.8307,6.458333333,2023
661,Masculino,2,0,Ágata,10.0,6.5,7.7,0.0,6.89,7.836666667,6.846333333,7.0104166668,2023
661,Masculino,2,0,Ágata,10.0,6.5,7.7,0.0,6.89,7.836666667,6.846333333,7.5,2023
626,Masculino,2,-1,Ametista,5.0,6.5,9.2,9.0,4.39,7.613333333,7.231033333,6.84375,2023
626,Masculino,2,-1,Ametista,5.0,6.5,9.2,9.0,4.39,7.613333333,7.231033333,7.291666667,2023
626,Masculino,2,-1,Ametista,5.0,6.5,9.2,9.0,4.39,7.613333333,7.231033333,7.291666667,2023
433,Masculino,2,-1,Ágata,5.0,4.8,7.2,8.5,7.52,7.613333333,6.5982,6.083333333400001,2023
433,Masculino,2,-1,Ágata,5.0,4.8,7.2,8.5,7.52,7.613333333,6.5982,5.833333333,2023
433,Masculino,2,-1,Ágata,5.0,4.8,7.2,8.5,7.52,7.613333333,6.5982,6.875,2023
614,Masculino,2,-1,Topázio,5.0,8.6,9.1,9.0,7.52,8.563333333,8.2282,8.4583333332,2023
614,Masculino,2,-1,Topázio,5.0,8.6,9.1,9.0,7.52,8.563333333,8.2282,8.333333333,2023
614,Masculino,2,-1,Topázio,5.0,8.6,9.1,9.0,7.52,8.563333333,8.2282,7.916666667,2023
434,Masculino,2,-1,Ametista,5.0,6.6,8.0,6.3,7.52,7.613333333,7.069766667,7.0833333332,2023
434,Masculino,2,-1,Ametista,5.0,6.6,8.0,6.3,7.52,7.613333333,7.069766667,7.5,2023
434,Masculino,2,-1,Ametista,5.0,6.6,8.0,6.3,7.52,7.613333333,7.069766667,7.291666667,2023
603,Masculino,2,0,Ágata,10.0,7.0,8.9,0.0,2.52,7.78,6.748833333,8.0416666666,2023
603,Masculino,2,0,Ágata,10.0,7.0,8.9,0.0,2.52,7.78,6.748833333,7.708333333,2023
603,Masculino,2,0,Ágata,10.0,7.0,8.9,0.0,2.52,7.78,6.748833333,6.875,2023
436,Masculino,2,-1,Quartzo,5.0,3.4,4.7,7.5,2.52,7.613333333,5.322366667,6.166666666599999,2023
436,Masculino,2,-1,Quartzo,5.0,3.4,4.7,7.5,2.52,7.613333333,5.322366667,6.875,2023
616,Masculino,2,-1,Quartzo,5.0,6.8,6.6,0.0,5.02,6.783333333,5.612,7.0208333334,2023
616,Masculino,2,-1,Quartzo,5.0,6.8,6.6,0.0,5.02,6.783333333,5.612,5.833333333,2023
616,Masculino,2,-1,Quartzo,5.0,6.8,6.6,0.0,5.02,6.783333333,5.612,6.458333333,2023
437,Masculino,2,-2,Ágata,5.0,4.7,8.4,8.0,7.52,7.78,6.947366667,6.729166666599999,2023
437,Masculino,2,-2,Ágata,5.0,4.7,8.4,8.0,7.52,7.78,6.947366667,7.291666667,2023
1125,Feminino,2,0,Ágata,10.0,4.0,7.9,4.7,7.52,6.95,6.655366667,6.666666667,2023
619,Feminino,2,0,Ametista,10.0,9.0,7.1,9.0,3.77,8.116666667,7.891366667,7.65625,2023
619,Feminino,2,0,Ametista,10.0,9.0,7.1,9.0,3.77,8.116666667,7.891366667,7.708333333,2023
620,Masculino,2,-1,Ametista,5.0,6.2,8.4,6.8,7.52,7.503333333,7.043666667,7.010416666599999,2023
620,Masculino,2,-1,Ametista,5.0,6.2,8.4,6.8,7.52,7.503333333,7.043666667,6.875,2023
620,Masculino,2,-1,Ametista,5.0,6.2,8.4,6.8,7.52,7.503333333,7.043666667,7.083333333,2023
1127,Feminino,2,0,Topázio,10.0,6.9,9.9,8.5,5.02,9.01,8.3167,8.125,2023
1127,Feminino,2,0,Topázio,10.0,6.9,9.9,8.5,5.02,9.01,8.3167,8.125,2023
1128,Masculino,2,-1,Ágata,5.0,3.5,7.3,9.5,5.02,7.503333333,6.404533333,7.916666667,2023
1129,Masculino,2,0,Ametista,10.0,7.8,9.2,0.0,6.27,7.503333333,7.309333333,7.916666667,2023
1129,Masculino,2,0,Ametista,10.0,7.8,9.2,0.0,6.27,7.503333333,7.309333333,6.875,2023
1130,Masculino,2,0,Topázio,10.0,7.3,8.4,8.5,7.52,7.503333333,8.0037,7.708333333,2023
1130,Masculino,2,0,Topázio,10.0,7.3,8.4,8.5,7.52,7.503333333,8.0037,6.875,2023
1131,Feminino,2,-1,Topázio,5.0,9.1,9.9,7.9,5.02,9.286666667,8.316133333,8.75,2023
1131,Feminino,2,-1,Topázio,5.0,9.1,9.9,7.9,5.02,9.286666667,8.316133333,7.291666667,2023
1132,Masculino,2,-1,Ágata,5.0,5.8,6.3,10.0,6.27,7.503333333,6.829533333,7.916666667,2023
1133,Feminino,2,0,Topázio,10.0,6.5,10.0,9.5,6.27,9.343333333,8.600033333,8.541666667,2023
1133,Feminino,2,0,Topázio,10.0,6.5,10.0,9.5,6.27,9.343333333,8.600033333,8.125,2023
1134,Masculino,2,0,Ametista,10.0,6.8,9.7,8.0,3.76,7.56,7.769866667,7.916666667,2023
1134,Masculino,2,0,Ametista,10.0,6.8,9.7,8.0,3.76,7.56,7.769866667,7.708333333,2023
618,Masculino,2,-2,Ágata,5.0,6.2,9.2,0.0,5.02,7.95,6.4745,6.1145833334,2023
618,Masculino,2,-2,Ágata,5.0,6.2,9.2,0.0,5.02,7.95,6.4745,8.125,2023
618,Masculino,2,-2,Ágata,5.0,6.2,9.2,0.0,5.02,7.95,6.4745,6.666666667,2023
631,Masculino,2,-1,Quartzo,5.0,7.0,6.4,0.0,6.27,6.78,5.954666667,6.614583333400001,2023
631,Masculino,2,-1,Quartzo,5.0,7.0,6.4,0.0,6.27,6.78,5.954666667,7.916666667,2023
631,Masculino,2,-1,Quartzo,5.0,7.0,6.4,0.0,6.27,6.78,5.954666667,5.625,2023
646,Masculino,2,-1,Topázio,5.0,8.4,8.9,10.0,7.52,8.783333333,8.3547,8.4791666666,2023
646,Masculino,2,-1,Topázio,5.0,8.4,8.9,10.0,7.52,8.783333333,8.3547,8.958333333,2023
646,Masculino,2,-1,Topázio,5.0,8.4,8.9,10.0,7.52,8.783333333,8.3547,8.28125,2023
451,Feminino,2,-2,Topázio,5.0,8.9,9.5,8.5,4.39,9.896666667,8.386033333,7.3750000002,2023
451,Feminino,2,-2,Topázio,5.0,8.9,9.5,8.5,4.39,9.896666667,8.386033333,9.375,2023
1135,Masculino,2,0,Ametista,10.0,7.2,9.4,0.0,7.52,7.896666667,7.453833333,8.125,2023
649,Feminino,2,-1,Ametista,5.0,6.5,9.3,9.0,3.77,8.836666667,7.579533333,7.6875,2023
649,Feminino,2,-1,Ametista,5.0,6.5,9.3,9.0,3.77,8.836666667,7.579533333,8.75,2023
649,Feminino,2,-1,Ametista,5.0,6.5,9.3,9.0,3.77,8.836666667,7.579533333,8.333333333,2023
651,Feminino,2,0,Ametista,10.0,9.3,8.2,0.0,3.77,7.95,7.332,8.2291666666,2023
651,Feminino,2,0,Ametista,10.0,9.3,8.2,0.0,3.77,7.95,7.332,8.75,2023
651,Feminino,2,0,Ametista,10.0,9.3,8.2,0.0,3.77,7.95,7.332,8.541666667,2023
1136,Feminino,2,-1,Ágata,5.0,6.6,8.1,6.8,2.52,7.723333333,6.7351,8.333333333,2023
1136,Feminino,2,-1,Ágata,5.0,6.6,8.1,6.8,2.52,7.723333333,6.7351,7.5,2023
653,Feminino,2,-1,Ametista,5.0,7.9,9.8,0.0,6.27,9.06,7.385666667,7.96875,2023
653,Feminino,2,-1,Ametista,5.0,7.9,9.8,0.0,6.27,9.06,7.385666667,9.166666667,2023
653,Feminino,2,-1,Ametista,5.0,7.9,9.8,0.0,6.27,9.06,7.385666667,8.333333333,2023
456,Feminino,2,-1,Ametista,5.0,9.9,8.3,0.0,4.39,9.953333333,7.518,8.0729166666,2023
456,Feminino,2,-1,Ametista,5.0,9.9,8.3,0.0,4.39,9.953333333,7.518,9.583333333,2023
456,Feminino,2,-1,Ametista,5.0,9.9,8.3,0.0,4.39,9.953333333,7.518,9.166666667,2023
655,Feminino,2,-1,Topázio,5.0,8.3,9.9,7.4,7.52,8.896666667,8.3198,7.25,2023
655,Feminino,2,-1,Topázio,5.0,8.3,9.9,7.4,7.52,8.896666667,8.3198,9.166666667,2023
655,Feminino,2,-1,Topázio,5.0,8.3,9.9,7.4,7.52,8.896666667,8.3198,8.125,2023
656,Feminino,2,-1,Ágata,5.0,7.3,8.9,0.0,7.52,7.173333333,6.780833333,6.7916666668,2023
656,Feminino,2,-1,Ágata,5.0,7.3,8.9,0.0,7.52,7.173333333,6.780833333,8.541666667,2023
656,Feminino,2,-1,Ágata,5.0,7.3,8.9,0.0,7.52,7.173333333,6.780833333,7.5,2023
657,Feminino,2,-1,Topázio,5.0,8.2,10.0,8.5,7.52,8.73,8.3532,8.0,2023
657,Feminino,2,-1,Topázio,5.0,8.2,10.0,8.5,7.52,8.73,8.3532,8.75,2023
657,Feminino,2,-1,Topázio,5.0,8.2,10.0,8.5,7.52,8.73,8.3532,8.125,2023
644,Feminino,2,-1,Ágata,5.0,5.9,5.6,10.0,7.52,7.503333333,6.897033333,8.1875,2023
644,Feminino,2,-1,Ágata,5.0,5.9,5.6,10.0,7.52,7.503333333,6.897033333,8.541666667,2023
461,Feminino,2,-1,Ametista,5.0,7.4,7.9,7.3,3.77,8.616666667,7.2379,7.28125,2023
461,Feminino,2,-1,Ametista,5.0,7.4,7.9,7.3,3.77,8.616666667,7.2379,8.541666667,2023
461,Feminino,2,-1,Ametista,5.0,7.4,7.9,7.3,3.77,8.616666667,7.2379,7.708333333,2023
632,Feminino,2,0,Ametista,10.0,7.4,9.1,4.7,5.64,8.563333333,7.8768,6.583333333400001,2023
632,Feminino,2,0,Ametista,10.0,7.4,9.1,4.7,5.64,8.563333333,7.8768,8.333333333,2023
632,Feminino,2,0,Ametista,10.0,7.4,9.1,4.7,5.64,8.563333333,7.8768,8.28125,2023
633,Feminino,2,-1,Ágata,5.0,7.2,8.1,1.7,6.27,7.286666667,6.6552,7.90625,2023
633,Feminino,2,-1,Ágata,5.0,7.2,8.1,1.7,6.27,7.286666667,6.6552,8.541666667,2023
633,Feminino,2,-1,Ágata,5.0,7.2,8.1,1.7,6.27,7.286666667,6.6552,6.875,2023
1137,Feminino,2,0,Topázio,10.0,6.5,9.8,9.5,6.27,9.843333333,8.743366667,9.375,2023
1137,Feminino,2,0,Topázio,10.0,6.5,9.8,9.5,6.27,9.843333333,8.743366667,8.28125,2023
1138,Feminino,2,-1,Topázio,5.0,9.3,9.2,9.0,6.27,8.566666667,8.3472,9.166666667,2023
1139,Masculino,2,0,Ametista,10.0,5.3,9.1,8.5,5.64,7.79,7.6647,8.125,2023
1139,Masculino,2,0,Ametista,10.0,5.3,9.1,8.5,5.64,7.79,7.6647,7.5,2023
1140,Feminino,2,0,Ametista,10.0,7.3,8.7,4.7,7.52,7.62,7.703533333,7.708333333,2023
1140,Feminino,2,0,Ametista,10.0,7.3,8.7,4.7,7.52,7.62,7.703533333,8.125,2023
445,Masculino,2,-1,Ametista,5.0,8.4,8.8,8.0,6.89,8.176666667,7.9087,6.6666666666,2023
445,Masculino,2,-1,Ametista,5.0,8.4,8.8,8.0,6.89,8.176666667,7.9087,8.541666667,2023
445,Masculino,2,-1,Ametista,5.0,8.4,8.8,8.0,6.89,8.176666667,7.9087,7.8125,2023
1141,Feminino,2,-1,Ametista,5.0,5.9,8.8,9.0,7.52,7.113333333,7.2757,7.708333333,2023
1141,Feminino,2,-1,Ametista,5.0,5.9,8.8,9.0,7.52,7.113333333,7.2757,6.5625,2023
639,Feminino,2,0,Ametista,10.0,6.3,8.1,7.4,6.27,7.62,7.5853,6.6250000002,2023
639,Feminino,2,0,Ametista,10.0,6.3,8.1,7.4,6.27,7.62,7.5853,8.125,2023
639,Feminino,2,0,Ametista,10.0,6.3,8.1,7.4,6.27,7.62,7.5853,6.71875,2023
1142,Feminino,2,0,Topázio,10.0,10.0,10.0,9.0,7.52,8.343333333,9.175033333,8.541666667,2023
1142,Feminino,2,0,Topázio,10.0,10.0,10.0,9.0,7.52,8.343333333,9.175033333,8.125,2023
642,Feminino,2,0,Topázio,10.0,6.5,9.2,9.5,6.27,9.173333333,8.416866667,7.7291666666,2023
642,Feminino,2,0,Topázio,10.0,6.5,9.2,9.5,6.27,9.173333333,8.416866667,8.75,2023
642,Feminino,2,0,Topázio,10.0,6.5,9.2,9.5,6.27,9.173333333,8.416866667,7.1875,2023
658,Feminino,2,0,Topázio,10.0,6.1,9.5,9.5,7.52,9.173333333,8.438533333,7.6041666666,2023
658,Feminino,2,0,Topázio,10.0,6.1,9.5,9.5,7.52,9.173333333,8.438533333,7.916666667,2023
658,Feminino,2,0,Topázio,10.0,6.1,9.5,9.5,7.52,9.173333333,8.438533333,7.375,2023
588,Feminino,2,0,Topázio,10.0,7.8,9.6,8.0,2.52,9.673333333,8.3527,7.9583333334,2023
588,Feminino,2,0,Topázio,10.0,7.8,9.6,8.0,2.52,9.673333333,8.3527,8.958333333,2023
588,Feminino,2,0,Topázio,10.0,7.8,9.6,8.0,2.52,9.673333333,8.3527,8.75,2023
662,Feminino,2,-1,Ágata,5.0,6.7,7.6,6.8,6.27,6.72,6.733566667,6.6979166666,2023
662,Feminino,2,-1,Ágata,5.0,6.7,7.6,6.8,6.27,6.72,6.733566667,7.291666667,2023
662,Feminino,2,-1,Ágata,5.0,6.7,7.6,6.8,6.27,6.72,6.733566667,7.625,2023
403,Masculino,2,-1,Ametista,5.0,7.8,8.8,8.5,6.27,8.45,7.716366667,7.2291666668,2023
403,Masculino,2,-1,Ametista,5.0,7.8,8.8,8.5,6.27,8.45,7.716366667,7.291666667,2023
403,Masculino,2,-1,Ametista,5.0,7.8,8.8,8.5,6.27,8.45,7.716366667,8.541666667,2023
591,Masculino,2,-1,Ametista,5.0,6.9,8.5,9.0,6.27,7.333333333,7.1472,6.3750000002,2023
591,Masculino,2,-1,Ametista,5.0,6.9,8.5,9.0,6.27,7.333333333,7.1472,5.833333333,2023
591,Masculino,2,-1,Ametista,5.0,6.9,8.5,9.0,6.27,7.333333333,7.1472,5.78125,2023
592,Feminino,2,0,Ametista,10.0,7.6,9.2,6.2,3.77,8.95,7.935466667,8.15625,2023
592,Feminino,2,0,Ametista,10.0,7.6,9.2,6.2,3.77,8.95,7.935466667,7.916666667,2023
592,Feminino,2,0,Ametista,10.0,7.6,9.2,6.2,3.77,8.95,7.935466667,7.65625,2023
602,Masculino,2,-1,Topázio,5.0,8.1,9.6,10.0,7.52,9.51,8.5592,6.479166666599999,2023
602,Masculino,2,-1,Topázio,5.0,8.1,9.6,10.0,7.52,9.51,8.5592,8.75,2023
602,Masculino,2,-1,Topázio,5.0,8.1,9.6,10.0,7.52,9.51,8.5592,8.28125,2023
666,Masculino,2,0,Topázio,10.0,7.1,9.1,9.5,7.52,9.62,8.720366667,6.8333333332,2023
666,Masculino,2,0,Topázio,10.0,7.1,9.1,9.5,7.52,9.62,8.720366667,8.541666667,2023
666,Masculino,2,0,Topázio,10.0,7.1,9.1,9.5,7.52,9.62,8.720366667,7.5,2023
667,Masculino,2,-1,Ágata,5.0,5.2,6.9,9.0,6.89,7.836666667,6.774866667,6.5416666666,2023
667,Masculino,2,-1,Ágata,5.0,5.2,6.9,9.0,6.89,7.836666667,6.774866667,7.083333333,2023
667,Masculino,2,-1,Ágata,5.0,5.2,6.9,9.0,6.89,7.836666667,6.774866667,7.75,2023
422,Masculino,2,-1,Quartzo,5.0,4.4,7.8,0.0,7.52,6.106666667,5.57,7.041666666599999,2023
422,Masculino,2,-1,Quartzo,5.0,4.4,7.8,0.0,7.52,6.106666667,5.57,6.666666667,2023
422,Masculino,2,-1,Quartzo,5.0,4.4,7.8,0.0,7.52,6.106666667,5.57,6.458333333,2023
595,Masculino,2,-1,Quartzo,5.0,3.3,7.0,0.0,7.52,5.55,5.078666667,7.3125,2023
595,Masculino,2,-1,Quartzo,5.0,3.3,7.0,0.0,7.52,5.55,5.078666667,6.666666667,2023
423,Feminino,2,-1,Ágata,5.0,3.4,8.7,8.0,6.89,7.45,6.607533333,7.1666666666,2023
423,Feminino,2,-1,Ágata,5.0,3.4,8.7,8.0,6.89,7.45,6.607533333,7.083333333,2023
423,Feminino,2,-1,Ágata,5.0,3.4,8.7,8.0,6.89,7.45,6.607533333,6.875,2023
669,Masculino,2,0,Ametista,10.0,5.0,7.8,8.5,7.52,7.06,7.345033333,6.9270833334,2023
669,Masculino,2,0,Ametista,10.0,5.0,7.8,8.5,7.52,7.06,7.345033333,7.708333333,2023
669,Masculino,2,0,Ametista,10.0,5.0,7.8,8.5,7.52,7.06,7.345033333,7.291666667,2023
670,Feminino,2,0,Topázio,10.0,7.0,8.7,9.5,7.52,9.343333333,8.6067,8.1041666666,2023
670,Feminino,2,0,Topázio,10.0,7.0,8.7,9.5,7.52,9.343333333,8.6067,8.958333333,2023
670,Feminino,2,0,Topázio,10.0,7.0,8.7,9.5,7.52,9.343333333,8.6067,8.958333333,2023
609,Masculino,2,-1,Ágata,5.0,5.3,6.4,9.5,7.52,6.216666667,6.463033333,6.7083333332,2023
609,Masculino,2,-1,Ágata,5.0,5.3,6.4,9.5,7.52,6.216666667,6.463033333,6.875,2023
326,Feminino,3,0,Topázio,10.0,8.2,9.4,9.6,3.14,9.76,8.65075,8.90625,2023
326,Feminino,3,0,Topázio,10.0,8.2,9.4,9.6,3.14,9.76,8.65075,9.0625,2023
326,Feminino,3,0,Topázio,10.0,8.2,9.4,9.6,3.14,9.76,8.65075,8.875,2023
179,Masculino,3,0,Topázio,10.0,6.4,9.4,8.8,7.52,8.9225,8.437641667,7.3229166666,2023
179,Masculino,3,0,Topázio,10.0,6.4,9.4,8.8,7.52,8.9225,8.437641667,8.59375,2023
179,Masculino,3,0,Topázio,10.0,6.4,9.4,8.8,7.52,8.9225,8.437641667,8.75,2023
1143,Feminino,3,-2,Ágata,5.0,5.3,7.0,8.8,6.26,6.2075,6.445933333,7.5,2023
1143,Feminino,3,-2,Ágata,5.0,5.3,7.0,8.8,6.26,6.2075,6.445933333,7.03125,2023
330,Feminino,3,-2,Ágata,5.0,3.3,7.2,9.6,6.89,5.8275,6.084875,7.1145833332,2023
330,Feminino,3,-2,Ágata,5.0,3.3,7.2,9.6,6.89,5.8275,6.084875,6.71875,2023
332,Masculino,3,-1,Topázio,5.0,6.8,8.4,9.2,8.76,9.175,8.002591667,8.0208333334,2023
332,Masculino,3,-1,Topázio,5.0,6.8,8.4,9.2,8.76,9.175,8.002591667,8.28125,2023
332,Masculino,3,-1,Topázio,5.0,6.8,8.4,9.2,8.76,9.175,8.002591667,8.625,2023
199,Masculino,3,-1,Ametista,5.0,8.5,7.6,9.2,7.51,8.505,7.892341667,7.8229166666,2023
199,Masculino,3,-1,Ametista,5.0,8.5,7.6,9.2,7.51,8.505,7.892341667,7.96875,2023
199,Masculino,3,-1,Ametista,5.0,8.5,7.6,9.2,7.51,8.505,7.892341667,8.125,2023
1144,Feminino,3,0,Ametista,10.0,8.0,9.4,0.0,5.02,8.0025,7.410625,8.28125,2023
352,Masculino,3,0,Ametista,10.0,7.2,8.1,9.2,6.26,7.17,7.840341667,8.0729166666,2023
352,Masculino,3,0,Ametista,10.0,7.2,8.1,9.2,6.26,7.17,7.840341667,7.96875,2023
352,Masculino,3,0,Ametista,10.0,7.2,8.1,9.2,6.26,7.17,7.840341667,6.375,2023
1145,Feminino,3,1,Ametista,10.0,7.8,9.5,0.0,4.39,8.63,7.484375,8.59375,2023
1146,Feminino,3,-1,Ágata,5.0,3.7,8.8,9.6,6.26,6.965,6.689583333,7.1875,2023
1146,Feminino,3,-1,Ágata,5.0,3.7,8.8,9.6,6.26,6.965,6.689583333,6.25,2023
331,Feminino,3,0,Ametista,10.0,5.2,8.6,9.6,2.52,6.7975,7.039791667,6.6041666666,2023
331,Feminino,3,0,Ametista,10.0,5.2,8.6,9.6,2.52,6.7975,7.039791667,7.03125,2023
331,Feminino,3,0,Ametista,10.0,5.2,8.6,9.6,2.52,6.7975,7.039791667,6.09375,2023
227,Masculino,3,0,Ametista,10.0,6.9,7.5,9.6,5.63,7.4625,7.722125,5.6666666666,2023
227,Masculino,3,0,Ametista,10.0,6.9,7.5,9.6,5.63,7.4625,7.722125,8.28125,2023
227,Masculino,3,0,Ametista,10.0,6.9,7.5,9.6,5.63,7.4625,7.722125,7.5,2023
247,Feminino,3,0,Ametista,10.0,7.2,8.5,0.0,7.52,7.5425,7.221958333,7.71875,2023
247,Feminino,3,0,Ametista,10.0,7.2,8.5,0.0,7.52,7.5425,7.221958333,8.28125,2023
247,Feminino,3,0,Ametista,10.0,7.2,8.5,0.0,7.52,7.5425,7.221958333,7.75,2023
343,Masculino,3,-2,Ágata,5.0,5.7,7.2,9.2,6.26,6.9225,6.779591667,6.84375,2023
343,Masculino,3,-2,Ágata,5.0,5.7,7.2,9.2,6.26,6.9225,6.779591667,7.65625,2023
1147,Feminino,3,-1,Ametista,5.0,6.7,8.3,8.3,6.26,7.0075,7.072983333,7.1875,2023
1147,Feminino,3,-1,Ametista,5.0,6.7,8.3,8.3,6.26,7.0075,7.072983333,6.25,2023
345,Masculino,3,-1,Ágata,5.0,4.6,6.8,8.8,6.26,7.1725,6.534766667,6.7916666668,2023
345,Masculino,3,-1,Ágata,5.0,4.6,6.8,8.8,6.26,7.1725,6.534766667,8.125,2023
336,Masculino,3,-1,Quartzo,5.0,5.1,7.5,0.0,6.89,7.255,5.887708333,7.375,2023
336,Masculino,3,-1,Quartzo,5.0,5.1,7.5,0.0,6.89,7.255,5.887708333,7.34375,2023
336,Masculino,3,-1,Quartzo,5.0,5.1,7.5,0.0,6.89,7.255,5.887708333,7.5,2023
346,Masculino,3,1,Ametista,10.0,6.2,9.4,0.0,8.14,7.84,7.305541667,7.96875,2023
346,Masculino,3,1,Ametista,10.0,6.2,9.4,0.0,8.14,7.84,7.305541667,7.96875,2023
346,Masculino,3,1,Ametista,10.0,6.2,9.4,0.0,8.14,7.84,7.305541667,7.96875,2023
1148,Feminino,3,1,Ametista,10.0,5.7,8.6,7.9,3.77,7.2125,7.227866667,7.5,2023
1149,Feminino,3,-1,Ametista,5.0,7.2,9.8,8.3,2.52,8.1725,7.410108333,7.96875,2023
1149,Feminino,3,-1,Ametista,5.0,7.2,9.8,8.3,2.52,8.1725,7.410108333,8.625,2023
1150,Masculino,3,-3,Ametista,2.5,6.7,9.8,9.2,2.52,7.835,7.076008333,7.96875,2023
1150,Masculino,3,-3,Ametista,2.5,6.7,9.8,9.2,2.52,7.835,7.076008333,7.65625,2023
1151,Feminino,3,0,Ametista,10.0,8.3,9.5,7.5,2.52,7.545,7.829958333,7.65625,2023
1151,Feminino,3,0,Ametista,10.0,8.3,9.5,7.5,2.52,7.545,7.829958333,8.125,2023
356,Masculino,3,0,Ágata,10.0,3.4,8.5,9.2,2.52,6.5025,6.452008333,7.4270833334,2023
356,Masculino,3,0,Ágata,10.0,3.4,8.5,9.2,2.52,6.5025,6.452008333,6.09375,2023
356,Masculino,3,0,Ágata,10.0,3.4,8.5,9.2,2.52,6.5025,6.452008333,5.25,2023
1152,Masculino,3,-1,Ágata,5.0,6.8,9.4,0.0,5.0,7.585,6.544916667,7.8125,2023
221,Masculino,3,-2,Ágata,5.0,5.0,9.0,9.6,5.0,7.38,6.959916667,6.7916666666,2023
221,Masculino,3,-2,Ágata,5.0,5.0,9.0,9.6,5.0,7.38,6.959916667,7.1875,2023
359,Feminino,3,0,Ametista,10.0,5.8,9.2,9.6,2.52,8.255,7.627125,7.0208333334,2023
359,Feminino,3,0,Ametista,10.0,5.8,9.2,9.6,2.52,8.255,7.627125,7.65625,2023
359,Feminino,3,0,Ametista,10.0,5.8,9.2,9.6,2.52,8.255,7.627125,7.5,2023
360,Feminino,3,0,Quartzo,10.0,4.3,7.3,0.0,2.52,7.4225,5.790875,7.4375,2023
360,Feminino,3,0,Quartzo,10.0,4.3,7.3,0.0,2.52,7.4225,5.790875,7.34375,2023
360,Feminino,3,0,Quartzo,10.0,4.3,7.3,0.0,2.52,7.4225,5.790875,7.708333333,2023
338,Masculino,3,0,Topázio,10.0,6.7,9.1,8.3,7.52,8.38,8.287441667,6.875,2023
338,Masculino,3,0,Topázio,10.0,6.7,9.1,8.3,7.52,8.38,8.287441667,8.59375,2023
338,Masculino,3,0,Topázio,10.0,6.7,9.1,8.3,7.52,8.38,8.287441667,7.625,2023
339,Feminino,3,0,Ametista,10.0,7.1,8.9,0.0,7.52,8.255,7.377583333,8.0,2023
339,Feminino,3,0,Ametista,10.0,7.1,8.9,0.0,7.52,8.255,7.377583333,7.8125,2023
339,Feminino,3,0,Ametista,10.0,7.1,8.9,0.0,7.52,8.255,7.377583333,8.0,2023
353,Feminino,3,0,Topázio,10.0,8.4,9.9,8.8,2.52,8.67,8.309016667,8.0416666666,2023
353,Feminino,3,0,Topázio,10.0,8.4,9.9,8.8,2.52,8.67,8.309016667,7.8125,2023
1153,Feminino,3,-1,Ametista,5.0,7.2,10.0,7.9,7.52,8.63,7.968658333,7.65625,2023
1153,Feminino,3,-1,Ametista,5.0,7.2,10.0,7.9,7.52,8.63,7.968658333,8.75,2023
183,Feminino,3,-1,Ametista,5.0,7.7,9.7,7.9,2.52,8.795,7.586241667,7.78125,2023
183,Feminino,3,-1,Ametista,5.0,7.7,9.7,7.9,2.52,8.795,7.586241667,7.96875,2023
183,Feminino,3,-1,Ametista,5.0,7.7,9.7,7.9,2.52,8.795,7.586241667,8.25,2023
342,Feminino,3,-2,Ametista,5.0,6.6,8.6,7.5,7.52,8.505,7.539875,7.1250000002,2023
342,Feminino,3,-2,Ametista,5.0,6.6,8.6,7.5,7.52,8.505,7.539875,7.96875,2023
342,Feminino,3,-2,Ametista,5.0,6.6,8.6,7.5,7.52,8.505,7.539875,7.65625,2023
187,Feminino,3,0,Ametista,10.0,6.9,9.9,7.5,2.52,8.255,7.809875,7.78125,2023
187,Feminino,3,0,Ametista,10.0,6.9,9.9,7.5,2.52,8.255,7.809875,7.96875,2023
187,Feminino,3,0,Ametista,10.0,6.9,9.9,7.5,2.52,8.255,7.809875,8.4375,2023
190,Feminino,3,-1,Ágata,5.0,5.7,9.5,7.9,2.52,7.9575,6.934158333,7.6354166666,2023
190,Feminino,3,-1,Ágata,5.0,5.7,9.5,7.9,2.52,7.9575,6.934158333,7.65625,2023
347,Feminino,3,0,Ametista,10.0,7.3,9.5,6.7,2.52,7.7925,7.61835,8.46875,2023
347,Feminino,3,0,Ametista,10.0,7.3,9.5,6.7,2.52,7.7925,7.61835,7.8125,2023
347,Feminino,3,0,Ametista,10.0,7.3,9.5,6.7,2.52,7.7925,7.61835,8.0,2023
234,Masculino,3,0,Ágata,10.0,5.6,8.0,6.7,2.52,5.595,6.248741667,5.354166666599999,2023
234,Masculino,3,0,Ágata,10.0,5.6,8.0,6.7,2.52,5.595,6.248741667,4.84375,2023
1154,Masculino,3,0,Ametista,10.0,5.1,9.3,9.6,5.63,7.67,7.701125,7.65625,2023
1154,Masculino,3,0,Ametista,10.0,5.1,9.3,9.6,5.63,7.67,7.701125,7.34375,2023
249,Masculino,3,-2,Quartzo,5.0,4.9,8.2,0.0,5.0,6.545,5.444625,6.0416666668,2023
249,Masculino,3,-2,Quartzo,5.0,4.9,8.2,0.0,5.0,6.545,5.444625,5.15625,2023
249,Masculino,3,-2,Quartzo,5.0,4.9,8.2,0.0,5.0,6.545,5.444625,6.75,2023
380,Masculino,3,-1,Quartzo,5.0,4.5,6.4,0.0,2.52,6.5425,4.912375,6.4520833334,2023
380,Masculino,3,-1,Quartzo,5.0,4.5,6.4,0.0,2.52,6.5425,4.912375,6.71875,2023
250,Feminino,3,0,Ametista,10.0,8.3,9.3,0.0,5.63,8.625,7.598208333,7.8125,2023
250,Feminino,3,0,Ametista,10.0,8.3,9.3,0.0,5.63,8.625,7.598208333,7.96875,2023
250,Feminino,3,0,Ametista,10.0,8.3,9.3,0.0,5.63,8.625,7.598208333,8.958333333,2023
367,Feminino,3,0,Ametista,10.0,5.9,8.7,8.8,2.52,7.7925,7.38685,7.4687500002,2023
367,Feminino,3,0,Ametista,10.0,5.9,8.7,8.8,2.52,7.7925,7.38685,7.8125,2023
367,Feminino,3,0,Ametista,10.0,5.9,8.7,8.8,2.52,7.7925,7.38685,6.875,2023
1155,Feminino,3,-1,Ametista,5.0,8.0,9.2,9.2,5.63,8.2925,7.821633333,7.5,2023
1155,Feminino,3,-1,Ametista,5.0,8.0,9.2,9.2,5.63,8.2925,7.821633333,8.0,2023
1156,Feminino,3,0,Ametista,10.0,5.3,9.2,8.3,2.52,7.7925,7.340775,7.96875,2023
1156,Feminino,3,0,Ametista,10.0,5.3,9.2,8.3,2.52,7.7925,7.340775,7.125,2023
368,Masculino,3,-1,Quartzo,5.0,6.7,7.7,0.0,2.52,7.34,5.796458333,6.9895833332,2023
368,Masculino,3,-1,Quartzo,5.0,6.7,7.7,0.0,2.52,7.34,5.796458333,7.03125,2023
368,Masculino,3,-1,Quartzo,5.0,6.7,7.7,0.0,2.52,7.34,5.796458333,7.65625,2023
387,Masculino,3,-1,Quartzo,5.0,3.0,6.8,0.0,2.52,7.0075,4.794333333,6.2499999998,2023
387,Masculino,3,-1,Quartzo,5.0,3.0,6.8,0.0,2.52,7.0075,4.794333333,6.875,2023
387,Masculino,3,-1,Quartzo,5.0,3.0,6.8,0.0,2.52,7.0075,4.794333333,6.25,2023
388,Feminino,3,-2,Quartzo,5.0,4.2,7.4,0.0,5.63,7.835,5.630833333,7.1666666666,2023
388,Feminino,3,-2,Quartzo,5.0,4.2,7.4,0.0,5.63,7.835,5.630833333,6.875,2023
388,Feminino,3,-2,Quartzo,5.0,4.2,7.4,0.0,5.63,7.835,5.630833333,6.75,2023
374,Feminino,3,0,Ametista,10.0,5.4,8.3,8.8,5.63,7.9175,7.533891667,7.7604166666,2023
374,Feminino,3,0,Ametista,10.0,5.4,8.3,8.8,5.63,7.9175,7.533891667,7.65625,2023
377,Feminino,3,0,Ametista,10.0,4.8,7.6,9.6,5.0,7.6275,7.205041667,6.7708333334,2023
377,Feminino,3,0,Ametista,10.0,4.8,7.6,9.6,5.0,7.6275,7.205041667,7.34375,2023
377,Feminino,3,0,Ametista,10.0,4.8,7.6,9.6,5.0,7.6275,7.205041667,7.125,2023
223,Feminino,3,-1,Quartzo,5.0,3.8,4.5,0.0,7.52,7.1725,5.089833333,7.40625,2023
223,Feminino,3,-1,Quartzo,5.0,3.8,4.5,0.0,7.52,7.1725,5.089833333,7.5,2023
236,Feminino,3,0,Ametista,10.0,4.5,7.5,10.0,7.52,7.2975,7.337116667,7.625,2023
236,Feminino,3,0,Ametista,10.0,4.5,7.5,10.0,7.52,7.2975,7.337116667,7.1875,2023
236,Feminino,3,0,Ametista,10.0,4.5,7.5,10.0,7.52,7.2975,7.337116667,6.875,2023
362,Feminino,3,0,Ágata,10.0,5.1,7.5,0.0,7.52,7.0875,6.392625,7.6875,2023
362,Feminino,3,0,Ágata,10.0,5.1,7.5,0.0,7.52,7.0875,6.392625,7.03125,2023
381,Masculino,3,-1,Quartzo,5.0,3.9,8.4,0.0,6.89,6.84,5.758041667,6.5624999998,2023
381,Masculino,3,-1,Quartzo,5.0,3.9,8.4,0.0,6.89,6.84,5.758041667,7.34375,2023
381,Masculino,3,-1,Quartzo,5.0,3.9,8.4,0.0,6.89,6.84,5.758041667,6.71875,2023
364,Masculino,3,0,Ametista,10.0,5.8,9.0,8.8,6.89,7.505,7.734891667,7.9895833334,2023
364,Masculino,3,0,Ametista,10.0,5.8,9.0,8.8,6.89,7.505,7.734891667,7.03125,2023
364,Masculino,3,0,Ametista,10.0,5.8,9.0,8.8,6.89,7.505,7.734891667,7.96875,2023
382,Masculino,3,-2,Ágata,5.0,5.2,9.4,0.0,6.26,7.1725,6.223833333,7.3020833334,2023
382,Masculino,3,-2,Ágata,5.0,5.2,9.4,0.0,6.26,7.1725,6.223833333,7.5,2023
382,Masculino,3,-2,Ágata,5.0,5.2,9.4,0.0,6.26,7.1725,6.223833333,6.75,2023
383,Masculino,3,0,Ametista,10.0,6.5,8.8,9.2,3.14,7.5,7.5408,8.0625,2023
383,Masculino,3,0,Ametista,10.0,6.5,8.8,9.2,3.14,7.5,7.5408,7.5,2023
383,Masculino,3,0,Ametista,10.0,6.5,8.8,9.2,3.14,7.5,7.5408,7.875,2023
384,Feminino,3,0,Ágata,10.0,7.3,9.1,0.0,2.52,7.335,6.757958333,8.0625,2023
384,Feminino,3,0,Ágata,10.0,7.3,9.1,0.0,2.52,7.335,6.757958333,7.65625,2023
384,Feminino,3,0,Ágata,10.0,7.3,9.1,0.0,2.52,7.335,6.757958333,7.625,2023
1157,Masculino,3,-1,Ametista,5.0,5.7,8.8,9.2,6.26,7.0025,7.086633333,7.5,2023
1157,Masculino,3,-1,Ametista,5.0,5.7,8.8,9.2,6.26,7.0025,7.086633333,7.96875,2023
386,Masculino,3,-1,Quartzo,5.0,3.3,7.0,9.2,2.52,6.6325,5.758425,8.0000000002,2023
386,Masculino,3,-1,Quartzo,5.0,3.3,7.0,9.2,2.52,6.6325,5.758425,7.03125,2023
260,Feminino,3,0,Topázio,10.0,6.1,9.9,9.2,7.52,7.4175,8.080008333,7.46875,2023
260,Feminino,3,0,Topázio,10.0,6.1,9.9,9.2,7.52,7.4175,8.080008333,7.34375,2023
260,Feminino,3,0,Topázio,10.0,6.1,9.9,9.2,7.52,7.4175,8.080008333,7.875,2023
390,Feminino,3,0,Ágata,10.0,4.8,8.8,7.9,2.52,7.005,6.905741667,7.21875,2023
390,Feminino,3,0,Ágata,10.0,4.8,8.8,7.9,2.52,7.005,6.905741667,7.34375,2023
390,Feminino,3,0,Ágata,10.0,4.8,8.8,7.9,2.52,7.005,6.905741667,6.5625,2023
1158,Feminino,3,-1,Ágata,5.0,4.3,8.6,7.5,2.52,7.34,6.306666667,7.5,2023
391,Feminino,3,0,Ágata,10.0,3.5,7.5,7.9,2.52,7.585,6.5107,7.6458333332,2023
391,Feminino,3,0,Ágata,10.0,3.5,7.5,7.9,2.52,7.585,6.5107,7.5,2023
1159,Feminino,3,0,Quartzo,10.0,3.1,6.6,5.8,2.52,7.1325,5.913883333,7.1875,2023
392,Masculino,3,-2,Ágata,5.0,4.6,9.5,9.6,2.52,7.17,6.567208333,7.2604166666,2023
392,Masculino,3,-2,Ágata,5.0,4.6,9.5,9.6,2.52,7.17,6.567208333,6.09375,2023
392,Masculino,3,-2,Ágata,5.0,4.6,9.5,9.6,2.52,7.17,6.567208333,3.5,2023
1160,Masculino,3,0,Ágata,10.0,2.7,8.7,9.6,2.52,7.2575,6.636166667,6.875,2023
1160,Masculino,3,0,Ágata,10.0,2.7,8.7,9.6,2.52,7.2575,6.636166667,6.25,2023
1161,Feminino,3,0,Ametista,10.0,6.3,8.1,6.3,2.52,8.63,7.317791667,8.28125,2023
395,Feminino,3,0,Ametista,10.0,6.0,8.6,9.2,2.52,7.9175,7.469175,7.34375,2023
395,Feminino,3,0,Ametista,10.0,6.0,8.6,9.2,2.52,7.9175,7.469175,7.96875,2023
395,Feminino,3,0,Ametista,10.0,6.0,8.6,9.2,2.52,7.9175,7.469175,7.25,2023
450,Masculino,3,-1,Ágata,5.0,5.4,8.4,9.6,2.52,7.9175,6.819625,8.0833333334,2023
450,Masculino,3,-1,Ágata,5.0,5.4,8.4,9.6,2.52,7.9175,6.819625,7.65625,2023
450,Masculino,3,-1,Ágata,5.0,5.4,8.4,9.6,2.52,7.9175,6.819625,7.8125,2023
463,Feminino,3,0,Ágata,10.0,4.0,5.4,9.2,2.52,7.795,6.382383333,7.1666666666,2023
463,Feminino,3,0,Ágata,10.0,4.0,5.4,9.2,2.52,7.795,6.382383333,7.8125,2023
298,Masculino,3,-1,Ágata,5.0,5.5,8.6,9.6,2.52,7.7525,6.824333333,5.7291666666,2023
298,Masculino,3,-1,Ágata,5.0,5.5,8.6,9.6,2.52,7.7525,6.824333333,7.5,2023
464,Feminino,3,-1,Ágata,5.0,3.0,7.7,9.2,2.52,7.38,6.081675,7.4479166666,2023
464,Feminino,3,-1,Ágata,5.0,3.0,7.7,9.2,2.52,7.38,6.081675,7.96875,2023
464,Feminino,3,-1,Ágata,5.0,3.0,7.7,9.2,2.52,7.38,6.081675,7.1875,2023
465,Masculino,3,0,Topázio,10.0,8.5,9.4,7.5,2.52,8.17,8.012875,7.40625,2023
465,Masculino,3,0,Topázio,10.0,8.5,9.4,7.5,2.52,8.17,8.012875,7.96875,2023
442,Feminino,3,0,Ágata,10.0,5.8,7.6,0.0,7.52,8.1275,6.814166667,7.7916666666,2023
442,Feminino,3,0,Ágata,10.0,5.8,7.6,0.0,7.52,8.1275,6.814166667,7.5,2023
442,Feminino,3,0,Ágata,10.0,5.8,7.6,0.0,7.52,8.1275,6.814166667,7.5,2023
300,Masculino,3,-2,Quartzo,5.0,4.5,7.5,5.0,2.52,6.5875,5.616691667,6.6562500002,2023
300,Masculino,3,-2,Quartzo,5.0,4.5,7.5,5.0,2.52,6.5875,5.616691667,6.40625,2023
467,Feminino,3,-1,Ágata,5.0,5.2,9.2,6.3,3.14,7.5425,6.552916667,7.3020833334,2023
467,Feminino,3,-1,Ágata,5.0,5.2,9.2,6.3,3.14,7.5425,6.552916667,7.1875,2023
467,Feminino,3,-1,Ágata,5.0,5.2,9.2,6.3,3.14,7.5425,6.552916667,7.34375,2023
468,Masculino,3,-1,Quartzo,5.0,3.4,6.0,8.3,6.27,6.715,5.911108333,6.8958333332,2023
468,Masculino,3,-1,Quartzo,5.0,3.4,6.0,8.3,6.27,6.715,5.911108333,7.34375,2023
1162,Feminino,3,0,Ametista,10.0,6.0,8.5,8.3,3.77,7.7525,7.44215,7.8125,2023
1162,Feminino,3,0,Ametista,10.0,6.0,8.5,8.3,3.77,7.7525,7.44215,6.875,2023
470,Feminino,3,-1,Ágata,5.0,4.9,9.2,8.8,5.0,7.71,6.993766667,7.9479166666,2023
470,Feminino,3,-1,Ágata,5.0,4.9,9.2,8.8,5.0,7.71,6.993766667,7.5,2023
470,Feminino,3,-1,Ágata,5.0,4.9,9.2,8.8,5.0,7.71,6.993766667,7.03125,2023
474,Masculino,3,-1,Quartzo,5.0,3.3,7.8,0.0,5.0,6.7575,5.283583333,6.7083333332,2023
474,Masculino,3,-1,Quartzo,5.0,3.3,7.8,0.0,5.0,6.7575,5.283583333,7.1875,2023
474,Masculino,3,-1,Quartzo,5.0,3.3,7.8,0.0,5.0,6.7575,5.283583333,7.1875,2023
476,Feminino,3,0,Ágata,10.0,4.1,7.0,7.9,2.52,7.505,6.492408333,7.3020833334,2023
476,Feminino,3,0,Ágata,10.0,4.1,7.0,7.9,2.52,7.505,6.492408333,7.34375,2023
476,Feminino,3,0,Ágata,10.0,4.1,7.0,7.9,2.52,7.505,6.492408333,6.25,2023
478,Feminino,3,0,Ágata,10.0,4.4,7.3,6.7,2.52,7.2975,6.443616667,6.729166666599999,2023
478,Feminino,3,0,Ágata,10.0,4.4,7.3,6.7,2.52,7.2975,6.443616667,7.1875,2023
410,Masculino,3,-1,Ágata,5.0,4.9,5.8,8.8,7.52,6.0425,6.140808333,5.833333333400001,2023
410,Masculino,3,-1,Ágata,5.0,4.9,5.8,8.8,7.52,6.0425,6.140808333,6.71875,2023
411,Feminino,3,0,Ametista,10.0,6.6,9.0,6.2,7.52,7.5425,7.779983333,7.90625,2023
411,Feminino,3,0,Ametista,10.0,6.6,9.0,6.2,7.52,7.5425,7.779983333,7.8125,2023
411,Feminino,3,0,Ametista,10.0,6.6,9.0,6.2,7.52,7.5425,7.779983333,7.291666667,2023
412,Feminino,3,0,Ametista,10.0,6.2,8.9,8.8,2.52,7.585,7.373891667,8.0625,2023
412,Feminino,3,0,Ametista,10.0,6.2,8.9,8.8,2.52,7.585,7.373891667,7.03125,2023
412,Feminino,3,0,Ametista,10.0,6.2,8.9,8.8,2.52,7.585,7.373891667,8.020833333,2023
400,Masculino,3,-1,Ágata,5.0,4.1,9.0,9.2,2.52,7.375,6.529425,7.7083333334,2023
400,Masculino,3,-1,Ágata,5.0,4.1,9.0,9.2,2.52,7.375,6.529425,7.65625,2023
414,Feminino,3,0,Ametista,10.0,6.5,9.5,0.0,7.52,7.585,7.25025,7.9479166666,2023
414,Feminino,3,0,Ametista,10.0,6.5,9.5,0.0,7.52,7.585,7.25025,7.8125,2023
414,Feminino,3,0,Ametista,10.0,6.5,9.5,0.0,7.52,7.585,7.25025,6.25,2023
415,Feminino,3,0,Ametista,10.0,3.7,8.2,7.1,7.52,7.8325,7.18805,7.46875,2023
415,Feminino,3,0,Ametista,10.0,3.7,8.2,7.1,7.52,7.8325,7.18805,7.8125,2023
1163,Masculino,3,-1,Ametista,5.0,7.2,9.3,8.8,7.52,7.75,7.749391667,7.65625,2023
1163,Masculino,3,-1,Ametista,5.0,7.2,9.3,8.8,7.52,7.75,7.749391667,8.125,2023
273,Feminino,3,-1,Ágata,5.0,5.0,7.4,7.9,2.52,7.6275,6.337116667,7.025,2023
273,Feminino,3,-1,Ágata,5.0,5.0,7.4,7.9,2.52,7.6275,6.337116667,7.8125,2023
273,Feminino,3,-1,Ágata,5.0,5.0,7.4,7.9,2.52,7.6275,6.337116667,8.125,2023
471,Feminino,3,0,Ágata,10.0,5.0,9.0,0.0,6.27,8.125,6.855541667,7.635416666599999,2023
471,Feminino,3,0,Ágata,10.0,5.0,9.0,0.0,6.27,8.125,6.855541667,7.96875,2023
471,Feminino,3,0,Ágata,10.0,5.0,9.0,0.0,6.27,8.125,6.855541667,7.708333333,2023
416,Masculino,3,0,Topázio,10.0,7.6,9.8,9.2,2.52,8.3375,8.144425,7.875,2023
416,Masculino,3,0,Topázio,10.0,7.6,9.8,9.2,2.52,8.3375,8.144425,8.28125,2023
416,Masculino,3,0,Topázio,10.0,7.6,9.8,9.2,2.52,8.3375,8.144425,8.541666667,2023
417,Feminino,3,0,Topázio,10.0,7.8,9.7,5.4,7.52,8.2125,8.257658333,7.78125,2023
417,Feminino,3,0,Topázio,10.0,7.8,9.7,5.4,7.52,8.2125,8.257658333,8.28125,2023
417,Feminino,3,0,Topázio,10.0,7.8,9.7,5.4,7.52,8.2125,8.257658333,8.4375,2023
305,Masculino,3,-2,Ágata,5.0,5.2,8.9,0.0,7.52,7.75,6.394291667,7.21875,2023
305,Masculino,3,-2,Ágata,5.0,5.2,8.9,0.0,7.52,7.75,6.394291667,7.65625,2023
305,Masculino,3,-2,Ágata,5.0,5.2,8.9,0.0,7.52,7.75,6.394291667,7.8125,2023
418,Feminino,3,1,Topázio,10.0,8.1,10.0,8.8,2.52,8.045,8.1686,8.1041666666,2023
418,Feminino,3,1,Topázio,10.0,8.1,10.0,8.8,2.52,8.045,8.1686,8.125,2023
418,Feminino,3,1,Topázio,10.0,8.1,10.0,8.8,2.52,8.045,8.1686,8.229166667,2023
419,Feminino,3,0,Ametista,10.0,7.6,9.5,6.7,2.52,7.875,7.7261,7.989583333200001,2023
419,Feminino,3,0,Ametista,10.0,7.6,9.5,6.7,2.52,7.875,7.7261,8.125,2023
419,Feminino,3,0,Ametista,10.0,7.6,9.5,6.7,2.52,7.875,7.7261,8.020833333,2023
421,Masculino,3,0,Topázio,10.0,7.3,9.9,9.2,2.52,8.17,8.030716667,8.1145833334,2023
421,Masculino,3,0,Topázio,10.0,7.3,9.9,9.2,2.52,8.17,8.030716667,7.8125,2023
421,Masculino,3,0,Topázio,10.0,7.3,9.9,9.2,2.52,8.17,8.030716667,9.0625,2023
407,Masculino,3,-1,Ametista,5.0,7.3,8.6,9.6,7.52,7.5,7.665083333,6.9583333334,2023
407,Masculino,3,-1,Ametista,5.0,7.3,8.6,9.6,7.52,7.5,7.665083333,7.8125,2023
407,Masculino,3,-1,Ametista,5.0,7.3,8.6,9.6,7.52,7.5,7.665083333,7.96875,2023
425,Masculino,3,0,Topázio,10.0,7.5,9.9,9.2,2.52,8.3775,8.10555,8.1249999998,2023
425,Masculino,3,0,Topázio,10.0,7.5,9.9,9.2,2.52,8.3775,8.10555,7.8125,2023
425,Masculino,3,0,Topázio,10.0,7.5,9.9,9.2,2.52,8.3775,8.10555,8.229166667,2023
426,Feminino,3,-1,Ágata,5.0,5.0,7.6,5.4,5.0,7.5425,6.329158333,7.09375,2023
426,Feminino,3,-1,Ágata,5.0,5.0,7.6,5.4,5.0,7.5425,6.329158333,7.65625,2023
426,Feminino,3,-1,Ágata,5.0,5.0,7.6,5.4,5.0,7.5425,6.329158333,7.65625,2023
430,Masculino,3,-1,Ametista,5.0,6.4,9.3,9.2,2.52,7.75,7.146716667,6.520833333400001,2023
430,Masculino,3,-1,Ametista,5.0,6.4,9.3,9.2,2.52,7.75,7.146716667,7.8125,2023
1164,Masculino,3,0,Ágata,10.0,4.8,7.5,9.2,2.52,7.545,6.910091667,7.65625,2023
1165,Feminino,3,0,Ametista,10.0,7.3,9.1,9.2,5.0,7.2925,7.880716667,7.1875,2023
1165,Feminino,3,0,Ametista,10.0,7.3,9.1,9.2,5.0,7.2925,7.880716667,6.875,2023
432,Feminino,3,-2,Ágata,5.0,5.2,9.0,8.8,2.52,8.0425,6.850183333,6.833333333400001,2023
432,Feminino,3,-2,Ágata,5.0,5.2,9.0,8.8,2.52,8.0425,6.850183333,7.8125,2023
432,Feminino,3,-2,Ágata,5.0,5.2,9.0,8.8,2.52,8.0425,6.850183333,7.34375,2023
303,Masculino,3,-2,Quartzo,5.0,5.1,7.3,0.0,7.52,7.05,5.914291667,6.8854166666,2023
303,Masculino,3,-2,Quartzo,5.0,5.1,7.3,0.0,7.52,7.05,5.914291667,7.65625,2023
303,Masculino,3,-2,Quartzo,5.0,5.1,7.3,0.0,7.52,7.05,5.914291667,6.875,2023
420,Feminino,3,0,Ametista,10.0,5.3,9.3,8.3,2.52,7.96,7.356358333,7.8125,2023
420,Feminino,3,0,Ametista,10.0,5.3,9.3,8.3,2.52,7.96,7.356358333,7.65625,2023
420,Feminino,3,0,Ametista,10.0,5.3,9.3,8.3,2.52,7.96,7.356358333,7.8125,2023
1166,Feminino,3,-2,Ametista,5.0,4.8,9.6,8.3,7.52,7.9175,7.307858333,7.65625,2023
1166,Feminino,3,-2,Ametista,5.0,4.8,9.6,8.3,7.52,7.9175,7.307858333,8.020833333,2023
1167,Masculino,3,-3,Ágata,2.5,3.8,7.6,8.8,2.52,7.9625,6.021891667,7.65625,2023
424,Feminino,3,0,Ametista,10.0,6.4,9.9,8.8,2.52,7.7925,7.72685,7.9479166666,2023
424,Feminino,3,0,Ametista,10.0,6.4,9.9,8.8,2.52,7.7925,7.72685,7.8125,2023
424,Feminino,3,0,Ametista,10.0,6.4,9.9,8.8,2.52,7.7925,7.72685,7.34375,2023
398,Feminino,3,1,Ametista,10.0,6.5,8.1,6.7,2.52,7.7925,7.153766667,6.9375,2023
398,Feminino,3,1,Ametista,10.0,6.5,8.1,6.7,2.52,7.7925,7.153766667,7.5,2023
398,Feminino,3,1,Ametista,10.0,6.5,8.1,6.7,2.52,7.7925,7.153766667,7.291666667,2023
399,Feminino,3,0,Ametista,10.0,4.7,8.2,7.9,2.52,8.165,7.000033333,7.2604166666,2023
399,Feminino,3,0,Ametista,10.0,4.7,8.2,7.9,2.52,8.165,7.000033333,7.5,2023
428,Masculino,3,0,Ametista,10.0,7.2,9.5,8.3,2.52,8.0425,7.821816667,7.2916666666,2023
428,Masculino,3,0,Ametista,10.0,7.2,9.5,8.3,2.52,8.0425,7.821816667,7.8125,2023
428,Masculino,3,0,Ametista,10.0,7.2,9.5,8.3,2.52,8.0425,7.821816667,7.5,2023
315,Feminino,3,-1,Quartzo,5.0,6.3,6.8,0.0,5.0,7.8375,5.977708333,5.9020833334,2023
315,Feminino,3,-1,Quartzo,5.0,6.3,6.8,0.0,5.0,7.8375,5.977708333,7.96875,2023
315,Feminino,3,-1,Quartzo,5.0,6.3,6.8,0.0,5.0,7.8375,5.977708333,7.5,2023
402,Feminino,3,0,Ágata,10.0,4.2,7.3,9.2,2.52,6.88,6.632716667,7.3,2023
402,Feminino,3,0,Ágata,10.0,4.2,7.3,9.2,2.52,6.88,6.632716667,7.8125,2023
402,Feminino,3,0,Ágata,10.0,4.2,7.3,9.2,2.52,6.88,6.632716667,6.354166667,2023
1168,Feminino,3,0,Quartzo,10.0,3.5,8.8,0.0,2.52,7.045,5.886625,7.65625,2023
1168,Feminino,3,0,Quartzo,10.0,3.5,8.8,0.0,2.52,7.045,5.886625,7.1875,2023
613,Masculino,3,-1,Ágata,5.0,4.8,9.4,9.2,5.0,7.2125,6.864508333,8.1458333332,2023
613,Masculino,3,-1,Ágata,5.0,4.8,9.4,9.2,5.0,7.2125,6.864508333,6.71875,2023
613,Masculino,3,-1,Ágata,5.0,4.8,9.4,9.2,5.0,7.2125,6.864508333,6.875,2023
304,Masculino,3,-2,Ágata,5.0,5.7,8.8,0.0,5.0,7.835,6.241583333,6.9375,2023
304,Masculino,3,-2,Ágata,5.0,5.7,8.8,0.0,5.0,7.835,6.241583333,7.8125,2023
304,Masculino,3,-2,Ágata,5.0,5.7,8.8,0.0,5.0,7.835,6.241583333,6.875,2023
457,Feminino,3,0,Topázio,10.0,8.1,8.6,7.5,7.52,8.045,8.256833333,7.7083333334,2023
457,Feminino,3,0,Topázio,10.0,8.1,8.6,7.5,7.52,8.045,8.256833333,8.125,2023
457,Feminino,3,0,Topázio,10.0,8.1,8.6,7.5,7.52,8.045,8.256833333,9.6875,2023
307,Masculino,3,-2,Ágata,5.0,6.3,6.5,0.0,7.52,7.46,6.047333333,6.1604166666,2023
307,Masculino,3,-2,Ágata,5.0,6.3,6.5,0.0,7.52,7.46,6.047333333,7.5,2023
283,Masculino,3,-2,Ametista,5.0,6.8,9.5,8.3,7.52,7.5025,7.549025,6.8541666666,2023
283,Masculino,3,-2,Ametista,5.0,6.8,9.5,8.3,7.52,7.5025,7.549025,7.03125,2023
283,Masculino,3,-2,Ametista,5.0,6.8,9.5,8.3,7.52,7.5025,7.549025,7.8125,2023
459,Masculino,3,0,Topázio,10.0,8.3,9.3,6.7,7.52,7.88,8.240016667,6.708333333400001,2023
459,Masculino,3,0,Topázio,10.0,8.3,9.3,6.7,7.52,7.88,8.240016667,7.1875,2023
459,Masculino,3,0,Topázio,10.0,8.3,9.3,6.7,7.52,7.88,8.240016667,7.8125,2023
440,Masculino,3,0,Ágata,10.0,6.2,8.2,0.0,7.52,7.835,6.989208333,6.6666666666,2023
440,Masculino,3,0,Ágata,10.0,6.2,8.2,0.0,7.52,7.835,6.989208333,7.96875,2023
443,Feminino,3,-1,Ágata,5.0,7.6,7.5,7.1,2.52,8.125,6.895508333,7.90625,2023
443,Feminino,3,-1,Ágata,5.0,7.6,7.5,7.1,2.52,8.125,6.895508333,7.96875,2023
454,Masculino,3,-2,Quartzo,5.0,2.6,7.5,0.0,5.0,5.54,4.603416667,6.0625,2023
454,Masculino,3,-2,Quartzo,5.0,2.6,7.5,0.0,5.0,5.54,4.603416667,4.6875,2023
454,Masculino,3,-2,Quartzo,5.0,2.6,7.5,0.0,5.0,5.54,4.603416667,5.416666667,2023
444,Masculino,3,1,Quartzo,10.0,4.7,7.9,0.0,5.0,6.4575,5.958791667,6.635416666599999,2023
444,Masculino,3,1,Quartzo,10.0,4.7,7.9,0.0,5.0,6.4575,5.958791667,6.40625,2023
444,Masculino,3,1,Quartzo,10.0,4.7,7.9,0.0,5.0,6.4575,5.958791667,6.25,2023
170,Feminino,3,-2,Ametista,5.0,7.2,8.9,8.8,2.52,7.6725,7.062433333,7.3125,2023
170,Feminino,3,-2,Ametista,5.0,7.2,8.9,8.8,2.52,7.6725,7.062433333,6.875,2023
170,Feminino,3,-2,Ametista,5.0,7.2,8.9,8.8,2.52,7.6725,7.062433333,7.604166667,2023
1169,Feminino,3,-1,Ametista,5.0,6.3,9.5,7.5,5.0,8.0025,7.213625,7.03125,2023
1169,Feminino,3,-1,Ametista,5.0,6.3,9.5,7.5,5.0,8.0025,7.213625,7.8125,2023
458,Masculino,3,-1,Ágata,5.0,3.8,6.9,9.6,7.52,6.2475,6.312083333,6.71875,2023
458,Masculino,3,-1,Ágata,5.0,3.8,6.9,9.6,7.52,6.2475,6.312083333,7.1875,2023
458,Masculino,3,-1,Ágata,5.0,3.8,6.9,9.6,7.52,6.2475,6.312083333,7.03125,2023
1170,Masculino,3,-1,Ágata,5.0,5.9,7.7,8.8,7.52,6.5775,6.874683333,7.1875,2023
1170,Masculino,3,-1,Ágata,5.0,5.9,7.7,8.8,7.52,6.5775,6.874683333,7.03125,2023
1171,Masculino,3,-1,Ametista,5.0,8.7,8.4,7.9,5.0,8.88,7.856033333,8.75,2023
1171,Masculino,3,-1,Ametista,5.0,8.7,8.4,7.9,5.0,8.88,7.856033333,8.645833333,2023
449,Feminino,3,0,Ametista,10.0,7.0,7.2,7.1,7.52,6.8425,7.396508333,7.8958333334,2023
449,Feminino,3,0,Ametista,10.0,7.0,7.2,7.1,7.52,6.8425,7.396508333,7.34375,2023
462,Feminino,3,-2,Ágata,5.0,2.7,8.1,10.0,5.0,6.5825,6.2267,6.8333333334,2023
462,Feminino,3,-2,Ágata,5.0,2.7,8.1,10.0,5.0,6.5825,6.2267,7.5,2023
176,Feminino,4,0,Topázio,10.0,8.0,9.5,9.6,2.52,9.0025,8.316833333,8.5,2023
176,Feminino,4,0,Topázio,10.0,8.0,9.5,9.6,2.52,9.0025,8.316833333,8.125,2023
176,Feminino,4,0,Topázio,10.0,8.0,9.5,9.6,2.52,9.0025,8.316833333,8.59375,2023
178,Feminino,4,0,Ametista,10.0,5.9,8.7,7.9,2.52,8.42,7.406658333,7.8125,2023
178,Feminino,4,0,Ametista,10.0,5.9,8.7,7.9,2.52,8.42,7.406658333,7.65625,2023
178,Feminino,4,0,Ametista,10.0,5.9,8.7,7.9,2.52,8.42,7.406658333,7.625,2023
193,Masculino,4,1,Ametista,10.0,6.5,9.4,8.3,2.52,8.17,7.718566667,8.3958333334,2023
193,Masculino,4,1,Ametista,10.0,6.5,9.4,8.3,2.52,8.17,7.718566667,8.125,2023
193,Masculino,4,1,Ametista,10.0,6.5,9.4,8.3,2.52,8.17,7.718566667,8.4375,2023
1172,Feminino,4,-2,Ametista,5.0,6.7,7.8,8.3,2.52,8.46,7.030108333,8.59375,2023
1172,Feminino,4,-2,Ametista,5.0,6.7,7.8,8.3,2.52,8.46,7.030108333,7.25,2023
180,Masculino,4,1,Topázio,10.0,8.0,9.4,9.2,2.52,8.92,8.283216667,8.5520833334,2023
180,Masculino,4,1,Topázio,10.0,8.0,9.4,9.2,2.52,8.92,8.283216667,8.4375,2023
180,Masculino,4,1,Topázio,10.0,8.0,9.4,9.2,2.52,8.92,8.283216667,8.125,2023
181,Feminino,4,0,Ametista,10.0,6.8,8.3,9.6,2.52,8.2525,7.671208333,8.1875,2023
181,Feminino,4,0,Ametista,10.0,6.8,8.3,9.6,2.52,8.2525,7.671208333,7.96875,2023
181,Feminino,4,0,Ametista,10.0,6.8,8.3,9.6,2.52,8.2525,7.671208333,7.625,2023
195,Feminino,4,0,Ametista,10.0,6.0,9.2,7.1,2.52,8.79,7.60205,7.5520833334,2023
195,Feminino,4,0,Ametista,10.0,6.0,9.2,7.1,2.52,8.79,7.60205,8.4375,2023
195,Feminino,4,0,Ametista,10.0,6.0,9.2,7.1,2.52,8.79,7.60205,7.96875,2023
196,Masculino,4,1,Ametista,10.0,6.2,9.0,7.9,2.52,8.2125,7.560991667,8.5104166668,2023
196,Masculino,4,1,Ametista,10.0,6.2,9.0,7.9,2.52,8.2125,7.560991667,8.28125,2023
196,Masculino,4,1,Ametista,10.0,6.2,9.0,7.9,2.52,8.2125,7.560991667,8.75,2023
211,Masculino,4,0,Topázio,10.0,7.1,9.4,9.6,2.52,8.71,8.024791667,8.1979166666,2023
211,Masculino,4,0,Topázio,10.0,7.1,9.4,9.6,2.52,8.71,8.024791667,7.65625,2023
211,Masculino,4,0,Topázio,10.0,7.1,9.4,9.6,2.52,8.71,8.024791667,7.25,2023
197,Feminino,4,1,Ametista,10.0,7.2,9.8,8.3,2.52,8.46,7.967608333,8.3125,2023
197,Feminino,4,1,Ametista,10.0,7.2,9.8,8.3,2.52,8.46,7.967608333,7.96875,2023
197,Feminino,4,1,Ametista,10.0,7.2,9.8,8.3,2.52,8.46,7.967608333,7.96875,2023
229,Masculino,4,1,Topázio,10.0,7.8,9.8,9.2,2.52,8.42,8.207591667,8.5104166668,2023
229,Masculino,4,1,Topázio,10.0,7.8,9.8,9.2,2.52,8.42,8.207591667,8.28125,2023
229,Masculino,4,1,Topázio,10.0,7.8,9.8,9.2,2.52,8.42,8.207591667,8.28125,2023
186,Feminino,4,0,Ametista,10.0,6.9,9.7,7.5,2.52,8.46,7.817541667,7.8125,2023
186,Feminino,4,0,Ametista,10.0,6.9,9.7,7.5,2.52,8.46,7.817541667,7.96875,2023
186,Feminino,4,0,Ametista,10.0,6.9,9.7,7.5,2.52,8.46,7.817541667,8.125,2023
189,Masculino,4,0,Ametista,10.0,6.5,9.4,7.9,2.52,8.3775,7.727325,7.875,2023
189,Masculino,4,0,Ametista,10.0,6.5,9.4,7.9,2.52,8.3775,7.727325,8.28125,2023
189,Masculino,4,0,Ametista,10.0,6.5,9.4,7.9,2.52,8.3775,7.727325,6.875,2023
191,Masculino,4,0,Ametista,10.0,7.8,9.7,0.0,2.52,8.4625,7.263666667,8.5208333334,2023
191,Masculino,4,0,Ametista,10.0,7.8,9.7,0.0,2.52,8.4625,7.263666667,8.125,2023
191,Masculino,4,0,Ametista,10.0,7.8,9.7,0.0,2.52,8.4625,7.263666667,7.5,2023
1173,Masculino,4,0,Ametista,10.0,6.0,9.7,8.8,2.52,8.1225,7.67285,7.8125,2023
1173,Masculino,4,0,Ametista,10.0,6.0,9.7,8.8,2.52,8.1225,7.67285,8.125,2023
217,Feminino,4,-1,Ágata,5.0,5.6,8.6,8.3,2.52,8.5025,6.96965,7.4791666666,2023
217,Feminino,4,-1,Ágata,5.0,5.6,8.6,8.3,2.52,8.5025,6.96965,8.4375,2023
217,Feminino,4,-1,Ágata,5.0,5.6,8.6,8.3,2.52,8.5025,6.96965,7.125,2023
1174,Feminino,4,-1,Ametista,5.0,6.8,8.7,9.2,2.52,8.3375,7.333591667,8.90625,2023
1174,Feminino,4,-1,Ametista,5.0,6.8,8.7,9.2,2.52,8.3375,7.333591667,7.5,2023
192,Masculino,4,-2,Ágata,5.0,6.5,6.2,8.8,5.0,7.3775,6.616016667,5.8895833334,2023
192,Masculino,4,-2,Ágata,5.0,6.5,6.2,8.8,5.0,7.3775,6.616016667,7.1875,2023
192,Masculino,4,-2,Ágata,5.0,6.5,6.2,8.8,5.0,7.3775,6.616016667,7.125,2023
184,Masculino,4,1,Topázio,10.0,7.1,9.5,7.9,7.52,8.5025,8.430241667,7.6145833334,2023
184,Masculino,4,1,Topázio,10.0,7.1,9.5,7.9,7.52,8.5025,8.430241667,8.59375,2023
184,Masculino,4,1,Topázio,10.0,7.1,9.5,7.9,7.52,8.5025,8.430241667,7.96875,2023
200,Masculino,4,-2,Quartzo,5.0,4.3,4.5,9.6,2.52,7.17,5.661166667,6.947916666599999,2023
200,Masculino,4,-2,Quartzo,5.0,4.3,4.5,9.6,2.52,7.17,5.661166667,7.5,2023
1175,Feminino,4,-3,Quartzo,2.5,6.3,5.3,8.3,2.52,7.6275,5.939858333,7.65625,2023
204,Feminino,4,0,Ametista,10.0,7.1,7.9,8.8,2.52,8.045,7.557558333,7.15625,2023
204,Feminino,4,0,Ametista,10.0,7.1,7.9,8.8,2.52,8.045,7.557558333,8.28125,2023
204,Feminino,4,0,Ametista,10.0,7.1,7.9,8.8,2.52,8.045,7.557558333,7.125,2023
1176,Masculino,4,1,Topázio,10.0,8.2,9.3,8.3,7.52,9.17,8.881483333,9.6875,2023
1176,Masculino,4,1,Topázio,10.0,8.2,9.3,8.3,7.52,9.17,8.881483333,8.59375,2023
1177,Feminino,4,0,Topázio,10.0,7.2,9.9,10.0,2.52,8.88,8.345491667,8.90625,2023
1177,Feminino,4,0,Topázio,10.0,7.2,9.9,10.0,2.52,8.88,8.345491667,7.65625,2023
215,Feminino,4,0,Ametista,10.0,6.9,6.6,8.8,2.52,7.7125,7.166475,7.4270833334,2023
215,Feminino,4,0,Ametista,10.0,6.9,6.6,8.8,2.52,7.7125,7.166475,7.96875,2023
215,Feminino,4,0,Ametista,10.0,6.9,6.6,8.8,2.52,7.7125,7.166475,8.0,2023
1178,Masculino,4,-2,Ametista,5.0,5.7,9.3,8.8,2.52,8.2125,7.066475,7.96875,2023
1178,Masculino,4,-2,Ametista,5.0,5.7,9.3,8.8,2.52,8.2125,7.066475,7.5,2023
149,Feminino,4,-2,Quartzo,5.0,4.7,4.2,8.8,2.52,7.2925,5.622266667,7.4895833334,2023
149,Feminino,4,-2,Quartzo,5.0,4.7,4.2,8.8,2.52,7.2925,5.622266667,7.5,2023
149,Feminino,4,-2,Quartzo,5.0,4.7,4.2,8.8,2.52,7.2925,5.622266667,7.34375,2023
1179,Masculino,4,-1,Ágata,5.0,5.0,8.1,9.6,4.38,7.17,6.631333333,6.875,2023
218,Feminino,4,-1,Quartzo,5.0,6.7,6.7,0.0,2.52,7.88,5.811541667,7.1041666668,2023
218,Feminino,4,-1,Quartzo,5.0,6.7,6.7,0.0,2.52,7.88,5.811541667,7.96875,2023
220,Feminino,4,0,Ametista,10.0,6.1,7.6,8.8,2.52,7.5475,7.102016667,7.46875,2023
220,Feminino,4,0,Ametista,10.0,6.1,7.6,8.8,2.52,7.5475,7.102016667,7.1875,2023
220,Feminino,4,0,Ametista,10.0,6.1,7.6,8.8,2.52,7.5475,7.102016667,7.25,2023
202,Feminino,4,-1,Ágata,5.0,5.9,7.9,8.8,2.52,8.005,6.791641667,7.6875,2023
202,Feminino,4,-1,Ágata,5.0,5.9,7.9,8.8,2.52,8.005,6.791641667,7.96875,2023
202,Feminino,4,-1,Ágata,5.0,5.9,7.9,8.8,2.52,8.005,6.791641667,7.65625,2023
1180,Masculino,4,-1,Ametista,5.0,5.4,9.5,8.3,5.0,7.7125,7.067983333,7.1875,2023
1181,Feminino,4,0,Ágata,10.0,4.8,8.3,8.8,2.52,7.3375,6.971266667,7.5,2023
1181,Feminino,4,0,Ágata,10.0,4.8,8.3,8.8,2.52,7.3375,6.971266667,7.125,2023
1182,Feminino,4,-2,Quartzo,5.0,4.2,6.3,7.5,2.52,7.2125,5.709808333,6.71875,2023
205,Masculino,4,-1,Ágata,5.0,6.6,7.6,9.6,4.38,7.09,6.857625,6.052083333400001,2023
205,Masculino,4,-1,Ágata,5.0,6.6,7.6,9.6,4.38,7.09,6.857625,7.03125,2023
1183,Masculino,4,-1,Ágata,5.0,5.3,8.7,7.5,2.52,6.7575,6.269541667,6.09375,2023
237,Feminino,4,-1,Ametista,5.0,6.7,9.5,8.3,2.52,8.96,7.436566667,8.09375,2023
237,Feminino,4,-1,Ametista,5.0,6.7,9.5,8.3,2.52,8.96,7.436566667,8.125,2023
237,Feminino,4,-1,Ametista,5.0,6.7,9.5,8.3,2.52,8.96,7.436566667,7.916666667,2023
147,Feminino,4,-1,Quartzo,5.0,4.5,7.0,0.0,5.63,7.46,5.5425,7.625,2023
147,Feminino,4,-1,Quartzo,5.0,4.5,7.0,0.0,5.63,7.46,5.5425,6.875,2023
147,Feminino,4,-1,Quartzo,5.0,4.5,7.0,0.0,5.63,7.46,5.5425,7.5,2023
240,Feminino,4,0,Ágata,10.0,4.8,6.7,7.1,2.52,6.9175,6.337966667,7.3125,2023
240,Feminino,4,0,Ágata,10.0,4.8,6.7,7.1,2.52,6.9175,6.337966667,6.875,2023
1184,Masculino,4,-2,Ametista,5.0,7.3,8.3,8.3,5.0,8.045,7.381566667,8.125,2023
1184,Masculino,4,-2,Ametista,5.0,7.3,8.3,8.3,5.0,8.045,7.381566667,7.291666667,2023
241,Masculino,4,-1,Ametista,5.0,7.5,9.9,0.0,2.52,9.545,7.016,8.6249999998,2023
241,Masculino,4,-1,Ametista,5.0,7.5,9.9,0.0,2.52,9.545,7.016,8.75,2023
241,Masculino,4,-1,Ametista,5.0,7.5,9.9,0.0,2.52,9.545,7.016,7.5,2023
242,Masculino,4,0,Topázio,10.0,7.9,9.7,7.1,2.52,9.3775,8.221841667,8.427083333399999,2023
242,Masculino,4,0,Topázio,10.0,7.9,9.7,7.1,2.52,9.3775,8.221841667,8.59375,2023
242,Masculino,4,0,Topázio,10.0,7.9,9.7,7.1,2.52,9.3775,8.221841667,7.5,2023
138,Masculino,4,-2,Ágata,5.0,4.3,7.9,10.0,6.26,7.4175,6.784075,6.9375,2023
138,Masculino,4,-2,Ágata,5.0,4.3,7.9,10.0,6.26,7.4175,6.784075,7.34375,2023
138,Masculino,4,-2,Ágata,5.0,4.3,7.9,10.0,6.26,7.4175,6.784075,7.708333333,2023
244,Feminino,4,1,Ametista,10.0,7.3,8.8,0.0,2.52,8.8325,7.044333333,8.5,2023
244,Feminino,4,1,Ametista,10.0,7.3,8.8,0.0,2.52,8.8325,7.044333333,8.125,2023
244,Feminino,4,1,Ametista,10.0,7.3,8.8,0.0,2.52,8.8325,7.044333333,8.125,2023
245,Masculino,4,-1,Ametista,5.0,8.1,10.0,0.0,2.52,9.5875,7.171166667,8.6874999998,2023
245,Masculino,4,-1,Ametista,5.0,8.1,10.0,0.0,2.52,9.5875,7.171166667,8.75,2023
245,Masculino,4,-1,Ametista,5.0,8.1,10.0,0.0,2.52,9.5875,7.171166667,7.5,2023
246,Masculino,4,0,Topázio,10.0,6.8,9.9,8.8,4.39,8.9175,8.256766667,8.6770833334,2023
246,Masculino,4,0,Topázio,10.0,6.8,9.9,8.8,4.39,8.9175,8.256766667,8.125,2023
246,Masculino,4,0,Topázio,10.0,6.8,9.9,8.8,4.39,8.9175,8.256766667,7.5,2023
141,Masculino,4,-1,Ágata,5.0,4.5,8.4,9.6,5.63,7.0425,6.719791667,7.65625,2023
141,Masculino,4,-1,Ágata,5.0,4.5,8.4,9.6,5.63,7.0425,6.719791667,7.03125,2023
239,Feminino,4,-2,Ágata,5.0,7.0,8.4,0.0,5.0,7.6275,6.411333333,7.21875,2023
239,Feminino,4,-2,Ágata,5.0,7.0,8.4,0.0,5.0,7.6275,6.411333333,8.125,2023
239,Feminino,4,-2,Ágata,5.0,7.0,8.4,0.0,5.0,7.6275,6.411333333,7.875,2023
1185,Feminino,4,1,Topázio,10.0,7.5,9.1,7.5,5.0,8.3775,8.02675,7.8125,2023
262,Masculino,4,-2,Quartzo,5.0,3.8,3.7,0.0,5.0,6.05,4.406458333,6.208333333400001,2023
262,Masculino,4,-2,Quartzo,5.0,3.8,3.7,0.0,5.0,6.05,4.406458333,7.03125,2023
262,Masculino,4,-2,Quartzo,5.0,3.8,3.7,0.0,5.0,6.05,4.406458333,7.0,2023
1186,Feminino,4,-2,Ametista,5.0,5.5,9.8,8.8,6.89,7.3825,7.281433333,6.875,2023
397,Feminino,4,-1,Ágata,5.0,4.6,7.9,7.5,2.52,7.465,6.207083333,7.14375,2023
397,Feminino,4,-1,Ágata,5.0,4.6,7.9,7.5,2.52,7.465,6.207083333,7.1875,2023
397,Feminino,4,-1,Ágata,5.0,4.6,7.9,7.5,2.52,7.465,6.207083333,7.625,2023
1187,Feminino,4,1,Ágata,10.0,5.3,6.9,8.8,2.52,6.715,6.644475,7.34375,2023
295,Feminino,4,-1,Ametista,5.0,7.7,8.8,8.8,2.52,9.005,7.641016667,7.5625,2023
295,Feminino,4,-1,Ametista,5.0,7.7,8.8,8.8,2.52,9.005,7.641016667,9.0625,2023
269,Masculino,4,0,Topázio,10.0,7.4,9.0,9.6,2.52,8.7975,8.116041667,7.7395833332,2023
269,Masculino,4,0,Topázio,10.0,7.4,9.0,9.6,2.52,8.7975,8.116041667,8.59375,2023
269,Masculino,4,0,Topázio,10.0,7.4,9.0,9.6,2.52,8.7975,8.116041667,7.5,2023
313,Feminino,4,0,Ametista,10.0,3.9,8.7,9.2,2.52,7.75,7.011091667,6.625,2023
313,Feminino,4,0,Ametista,10.0,3.9,8.7,9.2,2.52,7.75,7.011091667,7.65625,2023
313,Feminino,4,0,Ametista,10.0,3.9,8.7,9.2,2.52,7.75,7.011091667,7.8125,2023
1190,Masculino,4,0,Ágata,10.0,4.2,9.2,0.0,5.0,7.045,6.330041667,7.34375,2023
301,Feminino,4,0,Ágata,10.0,5.2,5.4,9.2,7.52,6.465,6.760341667,6.90625,2023
301,Feminino,4,0,Ágata,10.0,5.2,5.4,9.2,7.52,6.465,6.760341667,6.71875,2023
301,Feminino,4,0,Ágata,10.0,5.2,5.4,9.2,7.52,6.465,6.760341667,8.020833333,2023
286,Feminino,4,-1,Quartzo,5.0,4.7,7.5,0.0,5.0,7.3375,5.713333333,6.38125,2023
286,Feminino,4,-1,Quartzo,5.0,4.7,7.5,0.0,5.0,7.3375,5.713333333,8.125,2023
286,Feminino,4,-1,Quartzo,5.0,4.7,7.5,0.0,5.0,7.3375,5.713333333,7.34375,2023
1191,Masculino,4,0,Ágata,10.0,3.7,7.2,7.5,5.0,6.26,6.175333333,5.0,2023
1192,Feminino,4,-1,Ágata,5.0,5.8,8.7,7.9,2.52,7.6675,6.780741667,7.96875,2023
174,Feminino,4,-2,Ágata,5.0,5.1,5.6,7.9,5.0,7.2125,6.1242,7.28125,2023
174,Feminino,4,-2,Ágata,5.0,5.1,5.6,7.9,5.0,7.2125,6.1242,7.5,2023
1193,Feminino,4,0,Ágata,10.0,4.1,7.8,0.0,5.0,7.13,6.018083333,7.1875,2023
1193,Feminino,4,0,Ágata,10.0,4.1,7.8,0.0,5.0,7.13,6.018083333,7.8125,2023
308,Masculino,4,0,Ágata,10.0,4.9,6.8,5.4,5.0,7.5025,6.578558333,6.072916666599999,2023
308,Masculino,4,0,Ágata,10.0,4.9,6.8,5.4,5.0,7.5025,6.578558333,7.03125,2023
308,Masculino,4,0,Ágata,10.0,4.9,6.8,5.4,5.0,7.5025,6.578558333,7.5,2023
152,Feminino,4,-2,Ágata,5.0,4.5,7.7,7.9,2.52,7.71,6.30695,7.3958333334,2023
152,Feminino,4,-2,Ágata,5.0,4.5,7.7,7.9,2.52,7.71,6.30695,7.8125,2023
152,Feminino,4,-2,Ágata,5.0,4.5,7.7,7.9,2.52,7.71,6.30695,7.8125,2023
270,Feminino,4,0,Ametista,10.0,6.6,9.0,9.2,2.52,9.1275,7.982633333,8.0416666666,2023
270,Feminino,4,0,Ametista,10.0,6.6,9.0,9.2,2.52,9.1275,7.982633333,8.75,2023
270,Feminino,4,0,Ametista,10.0,6.6,9.0,9.2,2.52,9.1275,7.982633333,7.5,2023
271,Feminino,4,-2,Ágata,5.0,5.9,9.3,0.0,2.52,7.7125,6.140333333,7.3541666666,2023
271,Feminino,4,-2,Ágata,5.0,5.9,9.3,0.0,2.52,7.7125,6.140333333,8.125,2023
271,Feminino,4,-2,Ágata,5.0,5.9,9.3,0.0,2.52,7.7125,6.140333333,7.5,2023
299,Feminino,4,0,Ágata,10.0,6.1,9.6,0.0,2.52,8.005,6.796541667,7.625,2023
299,Feminino,4,0,Ágata,10.0,6.1,9.6,0.0,2.52,8.005,6.796541667,7.96875,2023
299,Feminino,4,0,Ágata,10.0,6.1,9.6,0.0,2.52,8.005,6.796541667,7.5,2023
316,Feminino,4,0,Topázio,10.0,5.7,9.5,10.0,7.52,8.96,8.436908333,7.78125,2023
316,Feminino,4,0,Topázio,10.0,5.7,9.5,10.0,7.52,8.96,8.436908333,8.59375,2023
316,Feminino,4,0,Topázio,10.0,5.7,9.5,10.0,7.52,8.96,8.436908333,7.65625,2023
318,Feminino,4,-1,Ágata,5.0,4.9,8.1,7.9,6.26,7.71,6.856575,7.3750000002,2023
318,Feminino,4,-1,Ágata,5.0,4.9,8.1,7.9,6.26,7.71,6.856575,7.96875,2023
318,Feminino,4,-1,Ágata,5.0,4.9,8.1,7.9,6.26,7.71,6.856575,7.34375,2023
274,Feminino,4,1,Topázio,10.0,7.5,9.5,7.5,5.63,8.295,8.137625,7.6354166666,2023
274,Feminino,4,1,Topázio,10.0,7.5,9.5,7.5,5.63,8.295,8.137625,7.65625,2023
274,Feminino,4,1,Topázio,10.0,7.5,9.5,7.5,5.63,8.295,8.137625,8.125,2023
320,Feminino,4,0,Topázio,10.0,5.5,9.9,9.2,7.52,8.96,8.393508333,7.78125,2023
320,Feminino,4,0,Topázio,10.0,5.5,9.9,9.2,7.52,8.96,8.393508333,8.59375,2023
320,Feminino,4,0,Topázio,10.0,5.5,9.9,9.2,7.52,8.96,8.393508333,7.65625,2023
277,Masculino,4,-1,Ametista,5.0,5.5,9.9,8.3,7.52,8.7525,7.7284,7.1354166666,2023
277,Masculino,4,-1,Ametista,5.0,5.5,9.9,8.3,7.52,8.7525,7.7284,8.125,2023
277,Masculino,4,-1,Ametista,5.0,5.5,9.9,8.3,7.52,8.7525,7.7284,7.5,2023
278,Masculino,4,1,Ametista,10.0,5.6,9.8,0.0,5.63,8.3775,7.1935,7.7291666666,2023
278,Masculino,4,1,Ametista,10.0,5.6,9.8,0.0,5.63,8.3775,7.1935,8.75,2023
278,Masculino,4,1,Ametista,10.0,5.6,9.8,0.0,5.63,8.3775,7.1935,8.125,2023
291,Masculino,4,0,Topázio,10.0,7.1,8.6,8.8,7.52,9.21,8.493058333,7.9166666666,2023
291,Masculino,4,0,Topázio,10.0,7.1,8.6,8.8,7.52,9.21,8.493058333,8.90625,2023
291,Masculino,4,0,Topázio,10.0,7.1,8.6,8.8,7.52,9.21,8.493058333,7.5,2023
306,Feminino,4,-1,Quartzo,5.0,4.0,7.9,0.0,6.26,7.46,5.732375,7.1041666668,2023
306,Feminino,4,-1,Quartzo,5.0,4.0,7.9,0.0,6.26,7.46,5.732375,7.34375,2023
306,Feminino,4,-1,Quartzo,5.0,4.0,7.9,0.0,6.26,7.46,5.732375,7.34375,2023
279,Masculino,4,0,Topázio,10.0,8.9,10.0,8.8,6.27,9.2125,9.006266667,8.1354166666,2023
279,Masculino,4,0,Topázio,10.0,8.9,10.0,8.8,6.27,9.2125,9.006266667,8.75,2023
279,Masculino,4,0,Topázio,10.0,8.9,10.0,8.8,6.27,9.2125,9.006266667,8.333333333,2023
280,Feminino,4,0,Topázio,10.0,6.5,9.5,6.7,7.52,8.7125,8.189225,7.6354166666,2023
280,Feminino,4,0,Topázio,10.0,6.5,9.5,6.7,7.52,8.7125,8.189225,8.28125,2023
280,Feminino,4,0,Topázio,10.0,6.5,9.5,6.7,7.52,8.7125,8.189225,8.333333333,2023
276,Feminino,4,0,Ágata,10.0,5.5,8.5,6.3,2.52,6.585,6.690458333,6.75625,2023
276,Feminino,4,0,Ágata,10.0,5.5,8.5,6.3,2.52,6.585,6.690458333,7.03125,2023
285,Feminino,4,-3,Quartzo,2.5,4.7,4.6,8.3,2.52,7.13,5.380358333,7.0375000000000005,2023
285,Feminino,4,-3,Quartzo,2.5,4.7,4.6,8.3,2.52,7.13,5.380358333,7.65625,2023
1194,Masculino,4,1,Ametista,10.0,6.1,9.0,8.8,5.0,7.6675,7.671933333,7.5,2023
287,Feminino,4,-4,Quartzo,2.5,3.9,4.8,0.0,2.52,5.375,3.745541667,6.4125,2023
287,Feminino,4,-4,Quartzo,2.5,3.9,4.8,0.0,2.52,5.375,3.745541667,4.21875,2023
319,Masculino,4,0,Topázio,10.0,7.2,9.2,9.6,5.0,8.88,8.367208333,7.8229166666,2023
319,Masculino,4,0,Topázio,10.0,7.2,9.2,9.6,5.0,8.88,8.367208333,8.59375,2023
319,Masculino,4,0,Topázio,10.0,7.2,9.2,9.6,5.0,8.88,8.367208333,7.34375,2023
321,Feminino,4,1,Ametista,10.0,6.2,9.4,8.3,2.52,8.42,7.695233333,7.75,2023
321,Feminino,4,1,Ametista,10.0,6.2,9.4,8.3,2.52,8.42,7.695233333,8.125,2023
321,Feminino,4,1,Ametista,10.0,6.2,9.4,8.3,2.52,8.42,7.695233333,8.125,2023
1195,Feminino,4,-3,Quartzo,2.5,5.4,8.3,0.0,2.52,8.0025,5.677291667,8.28125,2023
1195,Feminino,4,-3,Quartzo,2.5,5.4,8.3,0.0,2.52,8.0025,5.677291667,7.5,2023
159,Feminino,4,-2,Ágata,5.0,6.3,8.1,7.9,2.52,7.8775,6.805033333,7.40625,2023
159,Feminino,4,-2,Ágata,5.0,6.3,8.1,7.9,2.52,7.8775,6.805033333,8.125,2023
322,Feminino,4,0,Ametista,10.0,5.3,8.3,6.7,2.52,8.045,7.037808333,7.375,2023
322,Feminino,4,0,Ametista,10.0,5.3,8.3,6.7,2.52,8.045,7.037808333,7.96875,2023
251,Masculino,4,-1,Ágata,5.0,5.3,8.0,9.6,2.52,7.835,6.665208333,7.3125,2023
251,Masculino,4,-1,Ágata,5.0,5.3,8.0,9.6,2.52,7.835,6.665208333,7.34375,2023
251,Masculino,4,-1,Ágata,5.0,5.3,8.0,9.6,2.52,7.835,6.665208333,6.875,2023
116,Feminino,5,-2,Ágata,5.0,4.7,7.6,6.7,5.0,7.5475,6.433075,7.59375,2023
116,Feminino,5,-2,Ágata,5.0,4.7,7.6,6.7,5.0,7.5475,6.433075,7.96875,2023
116,Feminino,5,-2,Ágata,5.0,4.7,7.6,6.7,5.0,7.5475,6.433075,6.875,2023
103,Feminino,5,1,Topázio,10.0,7.1,9.2,8.3,5.0,8.09,8.0239,8.0625,2023
103,Feminino,5,1,Topázio,10.0,7.1,9.2,8.3,5.0,8.09,8.0239,8.125,2023
103,Feminino,5,1,Topázio,10.0,7.1,9.2,8.3,5.0,8.09,8.0239,7.875,2023
42,Masculino,5,-1,Ágata,5.0,5.7,8.6,8.8,5.63,6.6675,6.794516667,5.8854166666,2023
42,Masculino,5,-1,Ágata,5.0,5.7,8.6,8.8,5.63,6.6675,6.794516667,6.5625,2023
42,Masculino,5,-1,Ágata,5.0,5.7,8.6,8.8,5.63,6.6675,6.794516667,6.796875,2023
121,Feminino,5,-1,Ágata,5.0,6.0,8.8,6.3,5.0,7.4625,6.811875,7.5,2023
121,Feminino,5,-1,Ágata,5.0,6.0,8.8,6.3,5.0,7.4625,6.811875,7.34375,2023
121,Feminino,5,-1,Ágata,5.0,6.0,8.8,6.3,5.0,7.4625,6.811875,7.25,2023
106,Feminino,5,0,Ametista,10.0,7.3,9.1,7.9,5.0,7.5075,7.769658333,8.03125,2023
106,Feminino,5,0,Ametista,10.0,7.3,9.1,7.9,5.0,7.5075,7.769658333,7.03125,2023
106,Feminino,5,0,Ametista,10.0,7.3,9.1,7.9,5.0,7.5075,7.769658333,7.8125,2023
123,Masculino,5,-2,Ágata,5.0,5.7,9.4,0.0,5.0,6.8375,6.068333333,7.53125,2023
123,Masculino,5,-2,Ágata,5.0,5.7,9.4,0.0,5.0,6.8375,6.068333333,6.875,2023
123,Masculino,5,-2,Ágata,5.0,5.7,9.4,0.0,5.0,6.8375,6.068333333,6.71875,2023
46,Feminino,5,-3,Quartzo,2.5,4.4,7.4,7.1,2.52,6.6275,5.545383333,7.40625,2023
46,Feminino,5,-3,Quartzo,2.5,4.4,7.4,7.1,2.52,6.6275,5.545383333,6.5625,2023
125,Feminino,5,-1,Ágata,5.0,5.8,7.7,9.2,5.0,7.835,6.989633333,7.4583333334,2023
125,Feminino,5,-1,Ágata,5.0,5.8,7.7,9.2,5.0,7.835,6.989633333,8.125,2023
125,Feminino,5,-1,Ágata,5.0,5.8,7.7,9.2,5.0,7.835,6.989633333,7.34375,2023
110,Masculino,5,0,Topázio,10.0,7.5,8.6,8.3,5.0,8.2975,8.0879,8.34375,2023
110,Masculino,5,0,Topázio,10.0,7.5,8.6,8.3,5.0,8.2975,8.0879,8.75,2023
110,Masculino,5,0,Topázio,10.0,7.5,8.6,8.3,5.0,8.2975,8.0879,7.5,2023
128,Masculino,5,-1,Ágata,5.0,5.7,7.3,6.7,5.0,7.5475,6.503908333,7.4166666668,2023
128,Masculino,5,-1,Ágata,5.0,5.7,7.3,6.7,5.0,7.5475,6.503908333,7.34375,2023
143,Masculino,5,1,Ametista,10.0,6.5,9.6,8.3,2.52,8.3375,7.794358333,8.75,2023
143,Masculino,5,1,Ametista,10.0,6.5,9.6,8.3,2.52,8.3375,7.794358333,8.28125,2023
143,Masculino,5,1,Ametista,10.0,6.5,9.6,8.3,2.52,8.3375,7.794358333,7.5,2023
111,Feminino,5,1,Ametista,10.0,6.0,8.7,7.5,5.0,8.0875,7.566458333,8.1875,2023
111,Feminino,5,1,Ametista,10.0,6.0,8.7,7.5,5.0,8.0875,7.566458333,7.65625,2023
111,Feminino,5,1,Ametista,10.0,6.0,8.7,7.5,5.0,8.0875,7.566458333,8.125,2023
112,Feminino,5,-1,Ametista,5.0,7.4,8.1,6.7,5.0,7.9225,7.141308333,8.0729166666,2023
112,Feminino,5,-1,Ametista,5.0,7.4,8.1,6.7,5.0,7.9225,7.141308333,7.96875,2023
112,Feminino,5,-1,Ametista,5.0,7.4,8.1,6.7,5.0,7.9225,7.141308333,7.96875,2023
115,Feminino,5,-1,Ágata,5.0,4.2,7.1,8.8,5.0,7.215,6.319141667,6.55,2023
115,Feminino,5,-1,Ágata,5.0,4.2,7.1,8.8,5.0,7.215,6.319141667,7.34375,2023
115,Feminino,5,-1,Ágata,5.0,4.2,7.1,8.8,5.0,7.215,6.319141667,6.75,2023
1196,Masculino,5,0,Ametista,10.0,7.5,8.2,0.0,5.0,8.045,7.03025,7.8125,2023
52,Masculino,5,1,Ametista,10.0,6.4,9.8,10.0,2.52,8.2975,7.9642,7.53125,2023
52,Masculino,5,1,Ametista,10.0,6.4,9.8,10.0,2.52,8.2975,7.9642,8.125,2023
52,Masculino,5,1,Ametista,10.0,6.4,9.8,10.0,2.52,8.2975,7.9642,7.5,2023
1197,Feminino,5,-1,Ágata,5.0,7.3,8.4,6.7,5.0,7.215,6.946058333,7.03125,2023
108,Feminino,5,-2,Quartzo,5.0,2.9,7.3,5.8,2.52,5.59,4.9308,6.0625,2023
108,Feminino,5,-2,Quartzo,5.0,2.9,7.3,5.8,2.52,5.59,4.9308,4.375,2023
1198,Feminino,5,-1,Ametista,5.0,6.7,9.4,8.3,6.26,7.9625,7.515233333,7.5,2023
1198,Feminino,5,-1,Ametista,5.0,6.7,9.4,8.3,6.26,7.9625,7.515233333,7.375,2023
127,Feminino,5,0,Ametista,10.0,6.4,7.8,8.8,6.26,8.6725,7.91935,8.1041666666,2023
127,Feminino,5,0,Ametista,10.0,6.4,7.8,8.8,6.26,8.6725,7.91935,8.4375,2023
127,Feminino,5,0,Ametista,10.0,6.4,7.8,8.8,6.26,8.6725,7.91935,7.625,2023
114,Masculino,5,-2,Quartzo,5.0,5.6,6.0,0.0,3.14,7.255,5.335,6.5458333334,2023
114,Masculino,5,-2,Quartzo,5.0,5.6,6.0,0.0,3.14,7.255,5.335,7.5,2023
146,Feminino,5,-1,Ametista,5.0,7.9,9.5,6.2,5.0,8.2125,7.584483333,7.4583333334,2023
146,Feminino,5,-1,Ametista,5.0,7.9,9.5,6.2,5.0,8.2125,7.584483333,8.4375,2023
146,Feminino,5,-1,Ametista,5.0,7.9,9.5,6.2,5.0,8.2125,7.584483333,7.65625,2023
1199,Masculino,5,-2,Ametista,5.0,6.2,9.1,6.7,5.0,8.0875,7.024933333,6.875,2023
1199,Masculino,5,-2,Ametista,5.0,6.2,9.1,6.7,5.0,8.0875,7.024933333,6.5625,2023
70,Feminino,5,-2,Ágata,5.0,4.3,9.2,9.2,5.0,7.545,6.869133333,6.7,2023
70,Feminino,5,-2,Ágata,5.0,4.3,9.2,9.2,5.0,7.545,6.869133333,7.5,2023
107,Feminino,5,0,Ágata,10.0,7.0,8.5,0.0,5.0,7.5875,6.845208333,7.53125,2023
107,Feminino,5,0,Ágata,10.0,7.0,8.5,0.0,5.0,7.5875,6.845208333,7.34375,2023
107,Feminino,5,0,Ágata,10.0,7.0,8.5,0.0,5.0,7.5875,6.845208333,7.5,2023
1200,Feminino,5,0,Quartzo,10.0,4.0,6.4,0.0,5.0,6.8725,5.711166667,7.5,2023
1200,Feminino,5,0,Quartzo,10.0,4.0,6.4,0.0,5.0,6.8725,5.711166667,7.5,2023
151,Feminino,5,-2,Ágata,5.0,7.9,7.8,0.0,7.52,8.1725,6.892541667,7.59375,2023
151,Feminino,5,-2,Ágata,5.0,7.9,7.8,0.0,7.52,8.1725,6.892541667,8.59375,2023
85,Masculino,5,-1,Ametista,5.0,5.7,8.9,8.8,6.27,7.8425,7.08435,5.8854166666,2023
85,Masculino,5,-1,Ametista,5.0,5.7,8.9,8.8,6.27,7.8425,7.08435,5.9375,2023
85,Masculino,5,-1,Ametista,5.0,5.7,8.9,8.8,6.27,7.8425,7.08435,6.25,2023
1201,Masculino,5,0,Topázio,10.0,7.8,9.6,9.2,3.77,8.7575,8.378008333,8.59375,2023
1201,Masculino,5,0,Topázio,10.0,7.8,9.6,9.2,3.77,8.7575,8.378008333,8.333333333,2023
131,Feminino,5,-1,Quartzo,5.0,2.2,7.8,8.3,5.0,6.8,5.952358333,7.46875,2023
131,Feminino,5,-1,Quartzo,5.0,2.2,7.8,8.3,5.0,6.8,5.952358333,7.65625,2023
131,Feminino,5,-1,Quartzo,5.0,2.2,7.8,8.3,5.0,6.8,5.952358333,7.708333333,2023
132,Feminino,5,0,Ametista,10.0,6.5,8.7,7.5,2.52,7.715,7.350625,8.3541666666,2023
132,Feminino,5,0,Ametista,10.0,6.5,8.7,7.5,2.52,7.715,7.350625,7.65625,2023
132,Feminino,5,0,Ametista,10.0,6.5,8.7,7.5,2.52,7.715,7.350625,8.59375,2023
133,Feminino,5,-1,Ágata,5.0,5.3,7.9,7.5,2.52,6.505,6.168416667,7.96875,2023
133,Feminino,5,-1,Ágata,5.0,5.3,7.9,7.5,2.52,6.505,6.168416667,7.1875,2023
104,Masculino,5,-3,Quartzo,2.5,2.6,7.7,0.0,2.52,5.6275,4.25,6.875,2023
104,Masculino,5,-3,Quartzo,2.5,2.6,7.7,0.0,2.52,5.6275,4.25,5.625,2023
137,Feminino,5,-2,Quartzo,5.0,6.0,6.3,7.1,2.52,6.88,5.937025,7.34375,2023
137,Feminino,5,-2,Quartzo,5.0,6.0,6.3,7.1,2.52,6.88,5.937025,6.40625,2023
137,Feminino,5,-2,Quartzo,5.0,6.0,6.3,7.1,2.52,6.88,5.937025,4.791666667,2023
144,Feminino,5,1,Quartzo,10.0,4.4,5.2,0.0,2.52,6.0,4.990333333,8.2916666666,2023
144,Feminino,5,1,Quartzo,10.0,4.4,5.2,0.0,2.52,6.0,4.990333333,6.25,2023
1202,Feminino,5,-1,Ágata,5.0,3.3,7.6,7.1,7.52,6.67,6.202008333,7.34375,2023
90,Feminino,5,1,Topázio,10.0,7.7,9.6,10.0,7.52,8.1725,8.699408333,8.7083333334,2023
90,Feminino,5,1,Topázio,10.0,7.7,9.6,10.0,7.52,8.1725,8.699408333,8.59375,2023
90,Feminino,5,1,Topázio,10.0,7.7,9.6,10.0,7.52,8.1725,8.699408333,7.5,2023
167,Feminino,5,-2,Ametista,5.0,7.9,9.9,8.8,5.0,7.8375,7.806141667,7.65625,2023
167,Feminino,5,-2,Ametista,5.0,7.9,9.9,8.8,5.0,7.8375,7.806141667,7.96875,2023
167,Feminino,5,-2,Ametista,5.0,7.9,9.9,8.8,5.0,7.8375,7.806141667,8.375,2023
168,Feminino,5,0,Ágata,10.0,4.7,9.6,0.0,6.89,6.4225,6.483083333,7.46875,2023
168,Feminino,5,0,Ágata,10.0,4.7,9.6,0.0,6.89,6.4225,6.483083333,6.5625,2023
1203,Feminino,5,-1,Ametista,5.0,7.2,10.0,9.2,2.52,7.8775,7.487841667,7.96875,2023
1203,Feminino,5,-1,Ametista,5.0,7.2,10.0,9.2,2.52,7.8775,7.487841667,8.375,2023
155,Masculino,5,-2,Ágata,5.0,4.4,8.1,7.9,5.0,6.5875,6.318991667,7.114583333400001,2023
155,Masculino,5,-2,Ágata,5.0,4.4,8.1,7.9,5.0,6.5875,6.318991667,7.03125,2023
94,Feminino,5,-1,Ametista,5.0,7.2,9.6,7.5,2.52,7.795,7.289333333,8.59375,2023
94,Feminino,5,-1,Ametista,5.0,7.2,9.6,7.5,2.52,7.795,7.289333333,8.75,2023
94,Feminino,5,-1,Ametista,5.0,7.2,9.6,7.5,2.52,7.795,7.289333333,8.375,2023
81,Feminino,5,0,Ametista,10.0,6.3,8.8,9.6,2.52,7.2125,7.45425,7.65625,2023
81,Feminino,5,0,Ametista,10.0,6.3,8.8,9.6,2.52,7.2125,7.45425,7.8125,2023
81,Feminino,5,0,Ametista,10.0,6.3,8.8,9.6,2.52,7.2125,7.45425,7.875,2023
302,Masculino,5,-2,Quartzo,5.0,4.3,7.3,0.0,5.0,6.255,5.314333333,7.166666666599999,2023
302,Masculino,5,-2,Quartzo,5.0,4.3,7.3,0.0,5.0,6.255,5.314333333,7.5,2023
171,Masculino,5,-2,Ágata,5.0,5.2,7.2,7.5,5.0,6.755,6.293083333,7.125,2023
171,Masculino,5,-2,Ágata,5.0,5.2,7.2,7.5,5.0,6.755,6.293083333,7.1875,2023
171,Masculino,5,-2,Ágata,5.0,5.2,7.2,7.5,5.0,6.755,6.293083333,7.625,2023
160,Feminino,5,-1,Ágata,5.0,5.0,8.3,8.8,2.52,7.46,6.598266667,7.71875,2023
160,Feminino,5,-1,Ágata,5.0,5.0,8.3,8.8,2.52,7.46,6.598266667,8.125,2023
160,Feminino,5,-1,Ágata,5.0,5.0,8.3,8.8,2.52,7.46,6.598266667,7.34375,2023
1204,Masculino,5,-1,Ágata,5.0,6.1,8.7,7.5,5.0,7.2125,6.940416667,7.8125,2023
1205,Feminino,5,-3,Ágata,2.5,5.0,9.2,9.2,6.26,7.085,6.806466667,7.5,2023
173,Masculino,5,-2,Ametista,5.0,8.1,8.5,9.2,6.26,7.8775,7.757466667,7.8125,2023
173,Masculino,5,-2,Ametista,5.0,8.1,8.5,9.2,6.26,7.8775,7.757466667,8.125,2023
166,Masculino,5,0,Topázio,10.0,8.1,8.9,7.5,6.26,7.4625,8.105583333,7.9166666666,2023
166,Masculino,5,0,Topázio,10.0,8.1,8.9,7.5,6.26,7.4625,8.105583333,8.4375,2023
166,Masculino,5,0,Topázio,10.0,8.1,8.9,7.5,6.26,7.4625,8.105583333,7.5,2023
175,Feminino,5,-1,Ágata,5.0,4.8,9.2,8.8,2.52,7.085,6.569516667,7.1458333334,2023
175,Feminino,5,-1,Ágata,5.0,4.8,9.2,8.8,2.52,7.085,6.569516667,7.1875,2023
175,Feminino,5,-1,Ágata,5.0,4.8,9.2,8.8,2.52,7.085,6.569516667,7.5,2023
153,Feminino,5,0,Ametista,10.0,6.4,7.4,9.2,2.52,7.71,7.289966667,7.5,2023
153,Feminino,5,0,Ametista,10.0,6.4,7.4,9.2,2.52,7.71,7.289966667,8.125,2023
153,Feminino,5,0,Ametista,10.0,6.4,7.4,9.2,2.52,7.71,7.289966667,7.5,2023
1206,Feminino,5,-2,Ágata,5.0,5.6,8.3,8.8,2.52,7.7125,6.724183333,7.8125,2023
157,Feminino,5,2,Ametista,10.0,6.8,9.9,7.1,2.52,8.63,7.879008333,8.09375,2023
157,Feminino,5,2,Ametista,10.0,6.8,9.9,7.1,2.52,8.63,7.879008333,8.59375,2023
157,Feminino,5,2,Ametista,10.0,6.8,9.9,7.1,2.52,8.63,7.879008333,8.125,2023
1207,Feminino,5,0,Ametista,10.0,5.5,9.0,8.8,5.0,7.63,7.58235,7.8125,2023
1207,Feminino,5,0,Ametista,10.0,5.5,9.0,8.8,5.0,7.63,7.58235,7.34375,2023
1208,Masculino,5,0,Ametista,10.0,6.2,8.8,8.8,2.52,6.2525,7.0651,6.875,2023
1209,Feminino,5,-1,Ametista,5.0,7.4,9.4,7.5,5.0,7.7125,7.43375,7.8125,2023
158,Feminino,5,1,Ametista,10.0,6.0,9.0,7.1,2.52,7.545,7.297425,7.59375,2023
158,Feminino,5,1,Ametista,10.0,6.0,9.0,7.1,2.52,7.545,7.297425,8.28125,2023
158,Feminino,5,1,Ametista,10.0,6.0,9.0,7.1,2.52,7.545,7.297425,6.875,2023
161,Feminino,5,1,Ágata,10.0,5.8,7.3,0.0,2.52,7.795,6.250166667,7.96875,2023
161,Feminino,5,1,Ágata,10.0,5.8,7.3,0.0,2.52,7.795,6.250166667,8.125,2023
161,Feminino,5,1,Ágata,10.0,5.8,7.3,0.0,2.52,7.795,6.250166667,7.96875,2023
164,Masculino,5,-1,Quartzo,5.0,5.8,8.2,0.0,2.52,6.9625,5.638666667,7.28125,2023
164,Masculino,5,-1,Quartzo,5.0,5.8,8.2,0.0,2.52,6.9625,5.638666667,6.875,2023
164,Masculino,5,-1,Quartzo,5.0,5.8,8.2,0.0,2.52,6.9625,5.638666667,6.25,2023
1210,Feminino,5,-1,Ametista,5.0,4.7,9.4,9.6,5.0,8.09,7.171083333,7.8125,2023
1210,Feminino,5,-1,Ametista,5.0,4.7,9.4,9.6,5.0,8.09,7.171083333,7.875,2023
165,Feminino,5,0,Ametista,10.0,7.3,9.2,6.7,2.52,7.795,7.583433333,8.15625,2023
165,Feminino,5,0,Ametista,10.0,7.3,9.2,6.7,2.52,7.795,7.583433333,8.125,2023
165,Feminino,5,0,Ametista,10.0,7.3,9.2,6.7,2.52,7.795,7.583433333,7.96875,2023
1211,Feminino,5,-1,Ametista,5.0,6.2,9.1,7.1,5.0,7.7125,7.09205,7.8125,2023
1212,Feminino,5,-1,Ágata,5.0,4.2,8.9,8.3,5.0,7.715,6.755358333,7.65625,2023
1213,Feminino,5,-2,Quartzo,5.0,6.0,8.4,0.0,2.52,7.715,5.95625,7.8125,2023
40,Feminino,6,-1,Ametista,5.0,5.9,8.2,7.5,7.52,7.755,7.169975,7.71875,2023
40,Feminino,6,-1,Ametista,5.0,5.9,8.2,7.5,7.52,7.755,7.169975,7.96875,2023
40,Feminino,6,-1,Ametista,5.0,5.9,8.2,7.5,7.52,7.755,7.169975,8.125,2023
1214,Masculino,6,0,Topázio,10.0,7.4,9.8,9.6,6.89,7.6725,8.378666667,7.5,2023
1214,Masculino,6,0,Topázio,10.0,7.4,9.8,9.6,6.89,7.6725,8.378666667,8.28125,2023
71,Feminino,6,-2,Ametista,5.0,6.6,9.8,6.7,6.26,7.7125,7.3651,7.0375,2023
71,Feminino,6,-2,Ametista,5.0,6.6,9.8,6.7,6.26,7.7125,7.3651,7.5,2023
53,Masculino,6,-2,Ametista,5.0,7.7,9.1,9.2,5.63,7.5875,7.600633333,7.3125,2023
53,Masculino,6,-2,Ametista,5.0,7.7,9.1,9.2,5.63,7.5875,7.600633333,7.5,2023
43,Feminino,6,-1,Ágata,5.0,5.0,6.7,7.9,5.63,7.5875,6.4622,6.48125,2023
43,Feminino,6,-1,Ágata,5.0,5.0,6.7,7.9,5.63,7.5875,6.4622,7.5,2023
55,Feminino,6,-1,Ágata,5.0,7.1,8.1,7.9,3.14,7.545,6.898033333,7.5208333334,2023
55,Feminino,6,-1,Ágata,5.0,7.1,8.1,7.9,3.14,7.545,6.898033333,7.5,2023
44,Feminino,6,-2,Ágata,5.0,6.9,8.5,0.0,5.01,7.17,6.258333333,7.34375,2023
44,Feminino,6,-2,Ágata,5.0,6.9,8.5,0.0,5.01,7.17,6.258333333,7.5,2023
1215,Feminino,6,0,Ágata,10.0,4.1,5.6,7.1,5.0,7.1725,6.339466667,7.5,2023
45,Feminino,6,0,Topázio,10.0,7.9,9.6,7.1,6.26,8.1725,8.303591667,7.46875,2023
45,Feminino,6,0,Topázio,10.0,7.9,9.6,7.1,6.26,8.1725,8.303591667,8.28125,2023
45,Feminino,6,0,Topázio,10.0,7.9,9.6,7.1,6.26,8.1725,8.303591667,8.75,2023
56,Feminino,6,0,Topázio,10.0,7.8,9.5,9.6,5.0,7.8,8.284333333,8.65625,2023
56,Feminino,6,0,Topázio,10.0,7.8,9.5,9.6,5.0,7.8,8.284333333,8.125,2023
56,Feminino,6,0,Topázio,10.0,7.8,9.5,9.6,5.0,7.8,8.284333333,8.4375,2023
57,Masculino,6,-1,Ágata,5.0,7.2,8.0,0.0,5.63,7.755,6.450875,7.6125,2023
57,Masculino,6,-1,Ágata,5.0,7.2,8.0,0.0,5.63,7.755,6.450875,7.96875,2023
57,Masculino,6,-1,Ágata,5.0,7.2,8.0,0.0,5.63,7.755,6.450875,8.59375,2023
58,Masculino,6,0,Ametista,10.0,8.1,9.7,0.0,6.26,8.3825,7.70625,8.375,2023
58,Masculino,6,0,Ametista,10.0,8.1,9.7,0.0,6.26,8.3825,7.70625,8.4375,2023
58,Masculino,6,0,Ametista,10.0,8.1,9.7,0.0,6.26,8.3825,7.70625,9.0625,2023
59,Masculino,6,-2,Ametista,5.0,7.2,9.6,7.5,5.63,8.4225,7.692291667,7.71875,2023
59,Masculino,6,-2,Ametista,5.0,7.2,9.6,7.5,5.63,8.4225,7.692291667,8.28125,2023
1216,Feminino,6,-2,Ametista,5.0,7.9,9.0,9.6,5.63,7.795,7.7105,7.5,2023
78,Feminino,6,-2,Ágata,5.0,6.7,7.7,0.0,6.26,8.0025,6.434625,7.3125,2023
78,Feminino,6,-2,Ágata,5.0,6.7,7.7,0.0,6.26,8.0025,6.434625,8.28125,2023
78,Feminino,6,-2,Ágata,5.0,6.7,7.7,0.0,6.26,8.0025,6.434625,8.4375,2023
79,Feminino,6,-1,Ágata,5.0,7.6,6.2,5.8,5.0,7.59,6.635883333,7.3958333334,2023
79,Feminino,6,-1,Ágata,5.0,7.6,6.2,5.8,5.0,7.59,6.635883333,7.8125,2023
61,Masculino,6,0,Ametista,10.0,6.2,7.0,8.3,6.26,7.4625,7.382108333,7.975,2023
61,Masculino,6,0,Ametista,10.0,6.2,7.0,8.3,6.26,7.4625,7.382108333,7.96875,2023
63,Masculino,6,-1,Topázio,5.0,8.7,9.0,6.7,6.89,8.9675,8.0641,8.5729166666,2023
63,Masculino,6,-1,Topázio,5.0,8.7,9.0,6.7,6.89,8.9675,8.0641,8.75,2023
64,Feminino,6,-1,Ametista,5.0,6.7,9.2,7.5,6.89,7.9625,7.452541667,7.40625,2023
64,Feminino,6,-1,Ametista,5.0,6.7,9.2,7.5,6.89,7.9625,7.452541667,7.34375,2023
64,Feminino,6,-1,Ametista,5.0,6.7,9.2,7.5,6.89,7.9625,7.452541667,8.4375,2023
48,Feminino,6,0,Ametista,10.0,7.7,8.4,6.7,6.26,7.6275,7.797058333,7.7291666666,2023
48,Feminino,6,0,Ametista,10.0,7.7,8.4,6.7,6.26,7.6275,7.797058333,7.65625,2023
48,Feminino,6,0,Ametista,10.0,7.7,8.4,6.7,6.26,7.6275,7.797058333,8.59375,2023
109,Masculino,6,-1,Topázio,5.0,8.3,9.9,8.3,7.52,8.59,8.3184,8.6145833332,2023
109,Masculino,6,-1,Topázio,5.0,8.3,9.9,8.3,7.52,8.59,8.3184,8.75,2023
80,Feminino,6,-1,Ametista,5.0,6.3,8.4,8.3,6.89,7.465,7.252275,7.65625,2023
80,Feminino,6,-1,Ametista,5.0,6.3,8.4,8.3,6.89,7.465,7.252275,7.96875,2023
80,Feminino,6,-1,Ametista,5.0,6.3,8.4,8.3,6.89,7.465,7.252275,8.75,2023
91,Feminino,6,-1,Ametista,5.0,7.4,7.4,10.0,6.89,7.4675,7.42395,7.65625,2023
91,Feminino,6,-1,Ametista,5.0,7.4,7.4,10.0,6.89,7.4675,7.42395,7.8125,2023
91,Feminino,6,-1,Ametista,5.0,7.4,7.4,10.0,6.89,7.4675,7.42395,7.875,2023
1217,Feminino,6,-1,Ágata,5.0,5.9,7.9,0.0,5.63,7.38,6.064625,7.65625,2023
92,Feminino,6,-1,Ametista,5.0,6.7,9.4,9.6,5.63,7.045,7.375916667,7.59375,2023
92,Feminino,6,-1,Ametista,5.0,6.7,9.4,9.6,5.63,7.045,7.375916667,7.1875,2023
92,Feminino,6,-1,Ametista,5.0,6.7,9.4,9.6,5.63,7.045,7.375916667,7.8125,2023
96,Masculino,6,-1,Ametista,5.0,6.4,8.9,9.6,7.52,7.84,7.610791667,7.5,2023
96,Masculino,6,-1,Ametista,5.0,6.4,8.9,9.6,7.52,7.84,7.610791667,7.65625,2023
1218,Masculino,6,-1,Ágata,5.0,5.3,9.2,7.5,5.0,7.1325,6.8265,7.5,2023
1219,Feminino,6,0,Ametista,10.0,6.3,6.5,8.8,5.63,7.38,7.215141667,7.34375,2023
1220,Feminino,6,-1,Ágata,5.0,6.8,9.0,0.0,5.0,7.63,6.46725,7.8125,2023
1220,Feminino,6,-1,Ágata,5.0,6.8,9.0,0.0,5.0,7.63,6.46725,7.5,2023
84,Feminino,6,-2,Ágata,5.0,6.0,8.8,0.0,2.52,7.6725,6.034416667,7.5,2023
84,Feminino,6,-2,Ágata,5.0,6.0,8.8,0.0,2.52,7.6725,6.034416667,7.8125,2023
99,Masculino,6,-1,Ágata,5.0,4.5,8.3,7.9,5.63,7.4225,6.68045,7.21875,2023
99,Masculino,6,-1,Ágata,5.0,4.5,8.3,7.9,5.63,7.4225,6.68045,7.8125,2023
87,Masculino,6,0,Topázio,10.0,9.3,10.0,7.5,5.63,8.385,8.6625,8.34375,2023
87,Masculino,6,0,Topázio,10.0,9.3,10.0,7.5,5.63,8.385,8.6625,8.125,2023
87,Masculino,6,0,Topázio,10.0,9.3,10.0,7.5,5.63,8.385,8.6625,9.375,2023
89,Masculino,6,-1,Ágata,5.0,5.1,8.1,8.3,5.0,7.465,6.700775,7.3125,2023
89,Masculino,6,-1,Ágata,5.0,5.1,8.1,8.3,5.0,7.465,6.700775,7.34375,2023
1221,Feminino,7,-1,Topázio,5.0,8.7,9.1,9.2,6.26,8.09,8.027466667,8.0,2023
27,Masculino,7,0,Ametista,10.0,6.9,7.7,6.7,6.89,8.8825,7.921266667,7.9166666668,2023
27,Masculino,7,0,Ametista,10.0,6.9,7.7,6.7,6.89,8.8825,7.921266667,8.625,2023
1222,Feminino,7,-1,Ametista,5.0,6.8,10.0,7.1,5.63,6.005,7.026466667,6.875,2023
32,Feminino,7,0,Ágata,10.0,7.9,8.2,0.0,3.77,6.8775,6.716666667,7.59375,2023
32,Feminino,7,0,Ágata,10.0,7.9,8.2,0.0,3.77,6.8775,6.716666667,7.375,2023
19,Feminino,7,-1,Ametista,5.0,7.8,9.4,7.9,5.63,8.1725,7.710866667,7.64375,2023
19,Feminino,7,-1,Ametista,5.0,7.8,9.4,7.9,5.63,8.1725,7.710866667,7.75,2023
62,Feminino,7,0,Ametista,10.0,7.5,9.8,0.0,6.89,8.215,7.610333333,7.5208333334,2023
62,Feminino,7,0,Ametista,10.0,7.5,9.8,0.0,6.89,8.215,7.610333333,8.25,2023
1223,Masculino,7,0,Topázio,10.0,9.0,9.3,8.8,5.0,7.2925,8.187766667,6.875,2023
38,Feminino,7,0,Topázio,10.0,7.7,9.7,9.6,7.52,8.8825,8.835333333,8.766666666799999,2023
38,Feminino,7,0,Topázio,10.0,7.7,9.7,9.6,7.52,8.8825,8.835333333,8.75,2023
1224,Masculino,7,-1,Ametista,5.0,8.0,9.4,8.3,5.0,7.6325,7.5524,7.125,2023
39,Feminino,7,0,Topázio,10.0,7.8,9.1,9.6,7.52,8.7575,8.710333333,7.2875,2023
39,Feminino,7,0,Topázio,10.0,7.8,9.1,9.6,7.52,8.7575,8.710333333,8.75,2023
1275,Masculino,0,0,Ametista,10.0,8.0,8.6666666665,10.002,6.26,5.446666667,7.611366666700001,5.625,2024
1276,Feminino,0,0,Topázio,10.0,8.0,9.3333333335,10.002,3.76,7.05,8.002866666700001,7.5,2024
1277,Masculino,0,0,Ametista,10.0,8.0,9.0833333335,10.002,3.76,7.046666667,7.952200000100001,7.5,2024
868,Masculino,0,-1,Ametista,5.0,7.0,9.75,8.002,3.76,7.213333333,7.156366666600001,7.1875,2024
868,Masculino,0,-1,Ametista,5.0,7.0,9.75,8.002,3.76,7.213333333,7.156366666600001,6.875,2024
1278,Masculino,0,-1,Quartzo,5.0,7.5,4.1666666665,9.002,3.76,4.173333333,5.444199999900001,5.0,2024
1279,Feminino,0,-1,Topázio,5.0,8.25,10.0,10.002,6.26,7.78,8.0822,7.5,2024
861,Feminino,0,-1,Topázio,5.0,10.0,10.0,9.502,7.51,9.73,8.959700000000002,8.4375,2024
861,Feminino,0,-1,Topázio,5.0,10.0,10.0,9.502,7.51,9.73,8.959700000000002,8.125,2024
862,Masculino,0,-2,Ametista,5.0,7.5,8.6136363635,9.002,7.51,6.27,7.346677272700001,7.5,2024
862,Masculino,0,-2,Ametista,5.0,7.5,8.6136363635,9.002,7.51,6.27,7.346677272700001,7.1875,2024
1280,Masculino,0,-1,Topázio,5.0,8.5,9.5454545455,10.002,6.26,8.336666667,8.152624242500002,7.5,2024
1281,Feminino,0,-1,Ametista,5.0,9.25,9.5454545455,7.918,6.26,7.78,7.982890909100001,7.5,2024
895,Feminino,0,-1,Topázio,5.0,9.5,9.5454545455,9.502,6.26,8.113333333,8.2579575757,6.875,2024
895,Feminino,0,-1,Topázio,5.0,9.5,9.5454545455,9.502,6.26,8.113333333,8.2579575757,7.5,2024
884,Feminino,0,-1,Topázio,5.0,8.75,8.818181818,10.002,6.26,8.223333333,8.0345030302,6.875,2024
884,Feminino,0,-1,Topázio,5.0,8.75,8.818181818,10.002,6.26,8.223333333,8.0345030302,7.5,2024
1282,Feminino,0,-1,Ametista,5.0,9.25,8.1136363635,9.502,6.26,7.89,7.8769272727000015,7.5,2024
889,Masculino,0,-1,Topázio,5.0,9.75,9.2954545455,8.502,6.26,8.28,8.191290909100001,7.5,2024
889,Masculino,0,-1,Topázio,5.0,9.75,9.2954545455,8.502,6.26,8.28,8.191290909100001,7.5,2024
867,Masculino,0,-1,Ametista,5.0,8.5,7.409090909,9.002,7.51,7.5,7.583018181800001,7.5,2024
867,Masculino,0,-1,Ametista,5.0,8.5,7.409090909,9.002,7.51,7.5,7.583018181800001,7.5,2024
1283,Masculino,0,-2,Topázio,5.0,9.0,9.230769231,10.002,7.51,8.28,8.3033538462,7.5,2024
891,Feminino,0,-1,Topázio,5.0,8.75,9.0454545455,10.002,6.26,8.003333333,8.035957575700001,7.5,2024
891,Feminino,0,-1,Topázio,5.0,8.75,9.0454545455,10.002,6.26,8.003333333,8.035957575700001,7.5,2024
1284,Feminino,0,0,Topázio,10.0,10.0,9.347826087,9.002,2.51,7.89,8.3800152174,7.8125,2024
1012,Feminino,0,-1,Topázio,5.0,9.75,9.523809524,9.502,2.51,8.443333333,8.057128571400002,7.1875,2024
1012,Feminino,0,-1,Topázio,5.0,9.75,9.523809524,9.502,2.51,8.443333333,8.057128571400002,8.125,2024
1285,Feminino,0,0,Topázio,10.0,8.0,8.830227742999998,10.002,2.51,8.946666667,8.156578882000002,7.5,2024
1286,Masculino,0,0,Quartzo,10.0,7.0,5.051759834,8.002,2.51,4.61,5.914801966800001,5.3125,2024
1287,Feminino,0,-1,Ametista,5.0,7.75,9.3064182195,10.002,2.51,8.223333333,7.619650310500001,8.125,2024
1288,Feminino,0,0,Ametista,10.0,10.0,7.9813664595,9.002,2.51,7.273333333,7.9208899585,7.1875,2024
1289,Feminino,0,-1,Ametista,5.0,7.75,9.4444444445,7.002,7.51,6.166666667,7.2171722223,5.9375,2024
1290,Masculino,0,-1,Topázio,5.0,8.75,10.0,10.002,7.51,8.28,8.407200000000001,7.5,2024
1291,Masculino,0,-1,Topázio,5.0,8.25,9.5,9.502,7.51,7.89,8.079200000000002,7.5,2024
885,Masculino,0,-1,Topázio,5.0,8.5,10.0,8.502,7.51,8.28,8.2072,7.5,2024
885,Masculino,0,-1,Topázio,5.0,8.5,10.0,8.502,7.51,8.28,8.2072,7.5,2024
1292,Feminino,0,-1,Ágata,5.0,8.25,4.7727272725,7.502,7.51,7.893333333,6.9031621211,7.1875,2024
1293,Feminino,0,-1,Topázio,5.0,8.5,9.4949494945,8.002,7.51,8.336666667,8.005023232300001,6.875,2024
888,Masculino,0,-1,Topázio,5.0,8.5,10.0,9.002,6.88,8.28,8.1942,7.5,2024
888,Masculino,0,-1,Topázio,5.0,8.5,10.0,9.002,6.88,8.28,8.1942,7.5,2024
1294,Masculino,0,-2,Ametista,5.0,7.75,10.0,9.502,7.51,7.553333333,7.9493666666,6.875,2024
1009,Masculino,0,-1,Ágata,5.0,7.5,6.8863636365000005,8.002,2.51,6.553333333,6.395389393900001,7.5,2024
1009,Masculino,0,-1,Ágata,5.0,7.5,6.8863636365000005,8.002,2.51,6.553333333,6.395389393900001,6.5625,2024
1013,Masculino,0,-1,Quartzo,5.0,7.75,5.6937799039999994,9.002,2.51,4.72,5.7839559808,5.625,2024
1013,Masculino,0,-1,Quartzo,5.0,7.75,5.6937799039999994,9.002,2.51,4.72,5.7839559808,5.0,2024
1295,Feminino,0,0,Topázio,10.0,7.5,9.5227272725,10.002,2.51,8.28,8.0617454545,7.5,2024
1296,Feminino,0,-1,Ametista,5.0,6.5,8.4444444445,9.002,2.51,8.336666667,7.0574222223000005,7.5,2024
863,Masculino,0,-1,Quartzo,5.0,5.5,3.159090909,8.502,2.51,4.333333333,4.6684348484000004,5.9375,2024
863,Masculino,0,-1,Quartzo,5.0,5.5,3.159090909,8.502,2.51,4.333333333,4.6684348484000004,4.6875,2024
1297,Masculino,0,-1,Ametista,5.0,9.25,9.761904762,9.502,2.51,6.833333333,7.620247619000001,7.5,2024
1014,Feminino,0,-1,Ágata,5.0,5.25,7.8863636365000005,8.502,2.51,7.0,6.315972727300001,7.5,2024
1014,Feminino,0,-1,Ágata,5.0,5.25,7.8863636365000005,8.502,2.51,7.0,6.315972727300001,6.875,2024
880,Feminino,0,-1,Ágata,5.0,6.5,8.445652174,9.502,2.51,7.22,6.853080434800001,6.25,2024
880,Feminino,0,-1,Ágata,5.0,6.5,8.445652174,9.502,2.51,7.22,6.853080434800001,7.1875,2024
886,Feminino,0,-1,Topázio,5.0,8.75,10.0,9.502,8.13,8.28,8.419200000000002,7.5,2024
886,Feminino,0,-1,Topázio,5.0,8.75,10.0,9.502,8.13,8.28,8.419200000000002,7.5,2024
1298,Masculino,0,0,Ametista,10.0,6.75,6.643356643500001,9.502,7.51,7.393333333,7.577287995300001,7.1875,2024
1299,Masculino,0,-2,Ametista,5.0,6.5,7.638888889,8.502,7.51,7.11,7.069727777800001,7.1875,2024
904,Feminino,0,-1,Ametista,5.0,6.0,8.75,9.502,7.51,8.67,7.6352,7.8125,2024
904,Feminino,0,-1,Ametista,5.0,6.0,8.75,9.502,7.51,8.67,7.6352,7.5,2024
1300,Feminino,0,-1,Ametista,5.0,9.0,8.75,8.502,2.51,8.613333333,7.623866666600001,7.5,2024
1301,Masculino,0,-1,Quartzo,5.0,7.0,2.9166666665000003,9.502,2.51,6.0,5.6345333333,7.5,2024
1302,Masculino,0,0,Quartzo,10.0,4.0,5.416666667,10.002,2.51,4.996666667,5.758866666800001,6.25,2024
1303,Feminino,0,0,Topázio,10.0,10.0,10.0,10.002,2.51,9.17,8.8352,7.5,2024
1304,Feminino,0,-2,Ametista,5.0,6.0,7.9575163395,9.002,8.135,6.493333333,7.085119934500001,7.8125,2024
1305,Feminino,0,-1,Ágata,5.0,4.75,8.710526316,8.502,2.51,8.053333333,6.685221929800001,7.8125,2024
1306,Feminino,0,-1,Topázio,5.0,9.75,10.0,9.002,8.135,7.946666667,8.503033333400001,7.5,2024
702,Feminino,0,-2,Ametista,5.0,9.25,9.75,9.002,2.51,7.163333333,7.665116666600001,6.229166666599999,2024
702,Feminino,0,-2,Ametista,5.0,9.25,9.75,9.002,2.51,7.163333333,7.665116666600001,7.5,2024
702,Feminino,0,-2,Ametista,5.0,9.25,9.75,9.002,2.51,7.163333333,7.665116666600001,7.8125,2024
725,Masculino,0,-1,Ametista,5.0,7.25,7.6710526315,7.502,7.51,6.773333333,7.0900771929,5.75,2024
725,Masculino,0,-1,Ametista,5.0,7.25,7.6710526315,7.502,7.51,6.773333333,7.0900771929,8.125,2024
725,Masculino,0,-1,Ametista,5.0,7.25,7.6710526315,7.502,7.51,6.773333333,7.0900771929,7.5,2024
912,Feminino,0,-2,Ametista,5.0,7.25,9.4736842105,9.002,7.51,6.943333333,7.697103508700001,5.625,2024
912,Feminino,0,-2,Ametista,5.0,7.25,9.4736842105,9.002,7.51,6.943333333,7.697103508700001,8.125,2024
918,Feminino,0,-1,Quartzo,5.0,2.75,8.697368421,7.918,2.51,6.156666667,5.657357017600001,5.625,2024
918,Feminino,0,-1,Quartzo,5.0,2.75,8.697368421,7.918,2.51,6.156666667,5.657357017600001,5.9375,2024
920,Feminino,0,-1,Ametista,5.0,8.25,7.6710526315,9.502,7.51,8.226666667,7.7494938597,5.625,2024
920,Feminino,0,-1,Ametista,5.0,8.25,7.6710526315,9.502,7.51,8.226666667,7.7494938597,7.1875,2024
1307,Masculino,0,0,Ágata,10.0,5.5,5.833333333500001,10.002,6.255,5.383333333,6.5940333333000005,6.25,2024
1308,Feminino,0,-1,Ágata,5.0,6.0,7.445652174,10.002,7.51,5.933333333,6.876997101400001,7.5,2024
1309,Feminino,0,0,Topázio,10.0,7.5,9.1666666665,9.002,7.51,8.223333333,8.379199999899999,7.5,2024
1310,Feminino,0,0,Topázio,10.0,10.0,9.375,8.502,2.51,8.166666667,8.3907833334,7.8125,2024
1311,Masculino,0,0,Ágata,10.0,0.0,9.166666667,9.002,2.51,8.386666667,6.4118666668,7.5,2024
1312,Masculino,0,-1,Ametista,5.0,6.5,8.333333333,10.002,7.51,8.336666667,7.510200000000001,6.25,2024
1313,Masculino,0,0,Topázio,10.0,6.25,8.125,9.502,7.51,8.446666667,8.0155333334,7.5,2024
1314,Feminino,0,0,Topázio,10.0,9.0,8.541666667,7.418,7.51,7.443333333,8.239799999999999,7.5,2024
1315,Masculino,0,0,Topázio,10.0,9.0,8.3333333335,6.834,7.51,8.5,8.3510666667,7.5,2024
921,Feminino,0,-1,Ametista,5.0,6.0,8.6631016045,8.502,7.51,7.5,7.2838203209,5.625,2024
921,Feminino,0,-1,Ametista,5.0,6.0,8.6631016045,8.502,7.51,7.5,7.2838203209,7.5,2024
1316,Feminino,0,-1,Ametista,5.0,7.75,8.20855615,9.002,7.51,7.5,7.59291123,7.5,2024
1317,Feminino,0,-1,Ametista,5.0,10.0,7.0721925135,7.502,7.51,7.5,7.665638502700001,7.5,2024
897,Masculino,0,-1,Quartzo,5.0,6.0,2.7525252525,7.002,2.51,6.66,5.2212050505,6.5625,2024
897,Masculino,0,-1,Quartzo,5.0,6.0,2.7525252525,7.002,2.51,6.66,5.2212050505,6.875,2024
908,Feminino,0,-1,Ágata,5.0,4.75,8.14171123,8.502,7.51,6.83,6.764292246,8.125,2024
908,Feminino,0,-1,Ágata,5.0,4.75,8.14171123,8.502,7.51,6.83,6.764292246,7.1875,2024
916,Feminino,0,-2,Quartzo,5.0,2.75,7.3320158105,8.502,2.51,6.16,5.5058531621,6.25,2024
916,Feminino,0,-2,Quartzo,5.0,2.75,7.3320158105,8.502,2.51,6.16,5.5058531621,6.5625,2024
924,Masculino,0,-1,Ágata,5.0,7.0,4.598930481,7.002,7.51,7.415,6.4727360962,5.625,2024
924,Masculino,0,-1,Ágata,5.0,7.0,4.598930481,7.002,7.51,7.415,6.4727360962,7.1875,2024
925,Masculino,0,-1,Ágata,5.0,4.75,7.005347594,8.002,7.51,7.33,6.587019518800001,5.625,2024
925,Masculino,0,-1,Ágata,5.0,4.75,7.005347594,8.002,7.51,7.33,6.587019518800001,7.1875,2024
1008,Masculino,0,-1,Ágata,5.0,7.0,6.483957219,7.002,7.51,7.5,6.8667414438000005,5.9375,2024
1008,Masculino,0,-1,Ágata,5.0,7.0,6.483957219,7.002,7.51,7.5,6.8667414438000005,7.1875,2024
919,Masculino,0,-2,Quartzo,5.0,5.25,4.692513369,7.002,6.255,6.49,5.799702673800001,6.25,2024
919,Masculino,0,-2,Quartzo,5.0,5.25,4.692513369,7.002,6.255,6.49,5.799702673800001,6.875,2024
1318,Feminino,0,-1,Ágata,5.0,5.0,7.6871657755000005,8.502,7.51,7.33,6.823383155100001,7.1875,2024
1003,Masculino,0,-1,Ametista,5.0,8.25,8.6944444445,8.002,7.51,7.5,7.627588888900001,7.5,2024
1003,Masculino,0,-1,Ametista,5.0,8.25,8.6944444445,8.002,7.51,7.5,7.627588888900001,6.875,2024
1004,Feminino,0,-1,Ametista,5.0,7.5,9.25,9.502,7.51,7.5,7.801200000000001,6.875,2024
1004,Feminino,0,-1,Ametista,5.0,7.5,9.25,9.502,7.51,7.5,7.801200000000001,7.5,2024
1006,Feminino,0,-1,Ametista,5.0,5.0,8.4444444445,8.502,7.51,7.5,7.040088888900001,7.5,2024
1006,Feminino,0,-1,Ametista,5.0,5.0,8.4444444445,8.502,7.51,7.5,7.040088888900001,7.5,2024
1319,Masculino,0,-1,Ametista,5.0,8.5,5.7516339865,8.502,7.51,7.5,7.201526797300001,7.5,2024
858,Masculino,0,-1,Ágata,5.0,8.25,6.833333333500001,9.002,2.51,7.5,6.917866666700001,7.1979166666,2024
858,Masculino,0,-1,Ágata,5.0,8.25,6.833333333500001,9.002,2.51,7.5,6.917866666700001,8.125,2024
858,Masculino,0,-1,Ágata,5.0,8.25,6.833333333500001,9.002,2.51,7.5,6.917866666700001,7.5,2024
905,Masculino,0,-2,Ágata,5.0,3.0,7.7794117645,9.002,7.51,6.99,6.3925823529,6.875,2024
905,Masculino,0,-2,Ágata,5.0,3.0,7.7794117645,9.002,7.51,6.99,6.3925823529,6.875,2024
907,Feminino,0,-1,Ametista,5.0,8.75,8.9444444445,9.002,7.51,7.5,7.9400888889,8.125,2024
907,Feminino,0,-1,Ametista,5.0,8.75,8.9444444445,9.002,7.51,7.5,7.9400888889,7.5,2024
1320,Masculino,0,-1,Ametista,5.0,8.25,9.1666666665,9.002,7.51,7.5,7.8845333333,7.5,2024
909,Feminino,0,-2,Ametista,5.0,8.25,8.1666666665,10.002,7.51,7.5,7.722033333300001,8.125,2024
909,Feminino,0,-2,Ametista,5.0,8.25,8.1666666665,10.002,7.51,7.5,7.722033333300001,6.875,2024
729,Feminino,0,-1,Ágata,5.0,6.0,8.4166666665,8.002,2.51,7.5,6.684533333300001,7.2083333334,2024
729,Feminino,0,-1,Ágata,5.0,6.0,8.4166666665,8.002,2.51,7.5,6.684533333300001,6.5625,2024
729,Feminino,0,-1,Ágata,5.0,6.0,8.4166666665,8.002,2.51,7.5,6.684533333300001,7.5,2024
1321,Masculino,0,0,Ametista,10.0,8.75,8.875,9.002,6.885,5.915,7.95295,6.5625,2024
1322,Feminino,0,0,Topázio,10.0,7.5,9.0,9.502,7.51,8.165,8.47795,8.4375,2024
1323,Masculino,0,-1,Ametista,5.0,7.0,9.0833333335,10.002,7.51,6.66,7.487366666700001,6.875,2024
1324,Masculino,0,-1,Topázio,5.0,8.5,10.0,10.002,7.51,8.0,8.332450000000001,7.8125,2024
931,Masculino,0,-1,Ametista,5.0,8.5,8.5833333335,7.918,2.51,6.83,7.075466666700001,5.625,2024
931,Masculino,0,-1,Ametista,5.0,8.5,8.5833333335,7.918,2.51,6.83,7.075466666700001,7.5,2024
1325,Masculino,0,0,Topázio,10.0,10.0,9.5227272725,9.002,7.51,7.915,8.9824954545,8.4375,2024
1326,Feminino,0,0,Ametista,10.0,4.5,9.2916666665,9.002,7.51,7.245,7.6397833333000005,7.8125,2024
1327,Feminino,0,0,Topázio,10.0,7.5,9.3333333335,9.002,7.51,7.325,8.264116666700001,7.8125,2024
1328,Feminino,0,-1,Topázio,5.0,10.0,8.2083333335,8.502,7.51,7.83,8.0588666667,7.5,2024
1329,Masculino,0,0,Ametista,10.0,6.5,10.0,9.502,7.51,6.66,7.98945,6.5625,2024
1330,Feminino,0,0,Topázio,10.0,9.5,9.3333333335,10.002,7.51,7.915,8.944616666700002,8.4375,2024
1331,Feminino,0,0,Ametista,10.0,7.25,7.291666666499999,9.002,7.51,7.245,7.8522833333,8.4375,2024
944,Feminino,0,-2,Ametista,5.0,9.0,7.25,9.002,7.51,7.75,7.8262,5.625,2024
944,Feminino,0,-2,Ametista,5.0,9.0,7.25,9.002,7.51,7.75,7.8262,8.75,2024
1332,Masculino,0,-2,Topázio,5.0,8.25,9.411764706,8.502,7.51,7.665,8.1040529412,9.375,2024
754,Masculino,0,-2,Quartzo,5.0,6.25,6.25,8.502,5.625,4.75,5.6127,6.9583333334,2024
754,Masculino,0,-2,Quartzo,5.0,6.25,6.25,8.502,5.625,4.75,5.6127,6.875,2024
754,Masculino,0,-2,Quartzo,5.0,6.25,6.25,8.502,5.625,4.75,5.6127,2.5,2024
1333,Masculino,0,-1,Topázio,5.0,9.25,10.0,7.502,6.255,7.75,8.213199999999999,9.375,2024
934,Feminino,0,-1,Topázio,5.0,8.5,9.75,9.502,7.51,7.75,8.338700000000001,9.375,2024
934,Feminino,0,-1,Topázio,5.0,8.5,9.75,9.502,7.51,7.75,8.338700000000001,9.375,2024
1334,Masculino,0,-1,Topázio,5.0,9.0,10.0,10.002,5.625,7.75,8.350200000000001,9.375,2024
941,Feminino,0,-1,Ametista,5.0,8.75,9.25,8.002,5.01,7.665,7.746700000000001,5.0,2024
941,Feminino,0,-1,Ametista,5.0,8.75,9.25,8.002,5.01,7.665,7.746700000000001,8.125,2024
756,Masculino,0,-2,Ametista,5.0,5.5,8.75,10.002,7.51,7.24,7.361700000000001,6.541666666599999,2024
756,Masculino,0,-2,Ametista,5.0,5.5,8.75,10.002,7.51,7.24,7.361700000000001,5.625,2024
756,Masculino,0,-2,Ametista,5.0,5.5,8.75,10.002,7.51,7.24,7.361700000000001,8.125,2024
1335,Masculino,0,-2,Topázio,5.0,8.75,9.75,9.002,7.51,7.665,8.3217,9.375,2024
773,Feminino,0,-2,Ágata,5.0,5.0,8.75,10.002,2.51,6.575,6.566200000000001,7.0833333334,2024
773,Feminino,0,-2,Ágata,5.0,5.0,8.75,10.002,2.51,6.575,6.566200000000001,5.625,2024
773,Feminino,0,-2,Ágata,5.0,5.0,8.75,10.002,2.51,6.575,6.566200000000001,7.5,2024
938,Masculino,0,-1,Topázio,5.0,7.75,9.544513457499999,9.502,7.51,7.665,8.0056026915,6.25,2024
938,Masculino,0,-1,Topázio,5.0,7.75,9.544513457499999,9.502,7.51,7.665,8.0056026915,8.125,2024
1336,Feminino,0,-1,Ametista,5.0,9.5,6.2008281575,9.502,2.51,7.75,7.141365631500001,7.5,2024
1337,Masculino,0,-2,Ágata,5.0,6.0,4.722222222,8.002,7.51,5.66,6.015144444400001,6.875,2024
1338,Masculino,0,-1,Ágata,5.0,3.0,8.6607142855,8.002,7.51,5.33,6.1368428571,6.875,2024
1339,Feminino,0,-1,Ametista,5.0,8.75,10.0,8.502,6.885,5.33,7.3547,5.0,2024
1340,Feminino,0,0,Topázio,10.0,10.0,8.392857143,9.502,7.51,7.0,8.3422714286,5.625,2024
1341,Masculino,0,-1,Ametista,5.0,10.0,9.246031746,10.002,7.51,6.0,7.862906349200001,5.625,2024
947,Masculino,0,-1,Ágata,5.0,4.5,7.619047619,9.002,7.51,4.58,6.053509523800001,4.375,2024
947,Masculino,0,-1,Ágata,5.0,4.5,7.619047619,9.002,7.51,4.58,6.053509523800001,5.625,2024
1342,Masculino,0,-1,Ametista,5.0,9.0,9.761904762,9.502,7.51,5.575,7.8185809524000005,7.5,2024
1343,Feminino,0,0,Topázio,10.0,9.75,10.0,8.002,7.51,8.5,8.8262,6.25,2024
1344,Feminino,0,0,Topázio,10.0,10.0,10.0,8.502,7.51,9.425,9.3612,8.75,2024
945,Masculino,0,-1,Ametista,5.0,8.75,9.511904762,9.002,2.51,6.83,7.4195809524000005,6.875,2024
945,Masculino,0,-1,Ametista,5.0,8.75,9.511904762,9.002,2.51,6.83,7.4195809524000005,7.5,2024
946,Masculino,0,-1,Ágata,5.0,4.5,8.7976190475,9.502,2.51,7.835,6.677723809500001,7.5,2024
946,Masculino,0,-1,Ágata,5.0,4.5,8.7976190475,9.502,2.51,7.835,6.677723809500001,7.5,2024
1345,Masculino,0,-1,Ametista,5.0,6.25,9.4590643275,8.502,7.51,6.83,7.2340128655000004,6.25,2024
771,Feminino,0,-1,Ágata,5.0,6.5,6.619047619,8.502,3.135,6.08,6.066009523800001,6.625,2024
771,Feminino,0,-1,Ágata,5.0,6.5,6.619047619,8.502,3.135,6.08,6.066009523800001,6.25,2024
771,Feminino,0,-1,Ágata,5.0,6.5,6.619047619,8.502,3.135,6.08,6.066009523800001,5.625,2024
1346,Masculino,0,0,Ametista,10.0,5.5,8.0595238095,9.502,7.51,6.66,7.3701047619,6.25,2024
1347,Masculino,0,-1,Ágata,5.0,5.0,8.7857142855,8.502,2.51,6.165,6.153842857100001,5.625,2024
949,Feminino,0,-1,Ametista,5.0,6.5,8.7857142855,9.002,7.51,6.495,7.1323428571,6.25,2024
949,Feminino,0,-1,Ametista,5.0,6.5,8.7857142855,9.002,7.51,6.495,7.1323428571,6.25,2024
950,Feminino,0,-1,Ametista,5.0,7.0,9.023809524,9.502,7.51,8.0,7.693461904800001,7.5,2024
950,Feminino,0,-1,Ametista,5.0,7.0,9.023809524,9.502,7.51,8.0,7.693461904800001,6.875,2024
951,Feminino,0,-1,Ágata,5.0,4.0,9.0357142855,10.002,2.51,7.325,6.4483428571,7.5,2024
951,Feminino,0,-1,Ágata,5.0,4.0,9.0357142855,10.002,2.51,7.325,6.4483428571,6.25,2024
1002,Feminino,0,-1,Ametista,5.0,9.25,7.833333333500001,9.002,7.51,8.25,7.967866666700001,6.25,2024
1002,Feminino,0,-1,Ametista,5.0,9.25,7.833333333500001,9.002,7.51,8.25,7.967866666700001,7.5,2024
774,Feminino,0,-1,Quartzo,5.0,3.75,6.3928571430000005,10.002,2.51,6.405,5.685771428600001,6.625,2024
774,Feminino,0,-1,Quartzo,5.0,3.75,6.3928571430000005,10.002,2.51,6.405,5.685771428600001,5.0,2024
774,Feminino,0,-1,Quartzo,5.0,3.75,6.3928571430000005,10.002,2.51,6.405,5.685771428600001,6.25,2024
749,Masculino,0,-2,Topázio,5.0,8.75,9.7368421055,9.502,8.13,7.665,8.3373184211,6.4166666668,2024
749,Masculino,0,-2,Topázio,5.0,8.75,9.7368421055,9.502,8.13,7.665,8.3373184211,5.625,2024
749,Masculino,0,-2,Topázio,5.0,8.75,9.7368421055,9.502,8.13,7.665,8.3373184211,8.4375,2024
929,Feminino,0,-1,Ametista,5.0,6.75,9.4736842105,9.002,7.51,7.58,7.7244368421,8.75,2024
929,Feminino,0,-1,Ametista,5.0,6.75,9.4736842105,9.002,7.51,7.58,7.7244368421,8.125,2024
930,Masculino,0,-1,Ametista,5.0,8.0,9.7368421055,8.502,7.51,7.5,7.9298184211,8.75,2024
930,Masculino,0,-1,Ametista,5.0,8.0,9.7368421055,8.502,7.51,7.5,7.9298184211,7.8125,2024
787,Masculino,0,-1,Ametista,5.0,7.25,9.75,9.002,7.51,7.325,7.73495,7.0416666666,2024
787,Masculino,0,-1,Ametista,5.0,7.25,9.75,9.002,7.51,7.325,7.73495,5.625,2024
787,Masculino,0,-1,Ametista,5.0,7.25,9.75,9.002,7.51,7.325,7.73495,7.1875,2024
1348,Masculino,0,-1,Ametista,5.0,9.0,8.5913312695,7.502,7.51,7.83,7.9604662539,8.75,2024
935,Masculino,0,-1,Topázio,5.0,8.5,10.0,9.502,7.51,7.83,8.3422,9.375,2024
935,Masculino,0,-1,Topázio,5.0,8.5,10.0,9.502,7.51,7.83,8.3422,8.75,2024
1349,Masculino,0,-1,Ametista,5.0,8.5,8.388888889,8.002,7.51,7.915,7.855727777800001,8.4375,2024
937,Feminino,0,-1,Topázio,5.0,7.5,10.0,10.002,9.38,7.83,8.3792,9.375,2024
937,Feminino,0,-1,Topázio,5.0,7.5,10.0,10.002,9.38,7.83,8.3792,8.75,2024
1350,Feminino,0,-2,Topázio,5.0,8.5,10.0,8.502,8.755,7.83,8.335450000000002,8.4375,2024
1351,Masculino,0,-1,Topázio,5.0,8.75,9.230769231,9.002,8.13,7.665,8.1861038462,8.4375,2024
959,Masculino,0,-1,Topázio,5.0,9.5,9.7368421055,10.002,7.51,7.5,8.379818421100001,6.875,2024
959,Masculino,0,-1,Topázio,5.0,9.5,9.7368421055,10.002,7.51,7.5,8.379818421100001,7.8125,2024
1352,Masculino,0,-1,Topázio,5.0,8.5,9.5,10.002,8.13,7.665,8.289950000000001,8.4375,2024
1353,Feminino,0,-1,Ágata,5.0,3.0,9.5,8.002,7.51,6.08,6.454700000000001,6.875,2024
1354,Feminino,0,-1,Ametista,5.0,6.0,8.3636363635,9.502,7.51,7.335,7.353427272700001,8.125,2024
979,Masculino,0,-1,Topázio,5.0,8.25,9.5227272725,9.502,7.51,7.335,8.0352454545,5.625,2024
979,Masculino,0,-1,Topázio,5.0,8.25,9.5227272725,9.502,7.51,7.335,8.0352454545,8.125,2024
1355,Masculino,0,-1,Ametista,5.0,7.0,6.5227272725,10.002,7.51,7.17,7.202245454500001,8.125,2024
971,Masculino,0,-1,Ágata,5.0,6.75,7.909090909,7.418,7.51,6.085,6.8916181818,5.625,2024
971,Masculino,0,-1,Ágata,5.0,6.75,7.909090909,7.418,7.51,6.085,6.8916181818,7.5,2024
972,Masculino,0,-1,Ametista,5.0,6.75,8.3863636365,9.502,7.51,7.17,7.537472727300001,6.875,2024
972,Masculino,0,-1,Ametista,5.0,6.75,8.3863636365,9.502,7.51,7.17,7.537472727300001,8.75,2024
965,Feminino,0,-2,Ágata,5.0,2.25,6.4772727275,9.002,7.51,6.83,6.1376545455,5.0,2024
965,Feminino,0,-2,Ágata,5.0,2.25,6.4772727275,9.002,7.51,6.83,6.1376545455,8.75,2024
973,Masculino,0,-2,Ágata,5.0,3.75,9.318181818,10.002,7.51,6.585,6.9318363636,7.1875,2024
973,Masculino,0,-2,Ágata,5.0,3.75,9.318181818,10.002,7.51,6.585,6.9318363636,7.5,2024
1356,Feminino,0,0,Ametista,10.0,5.5,9.4444444445,9.002,7.51,7.085,7.8695888889,8.125,2024
966,Masculino,0,-2,Ametista,5.0,9.0,8.568181818,9.502,7.51,7.335,7.9943363636,6.5625,2024
966,Masculino,0,-2,Ametista,5.0,9.0,8.568181818,9.502,7.51,7.335,7.9943363636,8.125,2024
1357,Masculino,0,-1,Ametista,5.0,6.75,7.5,8.002,7.51,7.335,7.1807,8.125,2024
969,Masculino,0,-1,Ametista,5.0,7.25,7.8636363634999995,9.002,7.51,7.335,7.453427272700001,6.25,2024
969,Masculino,0,-1,Ametista,5.0,7.25,7.8636363634999995,9.002,7.51,7.335,7.453427272700001,8.125,2024
1358,Feminino,0,0,Ágata,10.0,4.0,7.380952381,9.168,5.01,6.17,6.552990476200001,6.25,2024
1359,Feminino,0,0,Ametista,10.0,6.0,9.0,8.502,5.635,6.17,7.2102,5.625,2024
1360,Masculino,0,0,Ágata,10.0,5.0,7.0018115945,8.502,7.51,6.42,6.8480623189,5.625,2024
1361,Feminino,0,0,Topázio,10.0,10.0,9.375,9.502,5.635,8.0,8.738700000000001,7.5,2024
975,Feminino,0,-1,Ametista,5.0,8.0,7.708333333500001,8.502,5.01,7.33,7.1463666667000005,5.625,2024
975,Feminino,0,-1,Ametista,5.0,8.0,7.708333333500001,8.502,5.01,7.33,7.1463666667000005,6.875,2024
1362,Masculino,0,0,Ametista,10.0,8.5,6.875,10.002,5.635,6.915,7.709200000000001,6.875,2024
977,Feminino,0,-1,Ametista,5.0,7.0,7.291666666499999,10.002,6.26,7.58,7.188033333300001,5.625,2024
977,Feminino,0,-1,Ametista,5.0,7.0,7.291666666499999,10.002,6.26,7.58,7.188033333300001,6.875,2024
1363,Feminino,0,0,Ametista,10.0,6.5,10.0,7.418,5.635,6.99,7.690800000000001,6.875,2024
981,Feminino,0,-1,Ágata,5.0,6.0,7.010869565,9.002,6.26,6.99,6.6513739130000005,5.625,2024
981,Feminino,0,-1,Ágata,5.0,6.0,7.010869565,9.002,6.26,6.99,6.6513739130000005,6.25,2024
1364,Masculino,0,-1,Ametista,5.0,8.75,8.4166666665,8.002,7.51,6.99,7.570033333300001,6.875,2024
1365,Masculino,0,-1,Ametista,5.0,6.5,9.7916666665,9.002,6.26,6.99,7.3700333333,6.875,2024
1366,Feminino,0,-1,Ágata,5.0,6.5,6.6032608695,9.002,7.51,6.99,6.919852173900001,7.5,2024
974,Masculino,0,-1,Ametista,5.0,6.5,9.282608695499999,9.502,7.51,7.5,7.6077217391,7.5,2024
974,Masculino,0,-1,Ametista,5.0,6.5,9.282608695499999,9.502,7.51,7.5,7.6077217391,7.5,2024
1367,Feminino,0,0,Topázio,10.0,8.75,8.3804347825,10.002,7.51,7.5,8.427286956500001,7.5,2024
1368,Masculino,0,0,Topázio,10.0,9.5,10.0,7.002,7.51,7.5,8.6012,7.5,2024
1369,Feminino,0,0,Topázio,10.0,8.0,8.6304347825,8.502,6.26,7.5,8.052286956500001,7.5,2024
978,Feminino,0,-1,Ametista,5.0,6.5,9.5,9.502,6.26,7.5,7.4637,5.625,2024
978,Feminino,0,-1,Ametista,5.0,6.5,9.5,9.502,6.26,7.5,7.4637,6.875,2024
1370,Masculino,0,-1,Topázio,5.0,9.0,8.722222222,10.002,7.51,7.5,8.0456444444,7.5,2024
1371,Feminino,0,-1,Ágata,5.0,4.5,6.9782608695,7.502,7.51,7.5,6.4843521739,6.875,2024
1372,Feminino,0,0,Ametista,10.0,4.75,10.0,9.502,8.13,7.5,7.9632000000000005,7.5,2024
1373,Feminino,0,-1,Ametista,5.0,6.75,8.8804347825,9.502,7.51,7.5,7.577286956500001,7.5,2024
1374,Masculino,0,-1,Ametista,5.0,5.25,9.347826087,9.502,7.51,7.5,7.3707652174,7.5,2024
1375,Masculino,0,-1,Topázio,5.0,8.25,10.0,9.502,7.51,7.5,8.101200000000002,7.5,2024
1376,Masculino,0,-1,Topázio,5.0,9.75,9.6153846155,9.002,7.51,7.5,8.2742769231,7.5,2024
994,Feminino,0,-1,Ametista,5.0,8.25,9.532608695499999,9.002,6.88,7.33,7.7982217391,5.625,2024
994,Feminino,0,-1,Ametista,5.0,8.25,9.532608695499999,9.002,6.88,7.33,7.7982217391,6.875,2024
1377,Masculino,0,0,Ametista,10.0,5.5,10.0,9.002,8.13,6.99,7.8987,6.875,2024
1378,Feminino,0,-1,Ametista,5.0,6.75,9.2857142855,9.002,8.13,7.5,7.6703428571,7.5,2024
1379,Masculino,0,-1,Ágata,5.0,7.25,8.6842105265,9.502,3.755,5.16,6.638292105300001,5.9375,2024
1380,Masculino,0,0,Ametista,10.0,8.0,8.784461152999999,9.502,4.385,7.5,7.964342230600001,7.1875,2024
770,Masculino,0,-1,Ametista,5.0,5.0,9.022556391,10.002,7.51,7.5,7.3057112782,6.9375,2024
770,Masculino,0,-1,Ametista,5.0,5.0,9.022556391,10.002,7.51,7.5,7.3057112782,6.875,2024
770,Masculino,0,-1,Ametista,5.0,5.0,9.022556391,10.002,7.51,7.5,7.3057112782,7.5,2024
1381,Feminino,0,0,Topázio,10.0,9.5,10.0,9.502,8.13,7.5,9.038200000000002,8.75,2024
1382,Feminino,0,-1,Ametista,5.0,7.5,9.761904762,8.502,7.51,7.5,7.834830952400001,7.8125,2024
1383,Feminino,0,0,Topázio,10.0,8.5,9.2606516295,8.502,7.51,7.5,8.3720803259,7.1875,2024
1384,Masculino,0,-2,Ágata,5.0,5.0,7.5689223055,8.002,7.51,5.16,6.221984461100001,6.25,2024
1385,Masculino,0,-1,Ametista,5.0,8.0,10.0,10.002,4.385,7.5,7.7262,6.875,2024
1386,Feminino,0,-1,Ametista,5.0,7.25,9.761904762,9.002,7.51,7.5,7.803580952400001,7.5,2024
1387,Feminino,0,-1,Ametista,5.0,8.0,8.759398496,9.502,7.51,7.5,7.8030796992,7.5,2024
1388,Feminino,0,-1,Ametista,5.0,5.0,8.214285713999999,9.002,6.88,7.67,7.015057142799999,7.5,2024
1389,Feminino,0,0,Topázio,10.0,10.0,9.7916666665,9.002,6.88,8.42,8.980533333299999,7.5,2024
1390,Feminino,0,0,Topázio,10.0,8.25,9.7916666665,9.502,5.005,8.42,8.4930333333,7.5,2024
1391,Masculino,0,0,Topázio,10.0,10.0,9.2916666665,8.502,7.51,8.17,8.8435333333,7.5,2024
1392,Masculino,0,-1,Quartzo,5.0,0.0,5.625,9.002,7.51,7.0,5.4262,7.5,2024
1393,Feminino,0,0,Ametista,10.0,5.0,7.5,9.502,3.755,8.42,7.2597000000000005,7.5,2024
990,Masculino,1,-1,Ametista,5.0,8.0,7.5,9.502,7.51,8.336666667,7.812283333400001,7.5,2024
990,Masculino,1,-1,Ametista,5.0,8.0,7.5,9.502,7.51,8.336666667,7.812283333400001,8.4375,2024
1394,Feminino,1,-1,Ametista,5.0,5.75,8.6944444445,9.502,7.51,8.003333333,7.503255555500002,8.125,2024
991,Feminino,1,-1,Ametista,5.0,6.5,8.181818182,9.002,6.26,6.723333333,7.057230303000001,6.875,2024
991,Feminino,1,-1,Ametista,5.0,6.5,8.181818182,9.002,6.26,6.723333333,7.057230303000001,7.5,2024
1018,Masculino,1,-1,Ametista,5.0,8.25,7.727272727,8.502,6.26,8.45,7.7054045454,7.5,2024
1018,Masculino,1,-1,Ametista,5.0,8.25,7.727272727,8.502,6.26,8.45,7.7054045454,8.4375,2024
1395,Feminino,1,0,Topázio,10.0,7.75,10.0,9.502,7.51,7.836666667,8.5997833334,7.8125,2024
1396,Feminino,1,-1,Ametista,5.0,6.5,10.0,9.502,7.51,7.67,7.8477,8.125,2024
1025,Masculino,1,-1,Ametista,5.0,9.0,7.727272727,9.002,7.51,7.783333333,7.897071212,7.65625,2024
1025,Masculino,1,-1,Ametista,5.0,9.0,7.727272727,9.002,7.51,7.783333333,7.897071212,8.4375,2024
1019,Feminino,1,0,Topázio,10.0,8.75,9.3073593075,9.502,6.26,8.616666667,8.692255194900001,6.875,2024
1019,Feminino,1,0,Topázio,10.0,8.75,9.3073593075,9.502,6.26,8.616666667,8.692255194900001,7.8125,2024
879,Feminino,1,-1,Topázio,5.0,8.5,9.090909091,9.502,6.26,8.67,8.1096318182,6.875,2024
879,Feminino,1,-1,Topázio,5.0,8.5,9.090909091,9.502,6.26,8.67,8.1096318182,7.8125,2024
1020,Feminino,1,0,Topázio,10.0,9.0,9.7727272725,9.002,6.88,8.84,8.9544954545,7.1875,2024
1020,Feminino,1,0,Topázio,10.0,9.0,9.7727272725,9.002,6.88,8.84,8.9544954545,8.4375,2024
1021,Masculino,1,-1,Topázio,5.0,8.0,9.318181818,9.502,7.51,7.95,8.0985863636,7.1875,2024
1021,Masculino,1,-1,Topázio,5.0,8.0,9.318181818,9.502,7.51,7.95,8.0985863636,8.4375,2024
1022,Masculino,1,-1,Ametista,5.0,6.5,9.318181818,9.502,6.26,8.116666667,7.613169697000002,7.1875,2024
1022,Masculino,1,-1,Ametista,5.0,6.5,9.318181818,9.502,6.26,8.116666667,7.613169697000002,7.5,2024
1397,Feminino,1,-1,Ametista,5.0,7.0,10.0,9.002,6.26,7.946666667,7.8280333334000005,8.125,2024
699,Masculino,1,-1,Ágata,5.0,6.5,7.727272727000001,6.334,6.26,5.833333333,6.427771212000001,6.5625,2024
699,Masculino,1,-1,Ágata,5.0,6.5,7.727272727000001,6.334,6.26,5.833333333,6.427771212000001,5.78125,2024
699,Masculino,1,-1,Ágata,5.0,6.5,7.727272727000001,6.334,6.26,5.833333333,6.427771212000001,6.5625,2024
1398,Feminino,1,-1,Ametista,5.0,8.0,9.555335968,6.918,7.51,8.616666667,7.989700527000001,8.125,2024
871,Masculino,1,0,Ametista,10.0,7.25,9.328063240999999,8.502,4.38,5.783333333,7.2917293147999995,4.375,2024
871,Masculino,1,0,Ametista,10.0,7.25,9.328063240999999,8.502,4.38,5.783333333,7.2917293147999995,5.3125,2024
1399,Feminino,1,-1,Ametista,5.0,6.0,9.7727272725,9.002,5.005,8.166666667,7.438578787899999,7.5,2024
873,Feminino,1,-2,Ametista,5.0,6.75,10.0,8.002,6.88,7.77,7.61095,6.25,2024
873,Feminino,1,-2,Ametista,5.0,6.75,10.0,8.002,6.88,7.77,7.61095,7.1875,2024
898,Masculino,1,-1,Ametista,5.0,7.5,10.0,6.418,7.51,8.616666667,7.8661333334000005,8.125,2024
898,Masculino,1,-1,Ametista,5.0,7.5,10.0,6.418,7.51,8.616666667,7.8661333334000005,7.5,2024
750,Masculino,1,-2,Quartzo,5.0,3.75,5.938735178,6.249,4.38,3.176666667,4.542230369,5.75,2024
750,Masculino,1,-2,Quartzo,5.0,3.75,5.938735178,6.249,4.38,3.176666667,4.542230369,4.375,2024
750,Masculino,1,-2,Quartzo,5.0,3.75,5.938735178,6.249,4.38,3.176666667,4.542230369,4.0625,2024
899,Masculino,1,0,Topázio,10.0,8.25,9.1007905135,10.002,5.635,7.893333333,8.425024769300002,7.5,2024
899,Masculino,1,0,Topázio,10.0,8.25,9.1007905135,10.002,5.635,7.893333333,8.425024769300002,8.125,2024
878,Masculino,1,-1,Ágata,5.0,6.75,6.1363636360000005,9.002,4.38,6.996666667,6.5335560606000005,5.0,2024
878,Masculino,1,-1,Ágata,5.0,6.75,6.1363636360000005,9.002,4.38,6.996666667,6.5335560606000005,7.1875,2024
893,Masculino,1,0,Topázio,10.0,9.25,10.0,9.002,7.51,7.886666667,8.8910333334,7.5,2024
893,Masculino,1,0,Topázio,10.0,9.25,10.0,9.002,7.51,7.886666667,8.8910333334,8.125,2024
1024,Feminino,1,-1,Topázio,5.0,10.0,10.0,8.002,7.51,8.783333333,8.6516166666,9.21875,2024
1024,Feminino,1,-1,Topázio,5.0,10.0,10.0,8.002,7.51,8.783333333,8.6516166666,8.4375,2024
900,Feminino,1,0,Topázio,10.0,8.5,9.318181818,9.002,8.13,8.563333333,8.802003030200002,8.125,2024
900,Feminino,1,0,Topázio,10.0,8.5,9.318181818,9.002,8.13,8.563333333,8.802003030200002,8.125,2024
903,Feminino,1,0,Topázio,10.0,5.0,9.7727272725,10.002,7.505,7.946666667,8.0758287879,7.5,2024
903,Feminino,1,0,Topázio,10.0,5.0,9.7727272725,10.002,7.505,7.946666667,8.0758287879,7.8125,2024
1400,Masculino,1,0,Ametista,10.0,7.25,6.6501976285,8.418,7.51,7.5,7.622839525700001,7.5,2024
851,Masculino,1,-1,Ágata,5.0,6.0,7.3221343875,9.002,5.63,5.106666667,6.2114602109,6.260416666599999,2024
851,Masculino,1,-1,Ágata,5.0,6.0,7.3221343875,9.002,5.63,5.106666667,6.2114602109,5.625,2024
851,Masculino,1,-1,Ágata,5.0,6.0,7.3221343875,9.002,5.63,5.106666667,6.2114602109,5.625,2024
1028,Masculino,1,-2,Ametista,5.0,7.5,7.055335968,8.002,5.63,8.393333333,7.1404338602,7.34375,2024
1028,Masculino,1,-2,Ametista,5.0,7.5,7.055335968,8.002,5.63,8.393333333,7.1404338602,6.875,2024
922,Feminino,1,0,Topázio,10.0,7.75,9.5227272725,9.002,7.51,8.17,8.5209954545,7.5,2024
922,Feminino,1,0,Topázio,10.0,7.75,9.5227272725,9.002,7.51,8.17,8.5209954545,7.8125,2024
684,Masculino,1,0,Ametista,10.0,4.25,9.090909091,10.002,7.51,8.0,7.769381818200001,6.9375,2024
684,Masculino,1,0,Ametista,10.0,4.25,9.090909091,10.002,7.51,8.0,7.769381818200001,6.875,2024
684,Masculino,1,0,Ametista,10.0,4.25,9.090909091,10.002,7.51,8.0,7.769381818200001,7.5,2024
1031,Masculino,1,-1,Ágata,5.0,6.25,8.6363636365,9.502,7.51,5.83,6.8757227273,6.666666667,2024
1031,Masculino,1,-1,Ágata,5.0,6.25,8.6363636365,9.502,7.51,5.83,6.8757227273,5.3125,2024
892,Masculino,1,0,Topázio,10.0,8.75,10.0,8.002,7.51,7.92,8.697700000000001,7.5,2024
892,Masculino,1,0,Topázio,10.0,8.75,10.0,8.002,7.51,7.92,8.697700000000001,8.125,2024
1029,Feminino,1,-1,Ametista,5.0,8.75,8.7954545455,9.002,6.885,7.25,7.797790909100001,7.5,2024
1029,Feminino,1,-1,Ametista,5.0,8.75,8.7954545455,9.002,6.885,7.25,7.797790909100001,7.5,2024
1032,Masculino,1,-1,Topázio,5.0,8.0,9.75,8.502,7.51,7.92,8.01645,7.291666667,2024
1032,Masculino,1,-1,Topázio,5.0,8.0,9.75,8.502,7.51,7.92,8.01645,7.8125,2024
894,Feminino,1,-1,Topázio,5.0,9.5,10.0,10.002,7.51,8.42,8.67895,7.5,2024
894,Feminino,1,-1,Topázio,5.0,9.5,10.0,10.002,7.51,8.42,8.67895,8.4375,2024
1401,Masculino,1,-2,Topázio,5.0,10.0,8.888888889,6.918,7.51,8.085,8.1188277778,7.8125,2024
896,Masculino,1,0,Topázio,10.0,6.5,9.7727272725,8.502,7.51,8.085,8.2852454545,7.5,2024
896,Masculino,1,0,Topázio,10.0,6.5,9.7727272725,8.502,7.51,8.085,8.2852454545,8.125,2024
693,Feminino,1,0,Topázio,10.0,8.0,9.5227272725,10.002,9.38,8.42,8.9079954545,6.5,2024
693,Feminino,1,0,Topázio,10.0,8.0,9.5227272725,10.002,9.38,8.42,8.9079954545,7.5,2024
693,Feminino,1,0,Topázio,10.0,8.0,9.5227272725,10.002,9.38,8.42,8.9079954545,7.8125,2024
743,Feminino,1,-1,Ametista,5.0,7.0,9.2727272725,9.002,7.51,7.5,7.655745454500001,6.6458333334,2024
743,Feminino,1,-1,Ametista,5.0,7.0,9.2727272725,9.002,7.51,7.5,7.655745454500001,7.5,2024
743,Feminino,1,-1,Ametista,5.0,7.0,9.2727272725,9.002,7.51,7.5,7.655745454500001,7.5,2024
681,Masculino,1,-1,Ágata,5.0,2.5,7.840909091,9.502,6.26,6.665,6.0398818182000005,7.15625,2024
681,Masculino,1,-1,Ágata,5.0,2.5,7.840909091,9.502,6.26,6.665,6.0398818182000005,5.625,2024
681,Masculino,1,-1,Ágata,5.0,2.5,7.840909091,9.502,6.26,6.665,6.0398818182000005,5.625,2024
1035,Masculino,1,-1,Ametista,5.0,7.0,9.0227272725,9.502,7.51,7.92,7.833495454500001,7.708333333,2024
1035,Masculino,1,-1,Ametista,5.0,7.0,9.0227272725,9.502,7.51,7.92,7.833495454500001,8.4375,2024
850,Masculino,1,-1,Ametista,5.0,7.75,9.2727272725,10.002,6.255,7.92,7.864245454500001,6.7604166666,2024
850,Masculino,1,-1,Ametista,5.0,7.75,9.2727272725,10.002,6.255,7.92,7.864245454500001,6.5625,2024
850,Masculino,1,-1,Ametista,5.0,7.75,9.2727272725,10.002,6.255,7.92,7.864245454500001,7.5,2024
1402,Feminino,1,0,Topázio,10.0,7.25,9.5454545455,10.002,7.51,8.17,8.588040909100002,8.4375,2024
1403,Feminino,1,-1,Topázio,5.0,8.75,9.3073593075,9.002,7.51,8.255,8.257421861500001,8.4375,2024
1404,Feminino,1,0,Topázio,10.0,7.5,9.090909091,8.502,7.51,8.17,8.3971318182,8.4375,2024
923,Feminino,1,0,Ametista,10.0,5.5,7.9545454545,8.002,7.51,8.17,7.688609090900001,7.5,2024
923,Feminino,1,0,Ametista,10.0,5.5,7.9545454545,8.002,7.51,8.17,7.688609090900001,8.125,2024
847,Masculino,1,-1,Quartzo,5.0,1.0,4.5454545455,9.002,5.01,6.245,5.009290909100001,6.197916666599999,2024
847,Masculino,1,-1,Quartzo,5.0,1.0,4.5454545455,9.002,5.01,6.245,5.009290909100001,5.0,2024
847,Masculino,1,-1,Quartzo,5.0,1.0,4.5454545455,9.002,5.01,6.245,5.009290909100001,7.5,2024
1405,Feminino,1,0,Topázio,10.0,8.75,8.6363636365,8.002,7.51,8.17,8.4749727273,8.125,2024
1406,Feminino,1,-1,Ametista,5.0,7.5,8.8636363635,8.002,7.51,8.255,7.8186772727000005,8.4375,2024
1407,Masculino,1,-1,Ametista,5.0,5.75,9.318181818,10.002,7.51,7.5,7.546086363600001,7.8125,2024
1408,Masculino,1,-1,Ametista,5.0,6.75,8.409090909,10.002,7.51,7.5,7.626768181800001,8.4375,2024
1409,Masculino,1,-1,Ametista,5.0,7.25,9.0909090905,10.002,7.51,7.5,7.863131818100001,8.4375,2024
1410,Masculino,1,-1,Ametista,5.0,6.25,8.1136363635,9.002,7.51,8.165,7.5319272727,8.75,2024
874,Masculino,1,-1,Ametista,5.0,7.75,4.696969697,9.502,6.26,7.915,7.0235939394,6.25,2024
874,Masculino,1,-1,Ametista,5.0,7.75,4.696969697,9.502,6.26,7.915,7.0235939394,8.75,2024
1411,Masculino,1,-1,Ágata,5.0,2.75,9.5,9.002,6.26,7.835,6.886950000000001,8.4375,2024
1412,Masculino,1,0,Topázio,10.0,9.75,9.3073593075,10.002,7.51,8.835,9.204671861500001,8.75,2024
690,Feminino,1,-1,Ametista,5.0,6.25,8.409090909,7.918,7.51,7.835,7.3853681818000005,7.6041666666,2024
690,Feminino,1,-1,Ametista,5.0,6.25,8.409090909,7.918,7.51,7.835,7.3853681818000005,7.5,2024
690,Feminino,1,-1,Ametista,5.0,6.25,8.409090909,7.918,7.51,7.835,7.3853681818000005,8.4375,2024
1413,Masculino,1,-2,Ametista,5.0,7.25,8.593073593,9.002,7.51,7.92,7.747564718600001,8.4375,2024
1414,Feminino,1,0,Topázio,10.0,8.5,9.2965367965,9.502,6.885,8.835,8.840007359300001,8.75,2024
995,Feminino,1,-2,Quartzo,5.0,2.0,5.3896103895,10.002,5.635,4.25,5.110372077899999,6.25,2024
995,Feminino,1,-2,Quartzo,5.0,2.0,5.3896103895,10.002,5.635,4.25,5.110372077899999,7.1875,2024
853,Feminino,1,0,Ametista,10.0,6.25,9.5833333335,8.502,6.26,7.553333333,7.986866666600001,7.125,2024
853,Feminino,1,0,Ametista,10.0,6.25,9.5833333335,8.502,6.26,7.553333333,7.986866666600001,6.25,2024
853,Feminino,1,0,Ametista,10.0,6.25,9.5833333335,8.502,6.26,7.553333333,7.986866666600001,8.333333333,2024
854,Feminino,1,0,Ametista,10.0,7.0,10.0,9.502,6.26,6.333333333,7.826199999900001,7.0,2024
854,Feminino,1,0,Ametista,10.0,7.0,10.0,9.502,6.26,6.333333333,7.826199999900001,5.625,2024
854,Feminino,1,0,Ametista,10.0,7.0,10.0,9.502,6.26,6.333333333,7.826199999900001,5.833333333,2024
1415,Feminino,1,-1,Ametista,5.0,6.75,9.7727272725,8.002,6.26,7.056666667,7.3712454546,7.291666667,2024
842,Feminino,1,-1,Ametista,5.0,7.5,7.549407115,8.502,6.26,6.996666667,7.072914756400001,7.5833333332,2024
842,Feminino,1,-1,Ametista,5.0,7.5,7.549407115,8.502,6.26,6.996666667,7.072914756400001,5.625,2024
842,Feminino,1,-1,Ametista,5.0,7.5,7.549407115,8.502,6.26,6.996666667,7.072914756400001,6.875,2024
700,Feminino,1,-1,Ametista,5.0,5.25,9.564393939,8.502,5.635,7.0,7.005745454500001,7.25,2024
700,Feminino,1,-1,Ametista,5.0,5.25,9.564393939,8.502,5.635,7.0,7.005745454500001,6.25,2024
700,Feminino,1,-1,Ametista,5.0,5.25,9.564393939,8.502,5.635,7.0,7.005745454500001,7.291666667,2024
1416,Feminino,1,-1,Ametista,5.0,7.75,8.2765151515,8.502,7.51,6.386666667,7.375503030400001,7.916666667,2024
911,Masculino,1,-2,Quartzo,5.0,4.5,4.772727273,8.002,7.51,4.726666667,5.4552454547,5.3125,2024
911,Masculino,1,-2,Quartzo,5.0,4.5,4.772727273,8.002,7.51,4.726666667,5.4552454547,6.041666667,2024
859,Feminino,1,0,Topázio,10.0,8.0,9.337121212,8.002,7.51,8.336666667,8.5817909091,7.125,2024
859,Feminino,1,0,Topázio,10.0,8.0,9.337121212,8.002,7.51,8.336666667,8.5817909091,7.5,2024
859,Feminino,1,0,Topázio,10.0,8.0,9.337121212,8.002,7.51,8.336666667,8.5817909091,8.958333333,2024
860,Masculino,1,0,Topázio,10.0,8.5,9.7916666665,9.002,7.51,7.946666667,8.7738666667,6.9375,2024
860,Masculino,1,0,Topázio,10.0,8.5,9.7916666665,9.002,7.51,7.946666667,8.7738666667,7.5,2024
860,Masculino,1,0,Topázio,10.0,8.5,9.7916666665,9.002,7.51,7.946666667,8.7738666667,8.75,2024
727,Masculino,1,0,Topázio,10.0,8.5,8.4848484845,10.002,6.26,8.056666667,8.447003030300001,6.760416666599999,2024
727,Masculino,1,0,Topázio,10.0,8.5,8.4848484845,10.002,6.26,8.056666667,8.447003030300001,7.5,2024
727,Masculino,1,0,Topázio,10.0,8.5,8.4848484845,10.002,6.26,8.056666667,8.447003030300001,8.125,2024
1417,Masculino,1,-1,Ametista,5.0,9.0,9.337121212,9.002,7.51,6.5,7.7436242424,6.25,2024
910,Masculino,1,0,Topázio,10.0,7.5,8.674242424500001,8.502,7.51,7.443333333,8.1163818182,8.75,2024
910,Masculino,1,0,Topázio,10.0,7.5,8.674242424500001,8.502,7.51,7.443333333,8.1163818182,7.916666667,2024
840,Masculino,1,0,Topázio,10.0,8.0,9.337121212,9.502,7.51,7.946666667,8.5912909091,6.4166666666,2024
840,Masculino,1,0,Topázio,10.0,8.0,9.337121212,9.502,7.51,7.946666667,8.5912909091,7.5,2024
840,Masculino,1,0,Topázio,10.0,8.0,9.337121212,9.502,7.51,7.946666667,8.5912909091,8.333333333,2024
926,Feminino,1,-1,Ametista,5.0,7.0,9.7727272725,9.002,7.51,7.22,7.7830787878,7.5,2024
926,Feminino,1,-1,Ametista,5.0,7.0,9.7727272725,9.002,7.51,7.22,7.7830787878,8.333333333,2024
1418,Masculino,1,-1,Ametista,5.0,8.25,9.128787879,8.502,7.51,6.833333333,7.7352909091000015,7.916666667,2024
927,Feminino,1,0,Ametista,10.0,6.5,9.318181818,8.002,7.51,7.22,7.9921696969000005,7.5,2024
927,Feminino,1,0,Ametista,10.0,6.5,9.318181818,8.002,7.51,7.22,7.9921696969000005,8.333333333,2024
672,Feminino,1,-1,Quartzo,5.0,0.0,3.9525691700000003,7.918,6.26,4.496666667,4.2118138341,6.875,2024
672,Feminino,1,-1,Quartzo,5.0,0.0,3.9525691700000003,7.918,6.26,4.496666667,4.2118138341,5.625,2024
672,Feminino,1,-1,Quartzo,5.0,0.0,3.9525691700000003,7.918,6.26,4.496666667,4.2118138341,6.041666667,2024
1043,Masculino,1,-1,Ametista,5.0,8.25,7.994071146,10.002,7.51,6.553333333,7.539847562500002,7.708333333,2024
1043,Masculino,1,-1,Ametista,5.0,8.25,7.994071146,10.002,7.51,6.553333333,7.539847562500002,7.291666667,2024
738,Feminino,1,-1,Ametista,5.0,7.25,7.292490119,10.002,6.885,7.39,7.2626980238000005,6.625,2024
738,Feminino,1,-1,Ametista,5.0,7.25,7.292490119,10.002,6.885,7.39,7.2626980238000005,8.4375,2024
738,Feminino,1,-1,Ametista,5.0,7.25,7.292490119,10.002,6.885,7.39,7.2626980238000005,6.875,2024
1419,Feminino,1,0,Topázio,10.0,7.5,10.0,8.502,7.51,8.783333333,8.7536999999,8.958333333,2024
704,Masculino,1,-1,Ágata,5.0,6.5,8.646245059,7.502,5.635,6.616666667,6.8121156785000005,6.0,2024
704,Masculino,1,-1,Ágata,5.0,6.5,8.646245059,7.502,5.635,6.616666667,6.8121156785000005,5.625,2024
704,Masculino,1,-1,Ágata,5.0,6.5,8.646245059,7.502,5.635,6.616666667,6.8121156785000005,6.458333333,2024
705,Masculino,1,-1,Quartzo,5.0,3.5,6.4285714285,9.002,5.005,4.226666667,5.294247619100001,6.458333333400001,2024
705,Masculino,1,-1,Quartzo,5.0,3.5,6.4285714285,9.002,5.005,4.226666667,5.294247619100001,7.5,2024
705,Masculino,1,-1,Quartzo,5.0,3.5,6.4285714285,9.002,5.005,4.226666667,5.294247619100001,5.625,2024
822,Masculino,1,-2,Quartzo,5.0,6.75,4.6245059285,0.0,5.01,6.61,5.2645678524,6.7083333334,2024
822,Masculino,1,-2,Quartzo,5.0,6.75,4.6245059285,0.0,5.01,6.61,5.2645678524,5.625,2024
822,Masculino,1,-2,Quartzo,5.0,6.75,4.6245059285,0.0,5.01,6.61,5.2645678524,6.666666667,2024
740,Feminino,1,-1,Topázio,5.0,8.0,9.555335968,9.002,7.51,8.223333333,8.1611005269,7.03125,2024
740,Feminino,1,-1,Topázio,5.0,8.0,9.555335968,9.002,7.51,8.223333333,8.1611005269,6.875,2024
740,Feminino,1,-1,Topázio,5.0,8.0,9.555335968,9.002,7.51,8.223333333,8.1611005269,8.541666667,2024
741,Feminino,1,-1,Quartzo,5.0,3.75,5.2964426875,8.418,5.005,4.223333333,5.0795885374,5.958333333400001,2024
741,Feminino,1,-1,Quartzo,5.0,3.75,5.2964426875,8.418,5.005,4.223333333,5.0795885374,5.625,2024
741,Feminino,1,-1,Quartzo,5.0,3.75,5.2964426875,8.418,5.005,4.223333333,5.0795885374,5.833333333,2024
1420,Masculino,1,-2,Quartzo,5.0,4.5,5.520833333500001,7.918,6.26,5.44,5.6558,6.458333333,2024
709,Feminino,1,-1,Ágata,5.0,6.0,7.994071146,7.418,7.51,6.773333333,6.833780895800001,7.20625,2024
709,Feminino,1,-1,Ágata,5.0,6.0,7.994071146,7.418,7.51,6.773333333,6.833780895800001,5.625,2024
709,Feminino,1,-1,Ágata,5.0,6.0,7.994071146,7.418,7.51,6.773333333,6.833780895800001,6.875,2024
1421,Masculino,1,-1,Ametista,5.0,7.5,6.777777778,9.002,7.51,7.163333333,7.126922222200001,6.875,2024
1422,Feminino,1,-1,Ametista,5.0,4.75,7.5,9.502,7.51,7.7475,7.0132,8.125,2024
1423,Masculino,1,-1,Ágata,5.0,5.75,5.3125,8.502,7.51,6.5425,6.403450000000001,7.8125,2024
733,Feminino,1,-1,Topázio,5.0,9.25,10.0,10.002,7.51,9.085,8.808825,6.083333333400001,2024
733,Feminino,1,-1,Topázio,5.0,9.25,10.0,10.002,7.51,9.085,8.808825,8.333333333,2024
733,Feminino,1,-1,Topázio,5.0,9.25,10.0,10.002,7.51,9.085,8.808825,8.90625,2024
836,Masculino,1,-1,Ágata,5.0,2.75,6.439393939,9.502,7.51,6.25,6.0234537878,6.895833333400001,2024
836,Masculino,1,-1,Ágata,5.0,2.75,6.439393939,9.502,7.51,6.25,6.0234537878,6.875,2024
836,Masculino,1,-1,Ágata,5.0,2.75,6.439393939,9.502,7.51,6.25,6.0234537878,7.34375,2024
1424,Feminino,1,-1,Ametista,5.0,7.25,8.9444444445,9.002,7.51,6.915,7.5543388889,7.8125,2024
1425,Masculino,1,-1,Ágata,5.0,7.0,6.7976190475,9.002,7.51,5.92,6.8290988095000005,7.34375,2024
1426,Feminino,1,-1,Quartzo,5.0,2.75,5.845238095,9.502,7.51,5.8325,5.8367476190000005,7.5,2024
716,Masculino,1,-1,Ágata,5.0,5.75,5.5335968375,9.002,7.51,5.7875,6.2372943675000005,6.6458333334,2024
716,Masculino,1,-1,Ágata,5.0,5.75,5.5335968375,9.002,7.51,5.7875,6.2372943675000005,6.875,2024
716,Masculino,1,-1,Ágata,5.0,5.75,5.5335968375,9.002,7.51,5.7875,6.2372943675000005,6.71875,2024
1049,Masculino,1,-1,Ágata,5.0,4.5,8.03030303,9.502,7.51,6.745,6.821885606,8.125,2024
1049,Masculino,1,-1,Ágata,5.0,4.5,8.03030303,9.502,7.51,6.745,6.821885606,7.65625,2024
1427,Feminino,1,-1,Topázio,5.0,8.0,10.0,9.502,7.51,8.6675,8.425325,8.90625,2024
1052,Masculino,1,-1,Ametista,5.0,8.25,9.128787879,5.834,6.26,8.4975,7.744032575800001,7.916666667,2024
1052,Masculino,1,-1,Ametista,5.0,8.25,9.128787879,5.834,6.26,8.4975,7.744032575800001,8.59375,2024
719,Masculino,1,-1,Ametista,5.0,6.5,7.3484848485,10.002,7.51,6.7425,7.1193969697,7.05,2024
719,Masculino,1,-1,Ametista,5.0,6.5,7.3484848485,10.002,7.51,6.7425,7.1193969697,5.625,2024
719,Masculino,1,-1,Ametista,5.0,6.5,7.3484848485,10.002,7.51,6.7425,7.1193969697,7.5,2024
1055,Masculino,1,-2,Ágata,5.0,5.5,5.7954545455,10.002,7.51,5.87,6.403040909100001,7.291666667,2024
1055,Masculino,1,-2,Ágata,5.0,5.5,5.7954545455,10.002,7.51,5.87,6.403040909100001,7.1875,2024
747,Feminino,1,-2,Quartzo,5.0,2.25,8.095238095,10.002,5.005,5.335,5.8450809523,7.6875,2024
747,Feminino,1,-2,Quartzo,5.0,2.25,8.095238095,10.002,5.005,5.335,5.8450809523,6.041666667,2024
747,Feminino,1,-2,Quartzo,5.0,2.25,8.095238095,10.002,5.005,5.335,5.8450809523,7.083333333,2024
928,Feminino,1,0,Topázio,10.0,8.75,10.0,8.002,7.51,8.59,8.8733666667,8.75,2024
928,Feminino,1,0,Topázio,10.0,8.75,10.0,8.002,7.51,8.59,8.8733666667,8.541666667,2024
748,Masculino,1,-1,Topázio,5.0,7.75,10.0,9.502,7.51,8.005,8.2272,7.9479166666,2024
748,Masculino,1,-1,Topázio,5.0,7.75,10.0,9.502,7.51,8.005,8.2272,7.5,2024
748,Masculino,1,-1,Topázio,5.0,7.75,10.0,9.502,7.51,8.005,8.2272,8.75,2024
769,Feminino,1,-1,Ametista,5.0,6.0,5.9523809525,10.002,7.51,8.33,7.099342857200002,8.25,2024
769,Feminino,1,-1,Ametista,5.0,6.0,5.9523809525,10.002,7.51,8.33,7.099342857200002,7.8125,2024
769,Feminino,1,-1,Ametista,5.0,6.0,5.9523809525,10.002,7.51,8.33,7.099342857200002,7.916666667,2024
876,Masculino,1,0,Ametista,10.0,3.75,9.0476190475,8.502,7.51,8.09,7.612057142800001,7.5,2024
876,Masculino,1,0,Ametista,10.0,3.75,9.0476190475,8.502,7.51,8.09,7.612057142800001,8.333333333,2024
776,Feminino,1,-1,Quartzo,5.0,0.0,5.9523809525,7.917,5.63,6.5,5.178509523800001,7.0208333334,2024
776,Feminino,1,-1,Quartzo,5.0,0.0,5.9523809525,7.917,5.63,6.5,5.178509523800001,7.8125,2024
776,Feminino,1,-1,Quartzo,5.0,0.0,5.9523809525,7.917,5.63,6.5,5.178509523800001,8.333333333,2024
753,Feminino,1,-1,Topázio,5.0,8.5,9.047619048,10.002,7.51,8.255,8.2450571429,7.5,2024
753,Feminino,1,-1,Topázio,5.0,8.5,9.047619048,10.002,7.51,8.255,8.2450571429,7.5,2024
753,Feminino,1,-1,Topázio,5.0,8.5,9.047619048,10.002,7.51,8.255,8.2450571429,8.333333333,2024
601,Masculino,1,-1,Topázio,5.0,8.75,10.0,9.502,7.505,8.425,8.5107,7.0729166666,2024
601,Masculino,1,-1,Topázio,5.0,8.75,10.0,9.502,7.505,8.425,8.5107,9.0625,2024
601,Masculino,1,-1,Topázio,5.0,8.75,10.0,9.502,7.505,8.425,8.5107,8.75,2024
955,Feminino,1,-1,Ágata,5.0,5.75,6.904761905,0.0,7.51,8.255,6.245452381,6.875,2024
955,Feminino,1,-1,Ágata,5.0,5.75,6.904761905,0.0,7.51,8.255,6.245452381,8.125,2024
831,Masculino,1,-1,Topázio,5.0,7.75,9.523809524,10.002,6.26,8.17,8.0066285715,6.2500000002,2024
831,Masculino,1,-1,Topázio,5.0,7.75,9.523809524,10.002,6.26,8.17,8.0066285715,7.8125,2024
831,Masculino,1,-1,Topázio,5.0,7.75,9.523809524,10.002,6.26,8.17,8.0066285715,7.916666667,2024
1067,Masculino,1,-1,Ametista,5.0,6.75,8.333333332999999,10.002,7.51,8.59,7.840033333300001,8.28125,2024
1067,Masculino,1,-1,Ametista,5.0,6.75,8.333333332999999,10.002,7.51,8.59,7.840033333300001,8.541666667,2024
1058,Feminino,1,-1,Ametista,5.0,7.75,8.095238095,9.168,6.88,8.085,7.703347619,7.083333333,2024
1058,Feminino,1,-1,Ametista,5.0,7.75,8.095238095,9.168,6.88,8.085,7.703347619,8.125,2024
757,Feminino,1,-1,Ametista,5.0,7.0,9.285714286000001,9.502,7.51,8.34,7.938842857200001,8.0416666666,2024
757,Feminino,1,-1,Ametista,5.0,7.0,9.285714286000001,9.502,7.51,8.34,7.938842857200001,7.5,2024
757,Feminino,1,-1,Ametista,5.0,7.0,9.285714286000001,9.502,7.51,8.34,7.938842857200001,8.125,2024
794,Feminino,1,0,Ametista,10.0,3.0,6.9047619045,9.502,7.51,8.255,7.145652380900001,6.3125,2024
794,Feminino,1,0,Ametista,10.0,3.0,6.9047619045,9.502,7.51,8.255,7.145652380900001,7.5,2024
794,Feminino,1,0,Ametista,10.0,3.0,6.9047619045,9.502,7.51,8.255,7.145652380900001,8.125,2024
960,Masculino,1,-1,Quartzo,5.0,3.0,8.095238095,0.0,7.51,5.33,5.286047619,5.625,2024
960,Masculino,1,-1,Quartzo,5.0,3.0,8.095238095,0.0,7.51,5.33,5.286047619,7.5,2024
587,Masculino,1,-2,Ágata,5.0,6.25,7.380952381,9.002,7.51,5.74,6.817057142900001,6.5208333332,2024
587,Masculino,1,-2,Ágata,5.0,6.25,7.380952381,9.002,7.51,5.74,6.817057142900001,6.458333333,2024
587,Masculino,1,-2,Ágata,5.0,6.25,7.380952381,9.002,7.51,5.74,6.817057142900001,7.916666667,2024
826,Masculino,1,-1,Ametista,5.0,6.75,10.0,10.002,6.26,8.59,7.9442,6.5416666666,2024
826,Masculino,1,-1,Ametista,5.0,6.75,10.0,10.002,6.26,8.59,7.9442,7.8125,2024
826,Masculino,1,-1,Ametista,5.0,6.75,10.0,10.002,6.26,8.59,7.9442,7.5,2024
789,Feminino,1,0,Topázio,10.0,5.25,9.047619048,9.002,7.51,8.085,8.0443904763,6.5,2024
789,Feminino,1,0,Topázio,10.0,5.25,9.047619048,9.002,7.51,8.085,8.0443904763,7.5,2024
789,Feminino,1,0,Topázio,10.0,5.25,9.047619048,9.002,7.51,8.085,8.0443904763,9.166666667,2024
1056,Masculino,1,-1,Topázio,5.0,8.25,9.2857142855,8.502,7.51,8.335,8.192009523800001,7.96875,2024
1056,Masculino,1,-1,Topázio,5.0,8.25,9.2857142855,8.502,7.51,8.335,8.192009523800001,9.166666667,2024
1428,Masculino,1,-1,Topázio,5.0,8.0,8.8562091505,8.502,7.51,8.085,8.006108496800001,9.166666667,2024
830,Feminino,1,-1,Ametista,5.0,6.75,7.619047619,9.002,5.63,7.335,7.1373428571,7.5729166666,2024
830,Feminino,1,-1,Ametista,5.0,6.75,7.619047619,9.002,5.63,7.335,7.1373428571,6.25,2024
830,Feminino,1,-1,Ametista,5.0,6.75,7.619047619,9.002,5.63,7.335,7.1373428571,8.333333333,2024
780,Feminino,1,-1,Ametista,5.0,6.0,10.0,9.502,5.63,8.17,7.7430333333,6.2916666668,2024
780,Feminino,1,-1,Ametista,5.0,6.0,10.0,9.502,5.63,8.17,7.7430333333,8.75,2024
780,Feminino,1,-1,Ametista,5.0,6.0,10.0,9.502,5.63,8.17,7.7430333333,8.958333333,2024
1057,Feminino,1,-1,Topázio,5.0,8.0,10.0,10.002,6.26,8.17,8.2352,8.125,2024
1057,Feminino,1,-1,Topázio,5.0,8.0,10.0,10.002,6.26,8.17,8.2352,8.75,2024
1062,Masculino,1,-1,Ametista,5.0,7.25,9.047619048,8.002,5.63,8.085,7.6147238096,8.59375,2024
1062,Masculino,1,-1,Ametista,5.0,7.25,9.047619048,8.002,5.63,8.085,7.6147238096,8.75,2024
1429,Masculino,1,-1,Topázio,5.0,7.75,8.888888889,9.502,7.51,8.085,8.041811111100001,8.958333333,2024
1430,Masculino,1,-1,Ametista,5.0,6.25,10.0,8.502,7.51,8.085,7.864033333300001,8.958333333,2024
767,Masculino,1,-2,Topázio,5.0,8.25,9.0476190475,9.502,7.51,8.085,8.131890476200002,6.28125,2024
767,Masculino,1,-2,Topázio,5.0,8.25,9.0476190475,9.502,7.51,8.085,8.131890476200002,7.291666667,2024
767,Masculino,1,-2,Topázio,5.0,8.25,9.0476190475,9.502,7.51,8.085,8.131890476200002,8.541666667,2024
943,Feminino,1,0,Topázio,10.0,8.0,10.0,10.002,7.51,8.59,8.965033333300001,7.5,2024
943,Feminino,1,0,Topázio,10.0,8.0,10.0,10.002,7.51,8.59,8.965033333300001,8.958333333,2024
782,Masculino,1,0,Topázio,10.0,7.75,7.8571428569999995,9.502,7.51,8.085,8.1896285714,6.3333333332,2024
782,Masculino,1,0,Topázio,10.0,7.75,7.8571428569999995,9.502,7.51,8.085,8.1896285714,7.5,2024
782,Masculino,1,0,Topázio,10.0,7.75,7.8571428569999995,9.502,7.51,8.085,8.1896285714,7.5,2024
795,Feminino,1,-1,Topázio,5.0,9.5,9.761904762,9.502,6.26,8.085,8.441414285700002,7.3125,2024
795,Feminino,1,-1,Topázio,5.0,9.5,9.761904762,9.502,6.26,8.085,8.441414285700002,7.5,2024
795,Feminino,1,-1,Topázio,5.0,9.5,9.761904762,9.502,6.26,8.085,8.441414285700002,8.958333333,2024
1431,Feminino,1,-1,Ametista,5.0,8.0,7.7432712215,9.002,7.51,9.09,7.9147292443,7.96875,2024
1432,Feminino,1,-1,Topázio,5.0,9.5,10.0,10.002,7.51,8.505,8.774075000000002,9.21875,2024
1433,Feminino,1,-1,Topázio,5.0,8.75,9.068322981,8.502,7.51,8.505,8.1939895962,8.28125,2024
1434,Masculino,1,-1,Topázio,5.0,9.0,7.9813664595,8.502,6.26,9.76,8.2775982919,9.53125,2024
958,Feminino,1,0,Topázio,10.0,10.0,10.0,10.002,6.26,9.76,9.531325,7.5,2024
958,Feminino,1,0,Topázio,10.0,10.0,10.0,10.002,6.26,9.76,9.531325,9.53125,2024
961,Masculino,1,-1,Ágata,5.0,5.5,8.8923395445,9.002,6.26,5.155,6.529417908900001,5.3125,2024
961,Masculino,1,-1,Ágata,5.0,5.5,8.8923395445,9.002,6.26,5.155,6.529417908900001,5.9375,2024
1435,Masculino,1,0,Ametista,10.0,7.5,7.833333333500001,9.502,7.51,6.165,7.7196166667,7.1875,2024
755,Masculino,1,-1,Topázio,5.0,9.75,10.0,10.002,7.51,9.09,8.925450000000001,7.0625,2024
755,Masculino,1,-1,Topázio,5.0,9.75,10.0,10.002,7.51,9.09,8.925450000000001,7.5,2024
755,Masculino,1,-1,Topázio,5.0,9.75,10.0,10.002,7.51,9.09,8.925450000000001,9.0625,2024
1436,Feminino,1,-1,Ametista,5.0,8.0,8.674948240500001,7.418,7.51,7.17,7.589914648100001,8.28125,2024
1437,Feminino,1,-1,Ametista,5.0,8.0,9.347826087,8.502,7.51,7.92,7.982890217400001,8.28125,2024
1438,Feminino,1,-1,Topázio,5.0,7.0,9.0,10.002,7.51,9.175,8.176825000000001,8.90625,2024
1439,Feminino,1,-1,Topázio,5.0,8.5,10.0,7.502,7.51,9.345,8.507700000000002,9.375,2024
1440,Feminino,1,-1,Ametista,5.0,4.5,9.544513457499999,9.002,7.51,8.17,7.469102691500001,8.75,2024
1441,Masculino,1,0,Topázio,10.0,8.5,9.109730849,9.502,7.51,9.005,8.961646169800002,9.375,2024
1442,Masculino,1,-2,Ametista,5.0,7.25,8.674948240500001,8.002,7.51,5.745,7.135189648100001,7.5,2024
1443,Feminino,1,-2,Ágata,5.0,6.75,7.5,6.918,6.26,7.415,6.921633333300001,7.708333333,2024
1444,Masculino,1,-1,Ágata,5.0,6.0,5.277777778,8.502,7.51,7.415,6.610588888900001,7.708333333,2024
956,Masculino,1,-1,Ágata,5.0,3.25,6.017786561,9.502,6.885,7.085,6.1175906455,7.5,2024
956,Masculino,1,-1,Ágata,5.0,3.25,6.017786561,9.502,6.885,7.085,6.1175906455,7.083333333,2024
952,Masculino,1,0,Topázio,10.0,8.5,9.545454545,9.502,6.26,9.175,8.853624242300002,7.1875,2024
952,Masculino,1,0,Topázio,10.0,8.5,9.545454545,9.502,6.26,9.175,8.853624242300002,8.333333333,2024
939,Feminino,1,-1,Ametista,5.0,5.0,8.8833992095,9.002,5.63,7.495,7.051379841899999,7.5,2024
939,Feminino,1,-1,Ametista,5.0,5.0,8.8833992095,9.002,5.63,7.495,7.051379841899999,8.125,2024
953,Feminino,1,0,Ametista,10.0,8.5,6.85770751,9.002,6.26,7.755,7.961241502000001,6.5625,2024
953,Feminino,1,0,Ametista,10.0,8.5,6.85770751,9.002,6.26,7.755,7.961241502000001,8.125,2024
954,Feminino,1,0,Topázio,10.0,7.75,8.8833992095,9.502,6.26,7.835,8.2823798419,7.1875,2024
954,Feminino,1,0,Topázio,10.0,7.75,8.8833992095,9.502,6.26,7.835,8.2823798419,8.125,2024
792,Feminino,1,-1,Ágata,5.0,3.25,5.2865612650000005,8.502,7.51,7.075,6.036012253,6.4791666668,2024
792,Feminino,1,-1,Ágata,5.0,3.25,5.2865612650000005,8.502,7.51,7.075,6.036012253,6.875,2024
792,Feminino,1,-1,Ágata,5.0,3.25,5.2865612650000005,8.502,7.51,7.075,6.036012253,8.125,2024
1000,Feminino,1,0,Topázio,10.0,7.75,9.5454545455,9.002,6.26,7.835,8.364790909100002,6.25,2024
1000,Feminino,1,0,Topázio,10.0,7.75,9.5454545455,9.002,6.26,7.835,8.364790909100002,8.125,2024
763,Feminino,1,-1,Ágata,5.0,5.25,8.8636363635,9.002,6.26,6.825,6.984760606,7.0104166666,2024
763,Feminino,1,-1,Ágata,5.0,5.25,8.8636363635,9.002,6.26,6.825,6.984760606,6.875,2024
763,Feminino,1,-1,Ágata,5.0,5.25,8.8636363635,9.002,6.26,6.825,6.984760606,7.708333333,2024
1001,Feminino,1,-1,Ametista,5.0,7.75,9.347826087,7.502,7.51,7.92,7.7964318841,7.5,2024
1001,Feminino,1,-1,Ametista,5.0,7.75,9.347826087,7.502,7.51,7.92,7.7964318841,7.916666667,2024
1445,Feminino,1,-1,Ametista,5.0,7.25,9.5,9.502,7.51,7.5,7.842866666700001,7.916666667,2024
1446,Masculino,1,0,Quartzo,10.0,0.0,6.6501976285,8.002,6.26,7.075,5.9004061924,7.291666667,2024
768,Feminino,1,-1,Ametista,5.0,5.5,7.9841897235,9.002,6.26,7.495,7.0345379447,7.3854166666,2024
768,Feminino,1,-1,Ametista,5.0,5.5,7.9841897235,9.002,6.26,7.495,7.0345379447,7.5,2024
768,Feminino,1,-1,Ametista,5.0,5.5,7.9841897235,9.002,6.26,7.495,7.0345379447,8.125,2024
1447,Feminino,1,-1,Ametista,5.0,5.25,9.7368421055,9.502,7.51,7.75,7.5402350878,7.916666667,2024
980,Feminino,1,0,Ametista,10.0,6.25,9.058441558,9.002,7.51,7.4175,7.946388311600001,5.625,2024
980,Feminino,1,0,Ametista,10.0,6.25,9.058441558,9.002,7.51,7.4175,7.946388311600001,7.5,2024
982,Masculino,1,0,Topázio,10.0,8.25,8.365800865499999,10.002,7.51,6.79,8.119860173100001,5.625,2024
982,Masculino,1,0,Topázio,10.0,8.25,8.365800865499999,10.002,7.51,6.79,8.119860173100001,6.875,2024
1448,Feminino,1,-2,Ametista,5.0,6.0,9.5346320345,9.002,7.51,7.29,7.466126406900001,7.5,2024
1070,Masculino,1,-1,Ágata,5.0,2.25,9.3073593075,9.002,5.635,6.6225,6.287171861500001,7.708333333,2024
1070,Masculino,1,-1,Ágata,5.0,2.25,9.3073593075,9.002,5.635,6.6225,6.287171861500001,6.875,2024
985,Masculino,1,0,Topázio,10.0,7.5,10.0,8.502,6.26,7.585,8.2432,5.625,2024
985,Masculino,1,0,Topázio,10.0,7.5,10.0,8.502,6.26,7.585,8.2432,7.5,2024
986,Feminino,1,0,Topázio,10.0,8.5,9.2965367965,10.002,6.26,6.8325,8.2603406926,5.625,2024
986,Feminino,1,0,Topázio,10.0,8.5,9.2965367965,10.002,6.26,6.8325,8.2603406926,7.083333333,2024
810,Masculino,1,-1,Ametista,5.0,9.0,9.4736842105,7.502,5.635,7.7525,7.704770175400001,7.0833333334,2024
810,Masculino,1,-1,Ametista,5.0,9.0,9.4736842105,7.502,5.635,7.7525,7.704770175400001,5.833333333,2024
810,Masculino,1,-1,Ametista,5.0,9.0,9.4736842105,7.502,5.635,7.7525,7.704770175400001,6.458333333,2024
987,Masculino,1,0,Topázio,10.0,7.5,9.0692640695,9.002,7.51,7.835,8.3028861472,6.875,2024
987,Masculino,1,0,Topázio,10.0,7.5,9.0692640695,9.002,7.51,7.835,8.3028861472,7.708333333,2024
988,Feminino,1,-1,Topázio,5.0,7.75,10.0,9.502,7.51,7.96,8.1765333333,6.25,2024
988,Feminino,1,-1,Topázio,5.0,7.75,10.0,9.502,7.51,7.96,8.1765333333,8.333333333,2024
805,Masculino,1,-1,Ágata,5.0,6.0,9.523809524,8.502,4.38,6.7075,6.9375869048,6.9375,2024
805,Masculino,1,-1,Ágata,5.0,6.0,9.523809524,8.502,4.38,6.7075,6.9375869048,6.25,2024
805,Masculino,1,-1,Ágata,5.0,6.0,9.523809524,8.502,4.38,6.7075,6.9375869048,7.03125,2024
806,Masculino,1,-1,Ágata,5.0,6.75,6.9047619045,8.502,7.51,6.875,6.972777380900001,7.4583333332,2024
806,Masculino,1,-1,Ágata,5.0,6.75,6.9047619045,8.502,7.51,6.875,6.972777380900001,6.875,2024
806,Masculino,1,-1,Ágata,5.0,6.75,6.9047619045,8.502,7.51,6.875,6.972777380900001,7.65625,2024
807,Masculino,1,0,Ametista,10.0,7.0,7.8571428569999995,9.002,7.51,7.125,7.797628571400001,6.75,2024
807,Masculino,1,0,Ametista,10.0,7.0,7.8571428569999995,9.002,7.51,7.125,7.797628571400001,6.25,2024
807,Masculino,1,0,Ametista,10.0,7.0,7.8571428569999995,9.002,7.51,7.125,7.797628571400001,7.5,2024
808,Masculino,1,0,Topázio,10.0,8.75,10.0,9.002,7.51,7.88,8.7897,6.625,2024
808,Masculino,1,0,Topázio,10.0,8.75,10.0,9.002,7.51,7.88,8.7897,7.5,2024
808,Masculino,1,0,Topázio,10.0,8.75,10.0,9.002,7.51,7.88,8.7897,8.125,2024
963,Feminino,1,0,Topázio,10.0,7.5,9.761904762,7.502,7.51,8.045,8.375080952400001,7.5,2024
963,Feminino,1,0,Topázio,10.0,7.5,9.761904762,7.502,7.51,8.045,8.375080952400001,8.125,2024
989,Masculino,1,0,Ametista,10.0,6.0,7.8571428569999995,9.502,6.26,6.54,7.3743785714,7.5,2024
989,Masculino,1,0,Ametista,10.0,6.0,7.8571428569999995,9.502,6.26,6.54,7.3743785714,7.1875,2024
964,Masculino,1,-1,Ametista,5.0,7.25,8.333333332999999,9.502,7.51,7.1675,7.548241666600001,6.875,2024
964,Masculino,1,-1,Ametista,5.0,7.25,8.333333332999999,9.502,7.51,7.1675,7.548241666600001,7.96875,2024
1449,Feminino,1,-1,Ametista,5.0,6.75,8.3333333335,7.418,7.51,7.04,7.214341666700001,7.96875,2024
801,Masculino,1,-1,Ágata,5.0,8.0,5.75,9.002,7.51,5.745,6.6752,6.875,2024
801,Masculino,1,-1,Ágata,5.0,8.0,5.75,9.002,7.51,5.745,6.6752,6.875,2024
801,Masculino,1,-1,Ágata,5.0,8.0,5.75,9.002,7.51,5.745,6.6752,6.25,2024
1450,Masculino,1,0,Ametista,10.0,3.5,8.571428571,9.502,7.51,7.5425,7.405235714200002,7.8125,2024
984,Feminino,1,0,Topázio,10.0,7.0,9.761904762,9.502,7.51,8.045,8.475080952400003,6.875,2024
984,Feminino,1,0,Topázio,10.0,7.0,9.761904762,9.502,7.51,8.045,8.475080952400003,8.125,2024
1451,Feminino,1,-1,Ametista,5.0,6.0,8.8095238095,10.002,7.51,7.7525,7.560479761900002,7.96875,2024
967,Masculino,1,-1,Quartzo,5.0,4.75,3.5714285715,9.502,7.51,4.995,5.442610714300001,5.625,2024
967,Masculino,1,-1,Quartzo,5.0,4.75,3.5714285715,9.502,7.51,4.995,5.442610714300001,5.78125,2024
968,Feminino,1,-1,Ametista,5.0,7.75,8.8095238095,9.002,7.51,7.6675,7.8403547619000005,7.5,2024
968,Feminino,1,-1,Ametista,5.0,7.75,8.8095238095,9.002,7.51,7.6675,7.8403547619000005,8.4375,2024
521,Masculino,2,0,Ametista,10.0,6.25,9.0357142855,8.002,5.005,7.276666667,7.4798428571999995,7.7916666666,2024
521,Masculino,2,0,Ametista,10.0,6.25,9.0357142855,8.002,5.005,7.276666667,7.4798428571999995,7.083333333,2024
521,Masculino,2,0,Ametista,10.0,6.25,9.0357142855,8.002,5.005,7.276666667,7.4798428571999995,6.666666667,2024
821,Masculino,2,0,Ágata,10.0,4.25,5.9166666665,8.502,7.51,6.713333333,6.643866666600001,6.291666666599999,2024
821,Masculino,2,0,Ágata,10.0,4.25,5.9166666665,8.502,7.51,6.713333333,6.643866666600001,6.666666667,2024
1075,Feminino,2,-1,Ágata,5.0,6.0,8.5154061625,7.5,3.755,7.553333333,6.8100812324,7.708333333,2024
1075,Feminino,2,-1,Ágata,5.0,6.0,8.5154061625,7.5,3.755,7.553333333,6.8100812324,7.708333333,2024
1048,Feminino,2,1,Ametista,10.0,6.25,6.833333333500001,8.502,6.255,8.283333333,7.5198666666000005,8.541666667,2024
1048,Feminino,2,1,Ametista,10.0,6.25,6.833333333500001,8.502,6.255,8.283333333,7.5198666666000005,7.708333333,2024
1082,Feminino,2,-1,Ágata,5.0,3.75,7.5714285715,7.502,10.0,6.943333333,6.6114857142,8.75,2024
1082,Feminino,2,-1,Ágata,5.0,3.75,7.5714285715,7.502,10.0,6.943333333,6.6114857142,7.083333333,2024
680,Feminino,2,-1,Quartzo,5.0,3.0,6.6428571430000005,0.0,5.635,6.606666667,4.9800714287000005,7.28125,2024
680,Feminino,2,-1,Quartzo,5.0,3.0,6.6428571430000005,0.0,5.635,6.606666667,4.9800714287000005,6.875,2024
680,Feminino,2,-1,Quartzo,5.0,3.0,6.6428571430000005,0.0,5.635,6.606666667,4.9800714287000005,6.666666667,2024
698,Masculino,2,0,Ametista,10.0,4.5,8.3214285715,9.002,6.88,7.273333333,7.3363190476,7.46875,2024
698,Masculino,2,0,Ametista,10.0,4.5,8.3214285715,9.002,6.88,7.273333333,7.3363190476,7.1875,2024
698,Masculino,2,0,Ametista,10.0,4.5,8.3214285715,9.002,6.88,7.273333333,7.3363190476,7.291666667,2024
1452,Masculino,2,0,Topázio,10.0,7.75,10.0,9.002,7.51,8.17,8.6268666667,7.916666667,2024
1453,Feminino,2,-1,Ametista,5.0,6.5,7.8214285715,8.502,6.25,7.67,7.1234857143,7.5,2024
1454,Feminino,2,0,Ametista,10.0,7.75,5.880952381,8.002,7.51,8.28,7.7042238095,7.708333333,2024
1455,Feminino,2,-1,Ágata,5.0,3.5,7.777777778,8.002,7.51,7.833333333,6.6442555555,7.708333333,2024
529,Masculino,2,-1,Quartzo,5.0,4.25,6.6071428569999995,7.002,4.38,4.886666667,5.2661285715,6.71875,2024
529,Masculino,2,-1,Quartzo,5.0,4.25,6.6071428569999995,7.002,4.38,4.886666667,5.2661285715,5.78125,2024
529,Masculino,2,-1,Quartzo,5.0,4.25,6.6071428569999995,7.002,4.38,4.886666667,5.2661285715,4.791666667,2024
1456,Masculino,2,0,Topázio,10.0,7.75,9.511904762,9.502,7.51,7.946666667,8.492914285800001,7.5,2024
1015,Feminino,2,0,Ágata,10.0,4.0,7.8214285715,7.918,7.51,5.66,6.643252381000002,7.34375,2024
1015,Feminino,2,0,Ágata,10.0,4.0,7.8214285715,7.918,7.51,5.66,6.643252381000002,6.041666667,2024
483,Feminino,2,-1,Ágata,5.0,5.25,5.6428571430000005,8.502,6.26,8.056666667,6.578604762,7.5916666666,2024
483,Feminino,2,-1,Ágata,5.0,5.25,5.6428571430000005,8.502,6.26,8.056666667,6.578604762,7.916666667,2024
483,Feminino,2,-1,Ágata,5.0,5.25,5.6428571430000005,8.502,6.26,8.056666667,6.578604762,8.125,2024
497,Feminino,2,-1,Quartzo,5.0,1.0,6.095238095,7.502,5.63,3.506666667,4.4960809524,6.25,2024
497,Feminino,2,-1,Quartzo,5.0,1.0,6.095238095,7.502,5.63,3.506666667,4.4960809524,6.25,2024
497,Feminino,2,-1,Quartzo,5.0,1.0,6.095238095,7.502,5.63,3.506666667,4.4960809524,5.625,2024
1457,Feminino,2,-1,Ágata,5.0,2.75,8.0357142855,3.498,7.51,7.663333333,6.0197761904,7.291666667,2024
688,Masculino,2,0,Topázio,10.0,7.5,10.0,9.502,8.13,9.45,8.986533333300002,6.041666666599999,2024
688,Masculino,2,0,Topázio,10.0,7.5,10.0,9.502,8.13,9.45,8.986533333300002,7.5,2024
688,Masculino,2,0,Topázio,10.0,7.5,10.0,9.502,8.13,9.45,8.986533333300002,8.333333333,2024
696,Feminino,2,0,Ametista,10.0,5.25,7.845238095,7.418,7.51,8.0,7.482680952299999,8.1041666666,2024
696,Feminino,2,0,Ametista,10.0,5.25,7.845238095,7.418,7.51,8.0,7.482680952299999,7.5,2024
696,Feminino,2,0,Ametista,10.0,5.25,7.845238095,7.418,7.51,8.0,7.482680952299999,7.708333333,2024
1458,Feminino,2,-1,Quartzo,5.0,3.25,7.280701754500001,8.751,7.51,5.213333333,5.879073684200001,6.041666667,2024
1034,Masculino,2,0,Topázio,10.0,7.5,8.0833333335,7.502,7.51,8.223333333,8.0333666666,8.333333333,2024
1034,Masculino,2,0,Topázio,10.0,7.5,8.0833333335,7.502,7.51,8.223333333,8.0333666666,7.708333333,2024
491,Masculino,2,-1,Ágata,5.0,5.25,9.011904762,7.502,7.51,7.166666667,6.995247619100001,7.2916666666,2024
491,Masculino,2,-1,Ágata,5.0,5.25,9.011904762,7.502,7.51,7.166666667,6.995247619100001,7.708333333,2024
491,Masculino,2,-1,Ágata,5.0,5.25,9.011904762,7.502,7.51,7.166666667,6.995247619100001,7.083333333,2024
1027,Feminino,2,0,Topázio,10.0,5.25,10.0,9.502,7.51,8.39,8.220866666700001,7.5,2024
1027,Feminino,2,0,Topázio,10.0,5.25,10.0,9.502,7.51,8.39,8.220866666700001,7.916666667,2024
1023,Feminino,2,0,Topázio,10.0,9.5,9.511904762,9.502,9.375,9.563333333,9.498580952300001,8.75,2024
1023,Feminino,2,0,Topázio,10.0,9.5,9.511904762,9.502,9.375,9.563333333,9.498580952300001,8.958333333,2024
686,Feminino,2,0,Topázio,10.0,7.25,8.7857142855,8.002,6.885,7.503333333,8.040259523700001,8.21875,2024
686,Feminino,2,0,Topázio,10.0,7.25,8.7857142855,8.002,6.885,7.503333333,8.040259523700001,7.5,2024
686,Feminino,2,0,Topázio,10.0,7.25,8.7857142855,8.002,6.885,7.503333333,8.040259523700001,8.4375,2024
480,Feminino,2,0,Ametista,10.0,5.0,8.0714285715,6.25,7.51,7.443333333,7.260202380900001,8.1041666666,2024
480,Feminino,2,0,Ametista,10.0,5.0,8.0714285715,6.25,7.51,7.443333333,7.260202380900001,7.96875,2024
480,Feminino,2,0,Ametista,10.0,5.0,8.0714285715,6.25,7.51,7.443333333,7.260202380900001,7.8125,2024
1459,Masculino,2,-1,Ágata,5.0,3.75,8.2976190475,8.002,7.51,7.273333333,6.665390476100001,7.5,2024
1460,Masculino,2,0,Ágata,10.0,3.25,7.460526316,9.502,7.51,6.27,6.784805263200001,6.875,2024
1017,Masculino,2,0,Ametista,10.0,5.0,7.8095238095,9.502,6.26,7.443333333,7.345521428500001,7.5,2024
1017,Masculino,2,0,Ametista,10.0,5.0,7.8095238095,9.502,6.26,7.443333333,7.345521428500001,7.1875,2024
499,Masculino,2,0,Ametista,10.0,4.75,9.0476190475,8.502,7.51,7.5,7.5794738095000005,6.125,2024
499,Masculino,2,0,Ametista,10.0,4.75,9.0476190475,8.502,7.51,7.5,7.5794738095000005,8.75,2024
499,Masculino,2,0,Ametista,10.0,4.75,9.0476190475,8.502,7.51,7.5,7.5794738095000005,7.1875,2024
514,Feminino,2,0,Ágata,10.0,3.0,7.595238095,9.002,4.385,5.996666667,6.219580952400001,6.5,2024
514,Feminino,2,0,Ágata,10.0,3.0,7.595238095,9.002,4.385,5.996666667,6.219580952400001,5.0,2024
514,Feminino,2,0,Ágata,10.0,3.0,7.595238095,9.002,4.385,5.996666667,6.219580952400001,5.625,2024
1461,Feminino,2,-1,Ágata,5.0,2.75,9.273809524,10.002,7.51,7.33,6.871961904800001,7.5,2024
1462,Feminino,2,-1,Ametista,5.0,6.5,10.0,8.502,7.51,7.053333333,7.6243666666,8.125,2024
1463,Masculino,2,0,Topázio,10.0,10.0,9.722222222,8.502,7.51,8.113333333,9.074561111000001,9.0625,2024
1464,Feminino,2,-1,Ametista,5.0,6.25,7.794871795,8.002,7.51,7.61,7.288424359,9.0625,2024
687,Masculino,2,0,Topázio,10.0,7.25,9.2355889725,7.502,7.51,8.003333333,8.2739844611,6.9583333332,2024
687,Masculino,2,0,Topázio,10.0,7.25,9.2355889725,7.502,7.51,8.003333333,8.2739844611,7.5,2024
687,Masculino,2,0,Topázio,10.0,7.25,9.2355889725,7.502,7.51,8.003333333,8.2739844611,8.75,2024
1030,Masculino,2,0,Ametista,10.0,8.0,8.28320802,7.418,4.385,7.61,7.7401916040000005,6.875,2024
1030,Masculino,2,0,Ametista,10.0,8.0,8.28320802,7.418,4.385,7.61,7.7401916040000005,7.8125,2024
1465,Masculino,2,-1,Ametista,5.0,5.75,8.75,7.418,7.51,7.833333333,7.3344666666,8.75,2024
522,Masculino,2,0,Topázio,10.0,9.0,9.523809524,8.002,7.51,7.89,8.6777119048,7.7083333334,2024
522,Masculino,2,0,Topázio,10.0,9.0,9.523809524,8.002,7.51,7.89,8.6777119048,7.083333333,2024
522,Masculino,2,0,Topázio,10.0,9.0,9.523809524,8.002,7.51,7.89,8.6777119048,8.4375,2024
501,Masculino,2,0,Topázio,10.0,8.75,7.9949874685,7.002,7.51,8.17,8.2779474937,6.3645833332,2024
501,Masculino,2,0,Topázio,10.0,8.75,7.9949874685,7.002,7.51,8.17,8.2779474937,8.541666667,2024
501,Masculino,2,0,Topázio,10.0,8.75,7.9949874685,7.002,7.51,8.17,8.2779474937,8.4375,2024
1466,Masculino,2,0,Topázio,10.0,7.5,7.380952381,10.002,7.51,8.056666667,8.213723809600001,8.75,2024
502,Feminino,2,0,Topázio,10.0,8.0,9.761904762,9.002,3.755,8.84,8.5023309524,7.7291666666,2024
502,Feminino,2,0,Topázio,10.0,8.0,9.761904762,9.002,3.755,8.84,8.5023309524,7.96875,2024
502,Feminino,2,0,Topázio,10.0,8.0,9.761904762,9.002,3.755,8.84,8.5023309524,9.0625,2024
1467,Masculino,2,0,Topázio,10.0,9.25,9.022556391,9.002,7.51,8.28,8.836711278200001,8.75,2024
1468,Feminino,2,0,Topázio,10.0,7.0,8.972431078,8.502,7.51,7.443333333,8.1281028822,8.4375,2024
527,Feminino,2,0,Topázio,10.0,6.0,10.0,9.002,7.51,7.383333333,8.1403666666,6.4375,2024
527,Feminino,2,0,Topázio,10.0,6.0,10.0,9.002,7.51,7.383333333,8.1403666666,7.5,2024
527,Feminino,2,0,Topázio,10.0,6.0,10.0,9.002,7.51,7.383333333,8.1403666666,8.125,2024
1469,Masculino,2,-1,Ametista,5.0,4.75,9.4444444445,8.502,7.51,8.223333333,7.459755555500001,8.75,2024
1470,Feminino,2,-1,Quartzo,5.0,5.0,6.35610766,8.002,6.26,5.4125,5.967421532000001,6.875,2024
1471,Masculino,2,-1,Ametista,5.0,7.5,7.195652174,10.002,7.51,7.2425,7.404455434800001,7.65625,2024
710,Masculino,2,-1,Ametista,5.0,6.75,8.170995671,9.168,5.625,6.5375,7.0366241342,6.4375,2024
710,Masculino,2,-1,Ametista,5.0,6.75,8.170995671,9.168,5.625,6.5375,7.0366241342,7.083333333,2024
710,Masculino,2,-1,Ametista,5.0,6.75,8.170995671,9.168,5.625,6.5375,7.0366241342,7.65625,2024
1472,Masculino,2,0,Topázio,10.0,8.75,10.0,8.502,7.51,8.1275,8.773575000000001,7.96875,2024
837,Masculino,2,0,Ametista,10.0,6.75,9.782608695499999,7.502,6.885,7.5825,7.9648467391,6.9375,2024
837,Masculino,2,0,Ametista,10.0,6.75,9.782608695499999,7.502,6.885,7.5825,7.9648467391,7.916666667,2024
837,Masculino,2,0,Ametista,10.0,6.75,9.782608695499999,7.502,6.885,7.5825,7.9648467391,7.03125,2024
549,Masculino,2,-1,Ágata,5.0,5.75,7.204968943999999,10.002,6.255,5.9125,6.5398187888,6.479166666599999,2024
549,Masculino,2,-1,Ágata,5.0,5.75,7.204968943999999,10.002,6.255,5.9125,6.5398187888,6.875,2024
549,Masculino,2,-1,Ágata,5.0,5.75,7.204968943999999,10.002,6.255,5.9125,6.5398187888,6.40625,2024
571,Feminino,2,-1,Ágata,5.0,5.25,8.695652174,7.002,4.375,5.8325,6.2964554347999995,6.75,2024
571,Feminino,2,-1,Ágata,5.0,5.25,8.695652174,7.002,4.375,5.8325,6.2964554347999995,7.291666667,2024
571,Feminino,2,-1,Ágata,5.0,5.25,8.695652174,7.002,4.375,5.8325,6.2964554347999995,7.03125,2024
731,Feminino,2,-1,Quartzo,5.0,2.5,4.188311688500001,9.502,4.375,4.835,4.7704873377000006,6.875,2024
731,Feminino,2,-1,Quartzo,5.0,2.5,4.188311688500001,9.502,4.375,4.835,4.7704873377000006,7.5,2024
731,Feminino,2,-1,Quartzo,5.0,2.5,4.188311688500001,9.502,4.375,4.835,4.7704873377000006,5.78125,2024
706,Feminino,2,0,Quartzo,10.0,3.25,7.1428571430000005,0.0,6.26,7.0,5.8701964286,7.75,2024
706,Feminino,2,0,Quartzo,10.0,3.25,7.1428571430000005,0.0,6.26,7.0,5.8701964286,6.875,2024
706,Feminino,2,0,Quartzo,10.0,3.25,7.1428571430000005,0.0,6.26,7.0,5.8701964286,7.65625,2024
707,Feminino,2,-1,Ágata,5.0,6.5,7.7236842105,7.917,4.375,6.415,6.4975618421000005,7.28125,2024
707,Feminino,2,-1,Ágata,5.0,6.5,7.7236842105,7.917,4.375,6.415,6.4975618421000005,7.916666667,2024
707,Feminino,2,-1,Ágata,5.0,6.5,7.7236842105,7.917,4.375,6.415,6.4975618421000005,6.40625,2024
1044,Feminino,2,0,Ametista,10.0,7.0,9.523809524,7.502,7.51,7.21,7.966711904800001,7.5,2024
1044,Feminino,2,0,Ametista,10.0,7.0,9.523809524,7.502,7.51,7.21,7.966711904800001,7.1875,2024
1054,Masculino,2,-1,Ágata,5.0,6.25,7.3291925465,9.502,7.51,6.75,6.985788509300001,7.5,2024
1054,Masculino,2,-1,Ágata,5.0,6.25,7.3291925465,9.502,7.51,6.75,6.985788509300001,7.1875,2024
721,Feminino,2,0,Topázio,10.0,8.25,9.544513457499999,9.002,8.135,8.755,8.8986026915,6.625,2024
721,Feminino,2,0,Topázio,10.0,8.25,9.544513457499999,9.002,8.135,8.755,8.8986026915,8.125,2024
721,Feminino,2,0,Topázio,10.0,8.25,9.544513457499999,9.002,8.135,8.755,8.8986026915,8.75,2024
1473,Masculino,2,-1,Ágata,5.0,5.25,8.4368530025,9.502,5.625,6.415,6.689320600500001,6.5625,2024
735,Feminino,2,-1,Ametista,5.0,8.0,9.782608695499999,8.002,6.255,7.705,7.7888467391,6.8125,2024
735,Feminino,2,-1,Ametista,5.0,8.0,9.782608695499999,8.002,6.255,7.705,7.7888467391,8.333333333,2024
735,Feminino,2,-1,Ametista,5.0,8.0,9.782608695499999,8.002,6.255,7.705,7.7888467391,7.65625,2024
712,Masculino,2,-1,Ágata,5.0,6.75,5.983436853,7.502,5.625,6.04,6.2236373706000006,6.25,2024
712,Masculino,2,-1,Ágata,5.0,6.75,5.983436853,7.502,5.625,6.04,6.2236373706000006,7.5,2024
712,Masculino,2,-1,Ágata,5.0,6.75,5.983436853,7.502,5.625,6.04,6.2236373706000006,6.5625,2024
1103,Masculino,2,0,Ametista,10.0,7.25,7.763975155000001,8.502,7.51,7.54,7.861995031000001,8.333333333,2024
1103,Masculino,2,0,Ametista,10.0,7.25,7.763975155000001,8.502,7.51,7.54,7.861995031000001,7.5,2024
570,Feminino,2,-1,Ágata,5.0,6.75,8.0020703935,8.002,5.625,6.4075,6.8133640787,7.4979166666,2024
570,Feminino,2,-1,Ágata,5.0,6.75,8.0020703935,8.002,5.625,6.4075,6.8133640787,8.125,2024
570,Feminino,2,-1,Ágata,5.0,6.75,8.0020703935,8.002,5.625,6.4075,6.8133640787,7.1875,2024
713,Masculino,2,0,Ametista,10.0,6.75,7.525879916999999,8.002,7.51,6.79,7.467500983400001,6.0416666668,2024
713,Masculino,2,0,Ametista,10.0,6.75,7.525879916999999,8.002,7.51,6.79,7.467500983400001,6.875,2024
713,Masculino,2,0,Ametista,10.0,6.75,7.525879916999999,8.002,7.51,6.79,7.467500983400001,7.03125,2024
714,Masculino,2,-1,Quartzo,5.0,4.0,6.873706004,0.0,6.255,6.9975,5.4653662008,6.9166666668,2024
714,Masculino,2,-1,Quartzo,5.0,4.0,6.873706004,0.0,6.255,6.9975,5.4653662008,7.5,2024
714,Masculino,2,-1,Quartzo,5.0,4.0,6.873706004,0.0,6.255,6.9975,5.4653662008,7.65625,2024
737,Feminino,2,0,Topázio,10.0,9.25,8.6542443065,8.502,6.885,8.0,8.4695488613,8.75,2024
737,Feminino,2,0,Topázio,10.0,9.25,8.6542443065,8.502,6.885,8.0,8.4695488613,7.291666667,2024
737,Feminino,2,0,Topázio,10.0,9.25,8.6542443065,8.502,6.885,8.0,8.4695488613,7.5,2024
1474,Feminino,2,0,Ametista,10.0,7.5,7.960662526,8.002,5.625,6.2875,7.384207505200001,6.71875,2024
1036,Feminino,2,0,Topázio,10.0,7.0,9.0890269155,10.002,7.51,7.7475,8.2841303831,9.0625,2024
1036,Feminino,2,0,Topázio,10.0,7.0,9.0890269155,10.002,7.51,7.7475,8.2841303831,7.65625,2024
576,Feminino,2,0,Topázio,10.0,9.25,10.0,8.502,7.51,8.4975,8.93195,7.5625,2024
576,Feminino,2,0,Topázio,10.0,9.25,10.0,8.502,7.51,8.4975,8.93195,9.21875,2024
576,Feminino,2,0,Topázio,10.0,9.25,10.0,8.502,7.51,8.4975,8.93195,7.8125,2024
577,Feminino,2,-1,Ágata,5.0,8.0,5.7660455485,8.502,5.625,6.535,6.629159109700001,7.5833333334,2024
577,Feminino,2,-1,Ágata,5.0,8.0,5.7660455485,8.502,5.625,6.535,6.629159109700001,6.875,2024
577,Feminino,2,-1,Ágata,5.0,8.0,5.7660455485,8.502,5.625,6.535,6.629159109700001,6.5625,2024
580,Feminino,2,-1,Ametista,5.0,9.25,8.871635610999999,9.002,7.51,7.2475,7.9281521222,7.21875,2024
580,Feminino,2,-1,Ametista,5.0,9.25,8.871635610999999,9.002,7.51,7.2475,7.9281521222,8.75,2024
580,Feminino,2,-1,Ametista,5.0,9.25,8.871635610999999,9.002,7.51,7.2475,7.9281521222,7.03125,2024
581,Masculino,2,-1,Ametista,5.0,8.75,8.198757764,7.418,5.625,6.165,7.0833015528,6.604166666599999,2024
581,Masculino,2,-1,Ametista,5.0,8.75,8.198757764,7.418,5.625,6.165,7.0833015528,6.458333333,2024
581,Masculino,2,-1,Ametista,5.0,8.75,8.198757764,7.418,5.625,6.165,7.0833015528,6.5625,2024
841,Masculino,2,-1,Ágata,5.0,3.25,6.3272311215000006,10.002,7.51,5.83,6.035771224300001,6.28125,2024
841,Masculino,2,-1,Ágata,5.0,3.25,6.3272311215000006,10.002,7.51,5.83,6.035771224300001,7.5,2024
841,Masculino,2,-1,Ágata,5.0,3.25,6.3272311215000006,10.002,7.51,5.83,6.035771224300001,7.03125,2024
730,Feminino,2,0,Topázio,10.0,9.5,7.152777778,8.002,6.885,8.666666667,8.469255555700002,7.15625,2024
730,Feminino,2,0,Topázio,10.0,9.5,7.152777778,8.002,6.885,8.666666667,8.469255555700002,9.53125,2024
730,Feminino,2,0,Topázio,10.0,9.5,7.152777778,8.002,6.885,8.666666667,8.469255555700002,9.166666667,2024
855,Feminino,2,0,Topázio,10.0,8.5,10.0,9.002,7.51,7.386666667,8.578533333400001,7.75,2024
855,Feminino,2,0,Topázio,10.0,8.5,10.0,9.002,7.51,7.386666667,8.578533333400001,8.4375,2024
855,Feminino,2,0,Topázio,10.0,8.5,10.0,9.002,7.51,7.386666667,8.578533333400001,7.5,2024
820,Masculino,2,0,Ametista,10.0,6.25,6.573529412,10.002,7.51,6.386666667,7.426572549100001,6.5520833334,2024
820,Masculino,2,0,Ametista,10.0,6.25,6.573529412,10.002,7.51,6.386666667,7.426572549100001,9.0625,2024
820,Masculino,2,0,Ametista,10.0,6.25,6.573529412,10.002,7.51,6.386666667,7.426572549100001,8.333333333,2024
715,Feminino,2,0,Quartzo,10.0,2.75,5.250626566499999,9.002,3.755,4.67,5.3098253133,6.833333333400001,2024
715,Feminino,2,0,Quartzo,10.0,2.75,5.250626566499999,9.002,3.755,4.67,5.3098253133,5.625,2024
715,Feminino,2,0,Quartzo,10.0,2.75,5.250626566499999,9.002,3.755,4.67,5.3098253133,5.0,2024
1038,Feminino,2,0,Ametista,10.0,8.5,7.5438596495,8.002,7.51,7.273333333,7.9646385965,8.90625,2024
1038,Feminino,2,0,Ametista,10.0,8.5,7.5438596495,8.002,7.51,7.273333333,7.9646385965,7.5,2024
1475,Feminino,2,0,Ametista,10.0,5.0,8.070175439,9.002,7.51,6.993333333,7.413901754400001,7.5,2024
1039,Masculino,2,-1,Ametista,5.0,7.25,9.722222222,8.002,7.51,6.77,7.549644444400001,8.125,2024
1039,Masculino,2,-1,Ametista,5.0,7.25,9.722222222,8.002,7.51,6.77,7.549644444400001,7.5,2024
745,Masculino,2,0,Topázio,10.0,8.5,10.0,9.002,6.26,8.17,8.6102,7.1979166666,2024
745,Masculino,2,0,Topázio,10.0,8.5,10.0,9.002,6.26,8.17,8.6102,8.125,2024
745,Masculino,2,0,Topázio,10.0,8.5,10.0,9.002,6.26,8.17,8.6102,7.5,2024
718,Feminino,2,1,Topázio,10.0,9.5,9.5138888885,10.002,5.635,7.946666667,8.705811111100001,7.0,2024
718,Feminino,2,1,Topázio,10.0,9.5,9.5138888885,10.002,5.635,7.946666667,8.705811111100001,7.916666667,2024
718,Feminino,2,1,Topázio,10.0,9.5,9.5138888885,10.002,5.635,7.946666667,8.705811111100001,7.5,2024
1040,Masculino,2,-1,Ametista,5.0,8.25,8.5416666665,9.502,7.51,7.273333333,7.764199999900001,7.8125,2024
1040,Masculino,2,-1,Ametista,5.0,8.25,8.5416666665,9.502,7.51,7.273333333,7.764199999900001,7.5,2024
746,Masculino,2,0,Ametista,10.0,8.0,7.4305555555,8.502,7.51,7.33,7.903311111100001,7.0416666666,2024
746,Masculino,2,0,Ametista,10.0,8.0,7.4305555555,8.502,7.51,7.33,7.903311111100001,6.875,2024
746,Masculino,2,0,Ametista,10.0,8.0,7.4305555555,8.502,7.51,7.33,7.903311111100001,7.5,2024
1069,Masculino,2,0,Ametista,10.0,6.25,7.0760869565,9.002,7.51,7.75,7.678917391300001,8.125,2024
1069,Masculino,2,0,Ametista,10.0,6.25,7.0760869565,9.002,7.51,7.75,7.678917391300001,8.125,2024
1476,Feminino,2,0,Topázio,10.0,8.5,10.0,9.502,5.635,8.7525,8.80795,8.4375,2024
827,Feminino,2,0,Topázio,10.0,7.25,9.782608695499999,10.002,5.01,7.875,8.2483467391,7.75,2024
827,Feminino,2,0,Topázio,10.0,7.25,9.782608695499999,10.002,5.01,7.875,8.2483467391,8.28125,2024
827,Feminino,2,0,Topázio,10.0,7.25,9.782608695499999,10.002,5.01,7.875,8.2483467391,7.65625,2024
1477,Masculino,2,0,Ametista,10.0,5.0,8.010869565,8.002,7.51,6.2875,7.0514989130000005,6.40625,2024
762,Masculino,2,-2,Quartzo,5.0,3.75,6.4239130435,10.002,6.26,5.7525,5.9677326087,6.28125,2024
762,Masculino,2,-2,Quartzo,5.0,3.75,6.4239130435,10.002,6.26,5.7525,5.9677326087,7.8125,2024
762,Masculino,2,-2,Quartzo,5.0,3.75,6.4239130435,10.002,6.26,5.7525,5.9677326087,6.5625,2024
778,Feminino,2,0,Topázio,10.0,7.0,8.1235697945,10.002,7.51,7.7475,8.0754139589,8.125,2024
778,Feminino,2,0,Topázio,10.0,7.0,8.1235697945,10.002,7.51,7.7475,8.0754139589,8.90625,2024
778,Feminino,2,0,Topázio,10.0,7.0,8.1235697945,10.002,7.51,7.7475,8.0754139589,7.5,2024
591,Masculino,2,-1,Ágata,5.0,7.5,7.913043478500001,7.418,6.255,6.54,6.8360336957,6.3750000002,2024
591,Masculino,2,-1,Ágata,5.0,7.5,7.913043478500001,7.418,6.255,6.54,6.8360336957,5.833333333,2024
591,Masculino,2,-1,Ágata,5.0,7.5,7.913043478500001,7.418,6.255,6.54,6.8360336957,5.78125,2024
1478,Masculino,2,0,Ágata,10.0,4.25,6.666666667,8.002,6.255,7.1225,6.7210333334,6.875,2024
829,Feminino,2,1,Topázio,10.0,8.0,9.75,9.502,9.38,9.215,9.171825000000002,6.5,2024
829,Feminino,2,1,Topázio,10.0,8.0,9.75,9.502,9.38,9.215,9.171825000000002,9.21875,2024
829,Feminino,2,1,Topázio,10.0,8.0,9.75,9.502,9.38,9.215,9.171825000000002,8.90625,2024
1479,Masculino,2,0,Ágata,10.0,4.25,6.1965811965,8.502,7.51,6.0325,6.615766239300001,7.1875,2024
1480,Masculino,2,-1,Ametista,5.0,5.5,8.875,8.502,7.51,6.9975,7.09445,7.1875,2024
438,Masculino,2,-1,Ametista,5.0,8.25,8.6630434785,9.168,7.51,7.915,7.930283695700001,7.3333333332,2024
438,Masculino,2,-1,Ametista,5.0,8.25,8.6630434785,9.168,7.51,7.915,7.930283695700001,6.458333333,2024
438,Masculino,2,-1,Ametista,5.0,8.25,8.6630434785,9.168,7.51,7.915,7.930283695700001,7.96875,2024
607,Masculino,2,0,Ametista,10.0,7.0,7.4782608695,8.502,7.51,7.165,7.6486021739000005,6.3333333332,2024
607,Masculino,2,0,Ametista,10.0,7.0,7.4782608695,8.502,7.51,7.165,7.6486021739000005,7.96875,2024
607,Masculino,2,0,Ametista,10.0,7.0,7.4782608695,8.502,7.51,7.165,7.6486021739000005,7.1875,2024
1481,Feminino,2,-1,Ágata,5.0,4.75,8.782608695499999,8.502,7.51,6.8275,6.860721739100001,6.875,2024
1482,Masculino,2,-1,Quartzo,5.0,0.0,5.0,8.502,7.51,6.8725,5.2257,7.5,2024
1483,Masculino,2,0,Ametista,10.0,6.5,7.913043478500001,9.502,7.51,5.7475,7.311433695700001,5.78125,2024
1484,Feminino,2,-1,Ametista,5.0,7.0,10.0,9.002,6.26,7.89,7.754200000000001,7.5,2024
1485,Masculino,2,-1,Ágata,5.0,5.0,7.7432712215,9.002,5.625,7.386666667,6.7386875776999995,7.5,2024
1486,Masculino,2,0,Ágata,10.0,5.75,5.431372549,8.002,6.26,7.056666667,6.865474509900001,7.916666667,2024
597,Masculino,2,0,Ametista,10.0,6.0,9.3271221535,9.002,7.51,6.883333333,7.843291097300001,7.4895833334,2024
597,Masculino,2,0,Ametista,10.0,6.0,9.3271221535,9.002,7.51,6.883333333,7.843291097300001,9.0625,2024
597,Masculino,2,0,Ametista,10.0,6.0,9.3271221535,9.002,7.51,6.883333333,7.843291097300001,7.5,2024
624,Masculino,2,0,Ametista,10.0,4.0,8.219461698,8.002,7.51,7.213333333,7.229425672900001,7.0937500002,2024
624,Masculino,2,0,Ametista,10.0,4.0,8.219461698,8.002,7.51,7.213333333,7.229425672900001,8.90625,2024
624,Masculino,2,0,Ametista,10.0,4.0,8.219461698,8.002,7.51,7.213333333,7.229425672900001,7.916666667,2024
1487,Feminino,2,-1,Topázio,5.0,8.25,9.5652173915,10.002,6.26,7.833333333,8.0267434782,7.708333333,2024
1488,Feminino,2,0,Ágata,10.0,3.5,7.111801242,8.002,7.51,6.716666667,6.7668935818000016,7.5,2024
1489,Masculino,2,-1,Quartzo,5.0,5.0,5.793478261000001,9.002,6.26,5.663333333,5.9842289855000015,6.666666667,2024
600,Feminino,2,0,Ametista,10.0,7.5,8.010869565,8.002,7.51,7.22,7.847373913,6.5000000002,2024
600,Feminino,2,0,Ametista,10.0,7.5,8.010869565,8.002,7.51,7.22,7.847373913,8.28125,2024
600,Feminino,2,0,Ametista,10.0,7.5,8.010869565,8.002,7.51,7.22,7.847373913,7.5,2024
663,Masculino,2,-1,Ágata,5.0,6.5,7.0910973085,8.502,5.625,6.89,6.696419461700001,6.6875,2024
663,Masculino,2,-1,Ágata,5.0,6.5,7.0910973085,8.502,5.625,6.89,6.696419461700001,6.666666667,2024
663,Masculino,2,-1,Ágata,5.0,6.5,7.0910973085,8.502,5.625,6.89,6.696419461700001,6.875,2024
1490,Feminino,2,-1,Ametista,5.0,7.75,9.5652173915,8.502,6.26,6.333333333,7.3725768116,6.666666667,2024
1491,Masculino,2,0,Ametista,10.0,6.5,6.25,9.002,7.51,7.78,7.5072,7.5,2024
1066,Feminino,2,0,Ametista,10.0,7.25,8.3954451345,9.502,6.26,7.386666667,7.9326223603,8.4375,2024
1066,Feminino,2,0,Ametista,10.0,7.25,8.3954451345,9.502,6.26,7.386666667,7.9326223603,7.5,2024
630,Masculino,2,0,Ágata,10.0,5.75,8.4782608695,0.0,7.51,7.666666667,6.879985507300001,7.21875,2024
630,Masculino,2,0,Ágata,10.0,5.75,8.4782608695,0.0,7.51,7.666666667,6.879985507300001,8.28125,2024
630,Masculino,2,0,Ágata,10.0,5.75,8.4782608695,0.0,7.51,7.666666667,6.879985507300001,7.5,2024
1492,Masculino,2,1,Topázio,10.0,8.0,8.8141025645,8.002,7.51,8.45,8.479020512900002,8.75,2024
834,Masculino,2,0,Topázio,10.0,8.75,9.109730849,8.002,6.26,8.723333333,8.513646169700001,8.65625,2024
834,Masculino,2,0,Topázio,10.0,8.75,9.109730849,8.002,6.26,8.723333333,8.513646169700001,9.6875,2024
834,Masculino,2,0,Topázio,10.0,8.75,9.109730849,8.002,6.26,8.723333333,8.513646169700001,7.708333333,2024
784,Feminino,2,0,Topázio,10.0,8.75,9.7727272725,8.002,5.635,9.4,8.8857454545,8.6875,2024
784,Feminino,2,0,Topázio,10.0,8.75,9.7727272725,8.002,5.635,9.4,8.8857454545,8.125,2024
784,Feminino,2,0,Topázio,10.0,8.75,9.7727272725,8.002,5.635,9.4,8.8857454545,9.375,2024
1059,Masculino,2,0,Topázio,10.0,7.5,10.0,8.002,6.26,9.23,8.678450000000002,7.96875,2024
1059,Masculino,2,0,Topázio,10.0,7.5,10.0,8.002,6.26,9.23,8.678450000000002,9.0625,2024
612,Feminino,2,0,Topázio,10.0,9.75,9.5454545455,8.002,6.26,9.4,9.134040909100001,7.5625,2024
612,Feminino,2,0,Topázio,10.0,9.75,9.5454545455,8.002,6.26,9.4,9.134040909100001,9.0625,2024
612,Feminino,2,0,Topázio,10.0,9.75,9.5454545455,8.002,6.26,9.4,9.134040909100001,9.6875,2024
1060,Masculino,2,0,Ágata,10.0,3.25,6.0,9.585,6.26,6.163333333,6.448416666600001,7.96875,2024
1060,Masculino,2,0,Ágata,10.0,3.25,6.0,9.585,6.26,6.163333333,6.448416666600001,7.8125,2024
761,Masculino,2,0,Topázio,10.0,7.25,8.8636363635,8.502,6.26,8.003333333,8.174593939300001,8.4270833332,2024
761,Masculino,2,0,Topázio,10.0,7.25,8.8636363635,8.502,6.26,8.003333333,8.174593939300001,8.333333333,2024
761,Masculino,2,0,Topázio,10.0,7.25,8.8636363635,8.502,6.26,8.003333333,8.174593939300001,8.75,2024
1493,Masculino,2,-1,Ágata,5.0,4.0,7.8468899525,8.502,7.51,5.946666667,6.378661323900001,7.1875,2024
665,Feminino,2,-1,Quartzo,5.0,4.75,5.068181818,8.334,5.63,5.443333333,5.698703030200001,6.8750000002,2024
665,Feminino,2,-1,Quartzo,5.0,4.75,5.068181818,8.334,5.63,5.443333333,5.698703030200001,8.28125,2024
665,Feminino,2,-1,Quartzo,5.0,4.75,5.068181818,8.334,5.63,5.443333333,5.698703030200001,7.5,2024
1115,Feminino,2,0,Ágata,10.0,6.25,4.2676767675,8.002,7.51,5.826666667,6.570068686900001,7.5,2024
1115,Feminino,2,0,Ágata,10.0,6.25,4.2676767675,8.002,7.51,5.826666667,6.570068686900001,7.5,2024
1061,Masculino,2,0,Topázio,10.0,8.5,10.0,8.502,6.26,8.73,8.76595,8.75,2024
1061,Masculino,2,0,Topázio,10.0,8.5,10.0,8.502,6.26,8.73,8.76595,8.4375,2024
1494,Feminino,2,0,Quartzo,10.0,4.25,6.7794117645,0.0,7.51,5.84,5.8748823529,7.5,2024
1495,Feminino,2,0,Topázio,10.0,8.25,8.318181818,9.002,7.51,8.223333333,8.4845030302,8.75,2024
606,Masculino,2,0,Ágata,10.0,3.25,7.6136363634999995,8.502,6.885,5.606666667,6.645260606100001,6.6458333332,2024
606,Masculino,2,0,Ágata,10.0,3.25,7.6136363634999995,8.502,6.885,5.606666667,6.645260606100001,7.65625,2024
606,Masculino,2,0,Ágata,10.0,3.25,7.6136363634999995,8.502,6.885,5.606666667,6.645260606100001,8.125,2024
594,Masculino,2,0,Ágata,10.0,7.0,5.75,6.918,6.26,6.053333333,6.890966666600001,6.208333333400001,2024
594,Masculino,2,0,Ágata,10.0,7.0,5.75,6.918,6.26,6.053333333,6.890966666600001,6.875,2024
594,Masculino,2,0,Ágata,10.0,7.0,5.75,6.918,6.26,6.053333333,6.890966666600001,8.125,2024
1496,Feminino,2,0,Ágata,10.0,4.25,5.714285714500001,9.002,7.51,6.773333333,6.7799738095,7.8125,2024
1497,Feminino,2,0,Quartzo,10.0,2.0,5.0227272725,0.0,7.51,6.996666667,5.2423787879,6.875,2024
1498,Feminino,2,-1,Ametista,5.0,7.0,7.840909091,8.502,7.51,6.33,7.147881818200001,8.125,2024
1499,Feminino,2,0,Ametista,10.0,6.5,9.25,8.418,6.885,7.11,7.914800000000001,8.125,2024
788,Masculino,2,0,Ametista,10.0,5.75,9.519450801,8.418,6.26,7.783333333,7.9221068268,7.0,2024
788,Masculino,2,0,Ametista,10.0,5.75,9.519450801,8.418,6.26,7.783333333,7.9221068268,7.65625,2024
788,Masculino,2,0,Ametista,10.0,5.75,9.519450801,8.418,6.26,7.783333333,7.9221068268,8.4375,2024
1500,Masculino,2,0,Ametista,10.0,3.5,8.3333333335,9.502,6.885,7.556666667,7.360450000100002,8.4375,2024
777,Feminino,2,0,Ametista,10.0,4.5,8.7757437075,8.002,7.51,7.723333333,7.563515408100001,6.4583333332,2024
777,Feminino,2,0,Ametista,10.0,4.5,8.7757437075,8.002,7.51,7.723333333,7.563515408100001,8.28125,2024
777,Feminino,2,0,Ametista,10.0,4.5,8.7757437075,8.002,7.51,7.723333333,7.563515408100001,8.125,2024
1063,Masculino,2,-1,Ametista,5.0,7.75,9.75,5.25,7.51,6.11,7.279250000000001,6.40625,2024
1063,Masculino,2,-1,Ametista,5.0,7.75,9.75,5.25,7.51,6.11,7.279250000000001,7.8125,2024
664,Feminino,2,0,Ametista,10.0,5.75,6.7734553775,9.002,7.51,7.666666667,7.5017244089,7.6458333332,2024
664,Feminino,2,0,Ametista,10.0,5.75,6.7734553775,9.002,7.51,7.666666667,7.5017244089,7.916666667,2024
664,Feminino,2,0,Ametista,10.0,5.75,6.7734553775,9.002,7.51,7.666666667,7.5017244089,8.125,2024
1501,Feminino,2,0,Topázio,10.0,5.0,10.0,9.502,7.51,7.5,8.04495,8.4375,2024
764,Masculino,2,0,Ametista,10.0,6.0,7.8804347825,8.002,7.51,8.336666667,7.838370289900001,6.4166666666,2024
764,Masculino,2,0,Ametista,10.0,6.0,7.8804347825,8.002,7.51,8.336666667,7.838370289900001,8.28125,2024
764,Masculino,2,0,Ametista,10.0,6.0,7.8804347825,8.002,7.51,8.336666667,7.838370289900001,8.4375,2024
1064,Masculino,2,0,Topázio,10.0,8.5,9.7368421055,9.502,7.51,8.783333333,8.9802350877,9.375,2024
1064,Masculino,2,0,Topázio,10.0,8.5,9.7368421055,9.502,7.51,8.783333333,8.9802350877,8.75,2024
1065,Feminino,2,0,Topázio,10.0,9.25,8.8152173915,9.502,6.26,8.84,8.8634934783,8.4375,2024
1065,Feminino,2,0,Topázio,10.0,9.25,8.8152173915,9.502,6.26,8.84,8.8634934783,9.0625,2024
1502,Feminino,2,-1,Ágata,5.0,5.25,7.628205128,8.002,7.51,7.39,6.886091025600001,7.8125,2024
781,Feminino,2,0,Topázio,10.0,7.25,9.75,8.002,7.51,8.506666667,8.496283333400001,7.625,2024
781,Feminino,2,0,Topázio,10.0,7.25,9.75,8.002,7.51,8.506666667,8.496283333400001,8.4375,2024
781,Feminino,2,0,Topázio,10.0,7.25,9.75,8.002,7.51,8.506666667,8.496283333400001,8.4375,2024
608,Masculino,2,0,Quartzo,10.0,4.25,3.054347826,9.002,6.885,5.053333333,5.778986231800001,6.7812500002,2024
608,Masculino,2,0,Quartzo,10.0,4.25,3.054347826,9.002,6.885,5.053333333,5.778986231800001,7.96875,2024
608,Masculino,2,0,Quartzo,10.0,4.25,3.054347826,9.002,6.885,5.053333333,5.778986231800001,7.1875,2024
796,Feminino,2,-1,Ametista,5.0,5.25,8.2212885155,8.502,7.51,7.326666667,7.052457703200001,7.3854166666,2024
796,Feminino,2,-1,Ametista,5.0,5.25,8.2212885155,8.502,7.51,7.326666667,7.052457703200001,7.083333333,2024
796,Feminino,2,-1,Ametista,5.0,5.25,8.2212885155,8.502,7.51,7.326666667,7.052457703200001,7.916666667,2024
797,Masculino,2,-1,Ágata,5.0,7.25,4.840909091,9.168,7.51,6.723333333,6.597315151500001,6.28125,2024
797,Masculino,2,-1,Ágata,5.0,7.25,4.840909091,9.168,7.51,6.723333333,6.597315151500001,6.041666667,2024
797,Masculino,2,-1,Ágata,5.0,7.25,4.840909091,9.168,7.51,6.723333333,6.597315151500001,6.666666667,2024
636,Masculino,2,0,Ágata,10.0,5.25,4.9043062200000005,8.002,7.51,5.553333333,6.3802279106,6.125,2024
636,Masculino,2,0,Ágata,10.0,5.25,4.9043062200000005,8.002,7.51,5.553333333,6.3802279106,8.333333333,2024
636,Masculino,2,0,Ágata,10.0,5.25,4.9043062200000005,8.002,7.51,5.553333333,6.3802279106,6.875,2024
1140,Feminino,2,0,Ametista,10.0,7.0,6.112440191499999,6.834,7.51,7.39,7.3473880383,7.708333333,2024
1140,Feminino,2,0,Ametista,10.0,7.0,6.112440191499999,6.834,7.51,7.39,7.3473880383,8.125,2024
1503,Feminino,2,-1,Ágata,5.0,2.75,10.0,7.502,7.51,7.723333333,6.991699999900001,8.958333333,2024
814,Masculino,2,0,Ametista,10.0,7.5,9.090909091,7.418,7.51,7.053333333,7.971648484800001,6.625,2024
814,Masculino,2,0,Ametista,10.0,7.5,9.090909091,7.418,7.51,7.053333333,7.971648484800001,8.333333333,2024
814,Masculino,2,0,Ametista,10.0,7.5,9.090909091,7.418,7.51,7.053333333,7.971648484800001,7.5,2024
637,Feminino,2,0,Ametista,10.0,7.75,6.2272727275,7.502,7.51,7.776666667,7.6853212122,7.3020833332,2024
637,Feminino,2,0,Ametista,10.0,7.75,6.2272727275,7.502,7.51,7.776666667,7.6853212122,8.333333333,2024
637,Feminino,2,0,Ametista,10.0,7.75,6.2272727275,7.502,7.51,7.776666667,7.6853212122,8.333333333,2024
652,Feminino,2,0,Ametista,10.0,5.5,6.931818182000001,8.002,7.51,7.663333333,7.361896969700001,7.6041666666,2024
652,Feminino,2,0,Ametista,10.0,5.5,6.931818182000001,8.002,7.51,7.663333333,7.361896969700001,8.125,2024
652,Feminino,2,0,Ametista,10.0,5.5,6.931818182000001,8.002,7.51,7.663333333,7.361896969700001,7.916666667,2024
816,Feminino,2,0,Topázio,10.0,9.25,9.7727272725,7.002,7.51,8.786666667,8.929745454599999,7.5,2024
816,Feminino,2,0,Topázio,10.0,9.25,9.7727272725,7.002,7.51,8.786666667,8.929745454599999,9.583333333,2024
816,Feminino,2,0,Topázio,10.0,9.25,9.7727272725,7.002,7.51,8.786666667,8.929745454599999,9.166666667,2024
1504,Feminino,2,-1,Ágata,5.0,6.75,4.6136363634999995,7.5,5.63,6.94,6.057060605999999,5.833333333,2024
638,Feminino,2,0,Ágata,10.0,5.0,5.7272727275,8.502,7.51,5.936666667,6.7464878789,6.875,2024
638,Feminino,2,0,Ágata,10.0,5.0,5.7272727275,8.502,7.51,5.936666667,6.7464878789,8.333333333,2024
638,Feminino,2,0,Ágata,10.0,5.0,5.7272727275,8.502,7.51,5.936666667,6.7464878789,8.125,2024
1505,Masculino,2,-1,Ágata,5.0,3.75,7.5252525255,9.502,7.51,6.943333333,6.7199171717,8.75,2024
643,Masculino,2,-1,Ágata,5.0,4.5,6.8660287085,9.002,7.51,5.826666667,6.402239075100001,6.729166666599999,2024
643,Masculino,2,-1,Ágata,5.0,4.5,6.8660287085,9.002,7.51,5.826666667,6.402239075100001,6.041666667,2024
643,Masculino,2,-1,Ágata,5.0,4.5,6.8660287085,9.002,7.51,5.826666667,6.402239075100001,8.125,2024
645,Feminino,2,0,Ametista,10.0,5.25,8.3863636365,7.418,7.51,7.556666667,7.502239394,6.75,2024
645,Feminino,2,0,Ametista,10.0,5.25,8.3863636365,7.418,7.51,7.556666667,7.502239394,8.125,2024
645,Feminino,2,0,Ametista,10.0,5.25,8.3863636365,7.418,7.51,7.556666667,7.502239394,7.708333333,2024
1068,Masculino,2,0,Topázio,10.0,9.5,9.068181818,9.502,7.51,8.73,9.0150030303,9.166666667,2024
1068,Masculino,2,0,Topázio,10.0,9.5,9.068181818,9.502,7.51,8.73,9.0150030303,8.541666667,2024
798,Masculino,2,-1,Quartzo,5.0,4.75,3.5064935065,6.834,7.51,2.943333333,4.6743653679,6.53125,2024
798,Masculino,2,-1,Quartzo,5.0,4.75,3.5064935065,6.834,7.51,2.943333333,4.6743653679,6.458333333,2024
798,Masculino,2,-1,Quartzo,5.0,4.75,3.5064935065,6.834,7.51,2.943333333,4.6743653679,5.0,2024
799,Feminino,2,0,Ametista,10.0,5.25,9.090909091,7.918,7.51,7.5,7.702648484900001,7.4479166666,2024
799,Feminino,2,0,Ametista,10.0,5.25,9.090909091,7.918,7.51,7.5,7.702648484900001,8.333333333,2024
799,Feminino,2,0,Ametista,10.0,5.25,9.090909091,7.918,7.51,7.5,7.702648484900001,7.916666667,2024
1506,Feminino,2,0,Ametista,10.0,3.5,8.3874458875,8.002,7.51,7.886666667,7.151855844200001,6.458333333,2024
802,Masculino,2,0,Ametista,10.0,8.75,7.012987013,7.502,7.51,6.723333333,7.8317974024999994,6.6666666666,2024
802,Masculino,2,0,Ametista,10.0,8.75,7.012987013,7.502,7.51,6.723333333,7.8317974024999994,8.333333333,2024
802,Masculino,2,0,Ametista,10.0,8.75,7.012987013,7.502,7.51,6.723333333,7.8317974024999994,8.333333333,2024
1507,Masculino,2,-1,Quartzo,5.0,5.0,4.448051948,6.918,7.51,3.776666667,5.046077056300001,4.583333333,2024
1071,Masculino,2,-1,Quartzo,5.0,4.5,4.188311688500001,8.002,7.51,2.996666667,4.8048623378,5.625,2024
1071,Masculino,2,-1,Quartzo,5.0,4.5,4.188311688500001,8.002,7.51,2.996666667,4.8048623378,4.166666667,2024
1508,Feminino,2,0,Topázio,10.0,9.25,7.2294372295,7.502,7.51,8.166666667,8.1804207793,7.5,2024
1509,Masculino,2,0,Ametista,10.0,7.5,6.5151515155,8.502,7.51,7.446666667,7.560230303200001,6.666666667,2024
1510,Feminino,2,0,Topázio,10.0,10.0,9.7727272725,10.002,7.51,9.003333333,9.464745454400001,9.583333333,2024
785,Feminino,2,0,Topázio,10.0,9.0,10.0,9.502,7.51,8.893333333,9.1548666666,7.75,2024
785,Feminino,2,0,Topázio,10.0,9.0,10.0,9.502,7.51,8.893333333,9.1548666666,7.916666667,2024
785,Feminino,2,0,Topázio,10.0,9.0,10.0,9.502,7.51,8.893333333,9.1548666666,8.75,2024
1511,Feminino,2,0,Topázio,10.0,8.75,9.3271221535,10.002,7.51,8.556666667,8.9217077641,8.4375,2024
752,Feminino,2,-1,Ágata,5.0,5.75,7.525879916999999,9.502,7.51,5.613333333,6.57279265,8.0,2024
752,Feminino,2,-1,Ágata,5.0,5.75,7.525879916999999,9.502,7.51,5.613333333,6.57279265,7.65625,2024
752,Feminino,2,-1,Ágata,5.0,5.75,7.525879916999999,9.502,7.51,5.613333333,6.57279265,5.9375,2024
790,Masculino,2,-1,Ágata,5.0,6.75,6.811594203,7.502,7.51,6.883333333,6.8089355072,7.375,2024
790,Masculino,2,-1,Ágata,5.0,6.75,6.811594203,7.502,7.51,6.883333333,6.8089355072,7.083333333,2024
790,Masculino,2,-1,Ágata,5.0,6.75,6.811594203,7.502,7.51,6.883333333,6.8089355072,7.1875,2024
590,Feminino,2,-1,Ágata,5.0,4.0,8.457556936,8.002,6.26,7.723333333,6.712378053800001,7.9166666666,2024
590,Feminino,2,-1,Ágata,5.0,4.0,8.457556936,8.002,6.26,7.723333333,6.712378053800001,7.291666667,2024
590,Feminino,2,-1,Ágata,5.0,4.0,8.457556936,8.002,6.26,7.723333333,6.712378053800001,7.5,2024
1512,Feminino,2,0,Topázio,10.0,5.5,10.0,9.502,7.51,7.61,8.10445,7.8125,2024
472,Feminino,2,-1,Ágata,5.0,6.25,7.48447205,7.502,7.51,6.333333333,6.6397610766,7.3625,2024
472,Feminino,2,-1,Ágata,5.0,6.25,7.48447205,7.502,7.51,6.333333333,6.6397610766,7.708333333,2024
472,Feminino,2,-1,Ágata,5.0,6.25,7.48447205,7.502,7.51,6.333333333,6.6397610766,6.25,2024
628,Masculino,2,-1,Topázio,5.0,9.0,10.0,9.002,7.51,7.833333333,8.2366166666,7.2291666668,2024
628,Masculino,2,-1,Topázio,5.0,9.0,10.0,9.002,7.51,7.833333333,8.2366166666,8.28125,2024
628,Masculino,2,-1,Topázio,5.0,9.0,10.0,9.002,7.51,7.833333333,8.2366166666,7.1875,2024
1513,Feminino,2,-1,Ágata,5.0,3.75,7.5252525255,8.502,7.51,7.223333333,6.5509171717,7.5,2024
1514,Feminino,2,0,Ametista,10.0,5.5,7.979797980000001,9.002,7.51,7.273333333,7.520576262600001,7.1875,2024
629,Feminino,2,0,Topázio,10.0,6.0,9.523809524,10.002,7.51,7.276666667,8.061295238200001,7.5833333334,2024
629,Feminino,2,0,Topázio,10.0,6.0,9.523809524,10.002,7.51,7.276666667,8.061295238200001,7.916666667,2024
629,Feminino,2,0,Topázio,10.0,6.0,9.523809524,10.002,7.51,7.276666667,8.061295238200001,7.5,2024
832,Masculino,2,0,Topázio,10.0,8.0,8.695652174,9.002,7.51,7.5,8.2403304348,8.2604166666,2024
832,Masculino,2,0,Topázio,10.0,8.0,8.695652174,9.002,7.51,7.5,8.2403304348,7.708333333,2024
832,Masculino,2,0,Topázio,10.0,8.0,8.695652174,9.002,7.51,7.5,8.2403304348,7.5,2024
1515,Feminino,2,-1,Quartzo,5.0,3.5,6.6666666665,6.418,6.255,6.72,5.832133333300001,6.875,2024
833,Masculino,2,0,Topázio,10.0,8.0,9.3271221535,9.002,7.51,7.946666667,8.5184577641,6.3125,2024
833,Masculino,2,0,Topázio,10.0,8.0,9.3271221535,9.002,7.51,7.946666667,8.5184577641,8.4375,2024
833,Masculino,2,0,Topázio,10.0,8.0,9.3271221535,9.002,7.51,7.946666667,8.5184577641,8.125,2024
819,Masculino,2,1,Topázio,10.0,9.0,7.784679089,10.002,7.51,8.503333333,8.652552484400001,6.4166666666,2024
819,Masculino,2,1,Topázio,10.0,9.0,7.784679089,10.002,7.51,8.503333333,8.652552484400001,8.541666667,2024
819,Masculino,2,1,Topázio,10.0,9.0,7.784679089,10.002,7.51,8.503333333,8.652552484400001,8.4375,2024
1073,Feminino,3,0,Ametista,10.0,6.5,6.370972886666667,9.168,7.5,5.7875,7.0859945773333335,8.333333333,2024
1073,Feminino,3,0,Ametista,10.0,6.5,6.370972886666667,9.168,7.5,5.7875,7.0859945773333335,6.875,2024
494,Feminino,3,0,Ametista,10.0,6.333333333333333,7.329323308333333,7.5,8.755,8.915,7.922281328333334,6.8645833334,2024
494,Feminino,3,0,Ametista,10.0,6.333333333333333,7.329323308333333,7.5,8.755,8.915,7.922281328333334,7.708333333,2024
494,Feminino,3,0,Ametista,10.0,6.333333333333333,7.329323308333333,7.5,8.755,8.915,7.922281328333334,7.8125,2024
484,Masculino,3,0,Quartzo,10.0,0.0,3.9141382866666667,8.334,2.51,3.1225,3.8354776573333336,6.4479166666,2024
484,Masculino,3,0,Quartzo,10.0,0.0,3.9141382866666667,8.334,2.51,3.1225,3.8354776573333336,5.416666667,2024
484,Masculino,3,0,Quartzo,10.0,0.0,3.9141382866666667,8.334,2.51,3.1225,3.8354776573333336,3.4375,2024
496,Masculino,3,0,Ágata,10.0,5.666666666666667,5.315995871999999,10.002,6.255,6.1625,6.726607507733334,6.875,2024
496,Masculino,3,0,Ágata,10.0,5.666666666666667,5.315995871999999,10.002,6.255,6.1625,6.726607507733334,7.916666667,2024
496,Masculino,3,0,Ágata,10.0,5.666666666666667,5.315995871999999,10.002,6.255,6.1625,6.726607507733334,6.71875,2024
1516,Feminino,3,3,Ametista,10.0,4.666666666666667,5.404288499000001,9.585,9.38,7.5475,7.217066033133334,7.96875,2024
1143,Feminino,3,-3,Quartzo,2.5,3.1666666666666665,5.201336675,9.585,9.38,6.79,5.881225668333334,7.5,2024
1143,Feminino,3,-3,Quartzo,2.5,3.1666666666666665,5.201336675,9.585,9.38,6.79,5.881225668333334,7.03125,2024
1517,Masculino,3,-1,Ágata,5.0,4.666666666666667,4.305555555666667,9.168,9.38,6.7075,6.240744444466667,7.5,2024
1518,Feminino,3,-1,Quartzo,5.0,1.75,5.714285714333333,7.084,9.38,6.5825,5.721382142866666,7.65625,2024
227,Masculino,3,0,Topázio,10.0,6.5,8.097577276666668,9.585,9.38,7.54,8.074015455333335,5.6666666666,2024
227,Masculino,3,0,Topázio,10.0,6.5,8.097577276666668,9.585,9.38,7.54,8.074015455333335,8.28125,2024
227,Masculino,3,0,Topázio,10.0,6.5,8.097577276666668,9.585,9.38,7.54,8.074015455333335,7.5,2024
487,Feminino,3,0,Topázio,10.0,9.666666666666666,9.441269841333334,9.168,9.38,9.1725,9.4171373016,8.6875,2024
487,Feminino,3,0,Topázio,10.0,9.666666666666666,9.441269841333334,9.168,9.38,9.1725,9.4171373016,9.166666667,2024
487,Feminino,3,0,Topázio,10.0,9.666666666666666,9.441269841333334,9.168,9.38,9.1725,9.4171373016,9.0625,2024
1076,Feminino,3,0,Ametista,10.0,6.333333333333333,7.777033492666668,8.334,8.125,6.5425,7.479598365200001,8.333333333,2024
1076,Feminino,3,0,Ametista,10.0,6.333333333333333,7.777033492666668,8.334,8.125,6.5425,7.479598365200001,7.03125,2024
1084,Feminino,3,0,Ágata,10.0,3.6666666666666665,7.705263158,8.751,5.63,7.4575,6.9071109649333335,8.75,2024
1084,Feminino,3,0,Ágata,10.0,3.6666666666666665,7.705263158,8.751,5.63,7.4575,6.9071109649333335,7.03125,2024
1519,Masculino,3,3,Ametista,10.0,4.833333333333333,5.560902255666666,9.585,8.755,7.5025,7.210222117800001,7.96875,2024
490,Feminino,3,1,Ametista,10.0,6.166666666666667,5.5110047846666665,9.168,8.755,7.295,7.368084290266667,8.34375,2024
490,Feminino,3,1,Ametista,10.0,6.166666666666667,5.5110047846666665,9.168,8.755,7.295,7.368084290266667,8.541666667,2024
490,Feminino,3,1,Ametista,10.0,6.166666666666667,5.5110047846666665,9.168,8.755,7.295,7.368084290266667,7.8125,2024
346,Masculino,3,0,Ametista,10.0,6.166666666666667,9.149206349333333,10.002,2.51,8.2525,7.761749603200001,7.96875,2024
346,Masculino,3,0,Ametista,10.0,6.166666666666667,9.149206349333333,10.002,2.51,8.2525,7.761749603200001,7.96875,2024
346,Masculino,3,0,Ametista,10.0,6.166666666666667,9.149206349333333,10.002,2.51,8.2525,7.761749603200001,7.96875,2024
546,Feminino,3,0,Quartzo,10.0,4.666666666666667,3.7838383836666662,5.832,8.135,5.5,5.702426010066667,6.9583333334,2024
546,Feminino,3,0,Quartzo,10.0,4.666666666666667,3.7838383836666662,5.832,8.135,5.5,5.702426010066667,8.75,2024
546,Feminino,3,0,Quartzo,10.0,4.666666666666667,3.7838383836666662,5.832,8.135,5.5,5.702426010066667,5.15625,2024
1087,Feminino,3,0,Ágata,10.0,2.6666666666666665,8.393265993333333,7.917,8.755,6.58,6.913936532,8.75,2024
1087,Feminino,3,0,Ágata,10.0,2.6666666666666665,8.393265993333333,7.917,8.755,6.58,6.913936532,7.1875,2024
493,Feminino,3,1,Ametista,10.0,3.1666666666666665,8.933333333333334,10.002,10.0,6.705,7.4643250000000005,8.1041666666,2024
493,Feminino,3,1,Ametista,10.0,3.1666666666666665,8.933333333333334,10.002,10.0,6.705,7.4643250000000005,8.541666667,2024
493,Feminino,3,1,Ametista,10.0,3.1666666666666665,8.933333333333334,10.002,10.0,6.705,7.4643250000000005,7.03125,2024
1520,Feminino,3,-1,Ametista,5.0,3.75,9.060606060666666,8.334,8.75,7.3325,7.0026462121333335,7.65625,2024
1072,Masculino,3,0,Ametista,10.0,8.166666666666666,5.627886710333333,8.751,8.755,7.545,7.8153856754,8.125,2024
1072,Masculino,3,0,Ametista,10.0,8.166666666666666,5.627886710333333,8.751,8.755,7.545,7.8153856754,7.96875,2024
1521,Feminino,3,-1,Quartzo,5.0,3.1666666666666665,6.157902555,7.5,2.51,5.4525,5.065788844333333,6.09375,2024
536,Feminino,3,1,Ametista,10.0,5.5,9.109090909,8.334,8.135,7.415,7.7704681818,7.5520833332,2024
536,Feminino,3,1,Ametista,10.0,5.5,9.109090909,8.334,8.135,7.415,7.7704681818,8.333333333,2024
536,Feminino,3,1,Ametista,10.0,5.5,9.109090909,8.334,8.135,7.415,7.7704681818,7.1875,2024
1079,Masculino,3,0,Quartzo,10.0,6.333333333333333,4.516498316333333,7.5,2.51,4.1625,5.4253413299333335,7.083333333,2024
1079,Masculino,3,0,Quartzo,10.0,6.333333333333333,4.516498316333333,7.5,2.51,4.1625,5.4253413299333335,4.21875,2024
331,Feminino,3,-1,Ágata,5.0,3.5,7.735353535333334,8.751,8.755,5.62,6.231045707066668,6.6041666666,2024
331,Feminino,3,-1,Ágata,5.0,3.5,7.735353535333334,8.751,8.755,5.62,6.231045707066668,7.03125,2024
331,Feminino,3,-1,Ágata,5.0,3.5,7.735353535333334,8.751,8.755,5.62,6.231045707066668,6.09375,2024
1522,Masculino,3,0,Topázio,10.0,7.0,10.0,8.751,9.38,7.1275,8.3261,6.875,2024
1096,Feminino,3,1,Topázio,10.0,8.5,9.866666666666667,9.168,8.755,9.09,9.189883333333334,8.958333333,2024
1096,Feminino,3,1,Topázio,10.0,8.5,9.866666666666667,9.168,8.755,9.09,9.189883333333334,9.0625,2024
513,Masculino,3,1,Topázio,10.0,7.666666666666667,8.831746031666666,10.002,8.135,8.545,8.728632539666668,7.5625,2024
513,Masculino,3,1,Topázio,10.0,7.666666666666667,8.831746031666666,10.002,8.135,8.545,8.728632539666668,8.541666667,2024
513,Masculino,3,1,Topázio,10.0,7.666666666666667,8.831746031666666,10.002,8.135,8.545,8.728632539666668,9.0625,2024
531,Masculino,3,0,Ametista,10.0,6.666666666666667,9.803921568666667,9.168,4.38,7.335,7.9127926470666665,6.9375,2024
531,Masculino,3,0,Ametista,10.0,6.666666666666667,9.803921568666667,9.168,4.38,7.335,7.9127926470666665,8.75,2024
531,Masculino,3,0,Ametista,10.0,6.666666666666667,9.803921568666667,9.168,4.38,7.335,7.9127926470666665,7.96875,2024
1523,Masculino,3,1,Topázio,10.0,8.166666666666666,9.283272283333334,6.666,8.755,8.755,8.67371279,8.90625,2024
1524,Feminino,3,-1,Quartzo,5.0,4.0,2.777777777666667,7.917,7.51,6.9175,5.5473805555333335,7.65625,2024
1147,Feminino,3,-1,Quartzo,5.0,3.1666666666666665,6.125925926,8.751,8.755,5.495,5.833118518533334,7.1875,2024
1147,Feminino,3,-1,Quartzo,5.0,3.1666666666666665,6.125925926,8.751,8.755,5.495,5.833118518533334,6.25,2024
479,Masculino,3,1,Topázio,10.0,9.666666666666666,9.866666666666667,9.168,2.51,9.45,8.901966666666668,9.0208333334,2024
479,Masculino,3,1,Topázio,10.0,9.666666666666666,9.866666666666667,9.168,2.51,9.45,8.901966666666668,9.791666667,2024
479,Masculino,3,1,Topázio,10.0,9.666666666666666,9.866666666666667,9.168,2.51,9.45,8.901966666666668,9.375,2024
517,Feminino,3,0,Quartzo,10.0,5.0,5.266499582333334,7.5,2.51,6.11,5.880466583166668,7.9479166666,2024
517,Feminino,3,0,Quartzo,10.0,5.0,5.266499582333334,7.5,2.51,6.11,5.880466583166668,6.875,2024
517,Feminino,3,0,Quartzo,10.0,5.0,5.266499582333334,7.5,2.51,6.11,5.880466583166668,6.041666667,2024
325,Masculino,3,0,Topázio,10.0,7.0,9.866666666666667,9.168,7.51,7.553333333,8.385133333233336,7.3958333332,2024
325,Masculino,3,0,Topázio,10.0,7.0,9.866666666666667,9.168,7.51,7.553333333,8.385133333233336,8.125,2024
325,Masculino,3,0,Topázio,10.0,7.0,9.866666666666667,9.168,7.51,7.553333333,8.385133333233336,8.333333333,2024
1525,Masculino,3,0,Ametista,10.0,7.0,8.293650793666666,7.917,5.63,7.553333333,7.778263492033334,8.541666667,2024
518,Masculino,3,0,Ágata,10.0,4.0,6.8300751879999995,8.334,2.51,6.94,6.3467483709,6.5208333334,2024
518,Masculino,3,0,Ágata,10.0,4.0,6.8300751879999995,8.334,2.51,6.94,6.3467483709,8.125,2024
518,Masculino,3,0,Ágata,10.0,4.0,6.8300751879999995,8.334,2.51,6.94,6.3467483709,7.083333333,2024
1146,Feminino,3,-2,Quartzo,5.0,2.0,5.017209691,10.002,6.88,5.883333333,5.3933086048000005,7.1875,2024
1146,Feminino,3,-2,Quartzo,5.0,2.0,5.017209691,10.002,6.88,5.883333333,5.3933086048000005,6.25,2024
530,Masculino,3,0,Ametista,10.0,4.5,6.468838763666667,8.751,9.38,7.496666667,7.214534419433333,8.8854166666,2024
530,Masculino,3,0,Ametista,10.0,4.5,6.468838763666667,8.751,9.38,7.496666667,7.214534419433333,7.708333333,2024
530,Masculino,3,0,Ametista,10.0,4.5,6.468838763666667,8.751,9.38,7.496666667,7.214534419433333,7.083333333,2024
524,Masculino,3,0,Ametista,10.0,8.666666666666666,5.111779448666667,7.083,2.51,7.39,7.026322556366667,7.8958333332,2024
524,Masculino,3,0,Ametista,10.0,8.666666666666666,5.111779448666667,7.083,2.51,7.39,7.026322556366667,8.333333333,2024
524,Masculino,3,0,Ametista,10.0,8.666666666666666,5.111779448666667,7.083,2.51,7.39,7.026322556366667,8.333333333,2024
578,Masculino,3,1,Topázio,10.0,9.833333333333334,10.0,10.002,2.51,9.45,9.066199999966669,8.4583333334,2024
578,Masculino,3,1,Topázio,10.0,9.833333333333334,10.0,10.002,2.51,9.45,9.066199999966669,9.791666667,2024
578,Masculino,3,1,Topázio,10.0,9.833333333333334,10.0,10.002,2.51,9.45,9.066199999966669,9.583333333,2024
526,Masculino,3,-1,Ametista,5.0,7.333333333333333,9.382456140333334,9.585,8.13,7.496666667,7.843157894833334,8.2187499998,2024
526,Masculino,3,-1,Ametista,5.0,7.333333333333333,9.382456140333334,9.585,8.13,7.496666667,7.843157894833334,8.75,2024
526,Masculino,3,-1,Ametista,5.0,7.333333333333333,9.382456140333334,9.585,8.13,7.496666667,7.843157894833334,7.291666667,2024
528,Masculino,3,0,Ametista,10.0,6.666666666666667,5.793483709333334,9.168,7.51,6.936666667,7.276330075300001,6.8750000002,2024
528,Masculino,3,0,Ametista,10.0,6.666666666666667,5.793483709333334,9.168,7.51,6.936666667,7.276330075300001,8.75,2024
528,Masculino,3,0,Ametista,10.0,6.666666666666667,5.793483709333334,9.168,7.51,6.936666667,7.276330075300001,7.291666667,2024
516,Masculino,3,1,Topázio,10.0,8.833333333333334,10.0,10.002,2.51,7.56,8.384033333366668,7.90625,2024
516,Masculino,3,1,Topázio,10.0,8.833333333333334,10.0,10.002,2.51,7.56,8.384033333366668,8.75,2024
516,Masculino,3,1,Topázio,10.0,8.833333333333334,10.0,10.002,2.51,7.56,8.384033333366668,8.541666667,2024
534,Masculino,3,0,Ametista,10.0,5.0,6.043441938333333,9.585,7.51,7.103333333,7.088855054266667,7.2916666666,2024
534,Masculino,3,0,Ametista,10.0,5.0,6.043441938333333,9.585,7.51,7.103333333,7.088855054266667,8.125,2024
534,Masculino,3,0,Ametista,10.0,5.0,6.043441938333333,9.585,7.51,7.103333333,7.088855054266667,7.5,2024
1097,Masculino,3,-1,Quartzo,5.0,3.0,4.849791144666667,10.002,6.25,5.88,5.475324895633334,8.125,2024
1097,Masculino,3,-1,Quartzo,5.0,3.0,4.849791144666667,10.002,6.25,5.88,5.475324895633334,6.041666667,2024
360,Feminino,3,-1,Ágata,5.0,5.833333333333333,5.618045113,8.334,5.0,6.993333333,6.293175689166667,7.4375,2024
360,Feminino,3,-1,Ágata,5.0,5.833333333333333,5.618045113,8.334,5.0,6.993333333,6.293175689166667,7.34375,2024
360,Feminino,3,-1,Ágata,5.0,5.833333333333333,5.618045113,8.334,5.0,6.993333333,6.293175689166667,7.708333333,2024
1526,Feminino,3,0,Ametista,10.0,3.75,10.0,9.168,8.75,8.1275,7.9798,8.125,2024
1077,Masculino,3,0,Quartzo,10.0,2.0,7.703703703666666,0.0,6.885,6.37,5.543865740733334,8.75,2024
1077,Masculino,3,0,Quartzo,10.0,2.0,7.703703703666666,0.0,6.885,6.37,5.543865740733334,6.40625,2024
508,Masculino,3,1,Ágata,10.0,4.666666666666667,5.567251461999999,7.083,7.51,7.5,6.771708625733333,6.6249999998,2024
508,Masculino,3,1,Ágata,10.0,4.666666666666667,5.567251461999999,7.083,7.51,7.5,6.771708625733333,8.333333333,2024
508,Masculino,3,1,Ágata,10.0,4.666666666666667,5.567251461999999,7.083,7.51,7.5,6.771708625733333,7.65625,2024
363,Masculino,3,0,Ametista,10.0,5.333333333333333,9.523809524,9.585,5.625,6.955,7.617803571466666,7.135416666599999,2024
363,Masculino,3,0,Ametista,10.0,5.333333333333333,9.523809524,9.585,5.625,6.955,7.617803571466666,8.541666667,2024
363,Masculino,3,0,Ametista,10.0,5.333333333333333,9.523809524,9.585,5.625,6.955,7.617803571466666,7.34375,2024
340,Masculino,3,0,Ágata,10.0,5.166666666666667,6.585769980666666,7.917,7.51,5.83,6.715437329466668,7.3645833332,2024
340,Masculino,3,0,Ágata,10.0,5.166666666666667,6.585769980666666,7.917,7.51,5.83,6.715437329466668,9.166666667,2024
340,Masculino,3,0,Ágata,10.0,5.166666666666667,6.585769980666666,7.917,7.51,5.83,6.715437329466668,6.5625,2024
1527,Masculino,3,0,Topázio,10.0,8.0,10.0,9.168,7.51,7.835,8.631675000000001,7.96875,2024
509,Feminino,3,0,Ágata,10.0,6.0,6.363636363666667,9.168,2.51,7.2475,6.918152272733334,7.5625,2024
509,Feminino,3,0,Ágata,10.0,6.0,6.363636363666667,9.168,2.51,7.2475,6.918152272733334,8.958333333,2024
509,Feminino,3,0,Ágata,10.0,6.0,6.363636363666667,9.168,2.51,7.2475,6.918152272733334,8.28125,2024
500,Feminino,3,0,Topázio,10.0,6.666666666666667,10.0,9.585,2.51,8.3775,8.077708333333334,8.1354166666,2024
500,Feminino,3,0,Topázio,10.0,6.666666666666667,10.0,9.585,2.51,8.3775,8.077708333333334,8.958333333,2024
500,Feminino,3,0,Topázio,10.0,6.666666666666667,10.0,9.585,2.51,8.3775,8.077708333333334,8.59375,2024
1528,Masculino,3,0,Ametista,10.0,5.666666666666667,7.787878788,9.168,7.51,7.335,7.622584090933335,7.96875,2024
1089,Feminino,3,0,Ametista,10.0,6.833333333333333,7.039682539666667,9.168,8.13,6.995,7.6221531746,8.75,2024
1089,Feminino,3,0,Ametista,10.0,6.833333333333333,7.039682539666667,9.168,8.13,6.995,7.6221531746,7.1875,2024
1090,Masculino,3,0,Ametista,10.0,6.333333333333333,7.621832358666666,9.585,7.51,7.4175,7.7652831384,8.958333333,2024
1090,Masculino,3,0,Ametista,10.0,6.333333333333333,7.621832358666666,9.585,7.51,7.4175,7.7652831384,7.8125,2024
503,Masculino,3,1,Topázio,10.0,7.666666666666667,9.824561403666666,9.585,7.51,7.7925,8.547495614066667,6.9999999998,2024
503,Masculino,3,1,Topázio,10.0,7.666666666666667,9.824561403666666,9.585,7.51,7.7925,8.547495614066667,8.75,2024
503,Masculino,3,1,Topázio,10.0,7.666666666666667,9.824561403666666,9.585,7.51,7.7925,8.547495614066667,7.8125,2024
1093,Masculino,3,0,Topázio,10.0,8.666666666666666,7.722222222333333,7.5,8.13,8.8825,8.5079027778,8.958333333,2024
1093,Masculino,3,0,Topázio,10.0,8.666666666666666,7.722222222333333,7.5,8.13,8.8825,8.5079027778,8.90625,2024
1094,Feminino,3,0,Topázio,10.0,7.333333333333333,9.523809523666666,9.168,2.51,8.1675,8.0164785714,8.75,2024
1094,Feminino,3,0,Topázio,10.0,7.333333333333333,9.523809523666666,9.168,2.51,8.1675,8.0164785714,8.4375,2024
1095,Masculino,3,0,Ágata,10.0,2.3333333333333335,7.84502924,7.5,7.51,5.125,6.108547514666667,8.75,2024
1095,Masculino,3,0,Ágata,10.0,2.3333333333333335,7.84502924,7.5,7.51,5.125,6.108547514666667,5.46875,2024
1098,Feminino,3,0,Ágata,10.0,3.5,5.822406257,8.751,7.51,6.7475,6.5744562514,8.125,2024
1098,Feminino,3,0,Ágata,10.0,3.5,5.822406257,8.751,7.51,6.7475,6.5744562514,7.34375,2024
1106,Masculino,3,0,Quartzo,10.0,0.0,5.4312354313333335,8.334,7.51,7.5,5.936272086266667,8.333333333,2024
1106,Masculino,3,0,Quartzo,10.0,0.0,5.4312354313333335,8.334,7.51,7.5,5.936272086266667,7.65625,2024
568,Masculino,3,-2,Quartzo,5.0,5.166666666666667,3.2619047620000003,7.917,8.13,5.496,5.545864285733334,6.6145833334,2024
568,Masculino,3,-2,Quartzo,5.0,5.166666666666667,3.2619047620000003,7.917,8.13,5.496,5.545864285733334,8.125,2024
568,Masculino,3,-2,Quartzo,5.0,5.166666666666667,3.2619047620000003,7.917,8.13,5.496,5.545864285733334,6.5625,2024
558,Masculino,3,-2,Quartzo,5.0,3.0,3.7763975156666674,9.168,8.13,4.268,5.048054503133334,4.8125,2024
558,Masculino,3,-2,Quartzo,5.0,3.0,3.7763975156666674,9.168,8.13,4.268,5.048054503133334,6.458333333,2024
558,Masculino,3,-2,Quartzo,5.0,3.0,3.7763975156666674,9.168,8.13,4.268,5.048054503133334,6.09375,2024
559,Masculino,3,0,Ágata,10.0,3.1666666666666665,5.705128205,10.002,8.13,4.728,6.158158974333333,7.1875,2024
559,Masculino,3,0,Ágata,10.0,3.1666666666666665,5.705128205,10.002,8.13,4.728,6.158158974333333,8.958333333,2024
559,Masculino,3,0,Ágata,10.0,3.1666666666666665,5.705128205,10.002,8.13,4.728,6.158158974333333,6.25,2024
1529,Feminino,3,-1,Ágata,5.0,5.5,7.435897436,6.666,7.51,6.964,6.710079487200001,8.125,2024
1111,Feminino,3,1,Ágata,10.0,5.0,4.600414078666667,6.249,7.5,5.824,6.116032815733334,8.125,2024
1111,Feminino,3,1,Ágata,10.0,5.0,4.600414078666667,6.249,7.5,5.824,6.116032815733334,6.5625,2024
1108,Masculino,3,0,Ágata,10.0,3.6666666666666665,3.7546583853333337,9.168,8.13,5.422,6.017215010400001,8.541666667,2024
1108,Masculino,3,0,Ágata,10.0,3.6666666666666665,3.7546583853333337,9.168,8.13,5.422,6.017215010400001,7.1875,2024
542,Feminino,3,0,Ágata,10.0,3.9333333333333336,6.481366459666667,8.751,8.13,6.232,6.7205649586,7.1770833332,2024
542,Feminino,3,0,Ágata,10.0,3.9333333333333336,6.481366459666667,8.751,8.13,6.232,6.7205649586,8.75,2024
542,Feminino,3,0,Ágata,10.0,3.9333333333333336,6.481366459666667,8.751,8.13,6.232,6.7205649586,7.03125,2024
543,Feminino,3,1,Topázio,10.0,6.833333333333333,9.616977225666666,8.751,2.51,8.7,8.0467871118,7.1875,2024
543,Feminino,3,1,Topázio,10.0,6.833333333333333,9.616977225666666,8.751,2.51,8.7,8.0467871118,8.75,2024
543,Feminino,3,1,Topázio,10.0,6.833333333333333,9.616977225666666,8.751,2.51,8.7,8.0467871118,8.90625,2024
1530,Masculino,3,0,Quartzo,10.0,2.8333333333333335,2.5238095237666665,0.0,8.13,5.258,4.6391535714200005,7.03125,2024
555,Masculino,3,-1,Quartzo,5.0,4.333333333333333,2.7505175983333334,10.002,6.885,5.03,5.111470186333333,5.5625,2024
555,Masculino,3,-1,Quartzo,5.0,4.333333333333333,2.7505175983333334,10.002,6.885,5.03,5.111470186333333,6.25,2024
555,Masculino,3,-1,Quartzo,5.0,4.333333333333333,2.7505175983333334,10.002,6.885,5.03,5.111470186333333,5.0,2024
1531,Masculino,3,-1,Ametista,5.0,5.833333333333333,7.9726867336666665,8.751,7.505,7.14,7.0491790134,7.34375,2024
1099,Feminino,3,0,Ametista,10.0,3.8333333333333335,8.133333333333333,8.334,10.0,6.6225,7.332483333333334,8.333333333,2024
1099,Feminino,3,0,Ametista,10.0,3.8333333333333335,8.133333333333333,8.334,10.0,6.6225,7.332483333333334,7.8125,2024
1154,Masculino,3,-1,Ametista,5.0,8.0,9.200000000000001,7.917,7.51,6.745,7.5660750000000005,7.65625,2024
1154,Masculino,3,-1,Ametista,5.0,8.0,9.200000000000001,7.917,7.51,6.745,7.5660750000000005,7.34375,2024
1100,Masculino,3,1,Ágata,10.0,4.666666666666667,7.1000000000000005,7.5,7.51,5.6175,6.649708333333334,8.541666667,2024
1100,Masculino,3,1,Ágata,10.0,4.666666666666667,7.1000000000000005,7.5,7.51,5.6175,6.649708333333334,6.71875,2024
381,Masculino,3,-2,Quartzo,5.0,3.6666666666666665,6.133333333333333,8.334,7.51,6.1225,5.940775,6.5624999998,2024
381,Masculino,3,-2,Quartzo,5.0,3.6666666666666665,6.133333333333333,8.334,7.51,6.1225,5.940775,7.34375,2024
381,Masculino,3,-2,Quartzo,5.0,3.6666666666666665,6.133333333333333,8.334,7.51,6.1225,5.940775,6.71875,2024
364,Masculino,3,0,Topázio,10.0,7.5,9.526143791,8.751,7.51,7.2075,8.2697037582,7.9895833334,2024
364,Masculino,3,0,Topázio,10.0,7.5,9.526143791,8.751,7.51,7.2075,8.2697037582,7.03125,2024
364,Masculino,3,0,Topázio,10.0,7.5,9.526143791,8.751,7.51,7.2075,8.2697037582,7.96875,2024
539,Feminino,3,0,Topázio,10.0,5.833333333333333,9.233333333333333,10.002,7.51,9.13,8.465533333333335,8.1875,2024
539,Feminino,3,0,Topázio,10.0,5.833333333333333,9.233333333333333,10.002,7.51,9.13,8.465533333333335,9.166666667,2024
539,Feminino,3,0,Topázio,10.0,5.833333333333333,9.233333333333333,10.002,7.51,9.13,8.465533333333335,8.75,2024
573,Masculino,3,0,Ametista,10.0,5.0,9.5,9.168,8.755,6.8275,7.839050000000001,8.6770833332,2024
573,Masculino,3,0,Ametista,10.0,5.0,9.5,9.168,8.755,6.8275,7.839050000000001,8.541666667,2024
573,Masculino,3,0,Ametista,10.0,5.0,9.5,9.168,8.755,6.8275,7.839050000000001,7.8125,2024
1107,Feminino,3,0,Quartzo,10.0,2.5,6.2,8.751,2.51,6.785,5.9731,8.958333333,2024
1107,Feminino,3,0,Quartzo,10.0,2.5,6.2,8.751,2.51,6.785,5.9731,7.5,2024
368,Masculino,3,-1,Ágata,5.0,7.0,6.166666666666667,7.917,7.51,6.7025,6.782158333333333,6.9895833332,2024
368,Masculino,3,-1,Ágata,5.0,7.0,6.166666666666667,7.917,7.51,6.7025,6.782158333333333,7.03125,2024
368,Masculino,3,-1,Ágata,5.0,7.0,6.166666666666667,7.917,7.51,6.7025,6.782158333333333,7.65625,2024
387,Masculino,3,-1,Ágata,5.0,4.333333333333333,7.166666666666667,7.5,7.51,5.9975,6.125500000000001,6.2499999998,2024
387,Masculino,3,-1,Ágata,5.0,4.333333333333333,7.166666666666667,7.5,7.51,5.9975,6.125500000000001,6.875,2024
387,Masculino,3,-1,Ágata,5.0,4.333333333333333,7.166666666666667,7.5,7.51,5.9975,6.125500000000001,6.25,2024
556,Feminino,3,0,Quartzo,10.0,3.8333333333333335,6.171428571333333,7.083,2.51,6.1625,5.833377380933333,7.5520833332,2024
556,Feminino,3,0,Quartzo,10.0,3.8333333333333335,6.171428571333333,7.083,2.51,6.1625,5.833377380933333,9.166666667,2024
556,Feminino,3,0,Quartzo,10.0,3.8333333333333335,6.171428571333333,7.083,2.51,6.1625,5.833377380933333,6.40625,2024
389,Masculino,3,0,Ametista,10.0,5.166666666666667,6.674358974333333,9.585,8.76,6.745,7.2079551282,7.7291666666,2024
389,Masculino,3,0,Ametista,10.0,5.166666666666667,6.674358974333333,9.585,8.76,6.745,7.2079551282,8.75,2024
389,Masculino,3,0,Ametista,10.0,5.166666666666667,6.674358974333333,9.585,8.76,6.745,7.2079551282,6.5625,2024
390,Feminino,3,0,Ágata,10.0,4.166666666666667,6.080701754333333,7.5,8.755,6.08,6.5472236842000004,7.21875,2024
390,Feminino,3,0,Ágata,10.0,4.166666666666667,6.080701754333333,7.5,8.755,6.08,6.5472236842000004,7.34375,2024
390,Feminino,3,0,Ágata,10.0,4.166666666666667,6.080701754333333,7.5,8.755,6.08,6.5472236842000004,6.5625,2024
376,Feminino,3,-1,Quartzo,5.0,2.8333333333333335,8.287284610666667,10.002,2.51,6.325,5.896573588800001,6.75,2024
376,Feminino,3,-1,Quartzo,5.0,2.8333333333333335,8.287284610666667,10.002,2.51,6.325,5.896573588800001,7.916666667,2024
376,Feminino,3,-1,Quartzo,5.0,2.8333333333333335,8.287284610666667,10.002,2.51,6.325,5.896573588800001,6.5625,2024
584,Feminino,3,0,Ágata,10.0,4.333333333333333,5.636363636333333,8.751,8.755,6.37,6.752914393933334,6.75,2024
584,Feminino,3,0,Ágata,10.0,4.333333333333333,5.636363636333333,8.751,8.755,6.37,6.752914393933334,8.333333333,2024
584,Feminino,3,0,Ágata,10.0,4.333333333333333,5.636363636333333,8.751,8.755,6.37,6.752914393933334,7.34375,2024
535,Feminino,3,0,Ametista,10.0,6.0,7.161904762,9.168,8.135,7.5,7.659555952400001,6.3125,2024
535,Feminino,3,0,Ametista,10.0,6.0,7.161904762,9.168,8.135,7.5,7.659555952400001,8.125,2024
535,Feminino,3,0,Ametista,10.0,6.0,7.161904762,9.168,8.135,7.5,7.659555952400001,7.96875,2024
547,Feminino,3,0,Ametista,10.0,6.833333333333333,7.030620028333334,8.751,8.135,5.932,7.2102906723333335,9.0,2024
547,Feminino,3,0,Ametista,10.0,6.833333333333333,7.030620028333334,8.751,8.135,5.932,7.2102906723333335,8.75,2024
547,Feminino,3,0,Ametista,10.0,6.833333333333333,7.030620028333334,8.751,8.135,5.932,7.2102906723333335,5.625,2024
557,Masculino,3,0,Topázio,10.0,9.666666666666666,8.756265663999999,10.002,7.51,9.576,9.350986466133334,8.7708333332,2024
557,Masculino,3,0,Topázio,10.0,9.666666666666666,8.756265663999999,10.002,7.51,9.576,9.350986466133334,9.375,2024
557,Masculino,3,0,Topázio,10.0,9.666666666666666,8.756265663999999,10.002,7.51,9.576,9.350986466133334,10.0,2024
548,Masculino,3,0,Ametista,10.0,6.666666666666667,7.600427350666667,9.168,7.51,5.626,7.240168803466668,7.1145833334,2024
548,Masculino,3,0,Ametista,10.0,6.666666666666667,7.600427350666667,9.168,7.51,5.626,7.240168803466668,8.333333333,2024
548,Masculino,3,0,Ametista,10.0,6.666666666666667,7.600427350666667,9.168,7.51,5.626,7.240168803466668,5.9375,2024
1102,Masculino,3,1,Topázio,10.0,9.333333333333334,9.390476190333333,8.751,8.13,7.07,8.440611904733334,7.708333333,2024
1102,Masculino,3,1,Topázio,10.0,9.333333333333334,9.390476190333333,8.751,8.13,7.07,8.440611904733334,5.9375,2024
1532,Masculino,3,-1,Quartzo,5.0,2.0,3.9057239053333332,0.0,7.51,6.832,4.548544781066667,7.5,2024
538,Masculino,3,-1,Ágata,5.0,6.166666666666667,7.668803418666666,8.751,7.51,5.292,6.514094017066666,6.5625,2024
538,Masculino,3,-1,Ágata,5.0,6.166666666666667,7.668803418666666,8.751,7.51,5.292,6.514094017066666,7.916666667,2024
538,Masculino,3,-1,Ágata,5.0,6.166666666666667,7.668803418666666,8.751,7.51,5.292,6.514094017066666,5.625,2024
365,Feminino,3,1,Topázio,10.0,6.666666666666667,10.0,9.585,7.51,8.202,8.526983333333334,8.25,2024
365,Feminino,3,1,Topázio,10.0,6.666666666666667,10.0,9.585,7.51,8.202,8.526983333333334,8.958333333,2024
365,Feminino,3,1,Topázio,10.0,6.666666666666667,10.0,9.585,7.51,8.202,8.526983333333334,8.4375,2024
563,Feminino,3,0,Topázio,10.0,8.333333333333334,9.461904762000001,9.168,8.135,7.468,8.595447619066668,7.96875,2024
563,Feminino,3,0,Topázio,10.0,8.333333333333334,9.461904762000001,9.168,8.135,7.468,8.595447619066668,8.75,2024
563,Feminino,3,0,Topázio,10.0,8.333333333333334,9.461904762000001,9.168,8.135,7.468,8.595447619066668,8.125,2024
1157,Masculino,3,-1,Ametista,5.0,7.0,9.082539682666665,9.585,7.51,8.466,7.916082936533334,7.5,2024
1157,Masculino,3,-1,Ametista,5.0,7.0,9.082539682666665,9.585,7.51,8.466,7.916082936533334,7.96875,2024
258,Feminino,3,0,Ágata,10.0,2.5,6.944444444333333,7.084,7.51,6.732,6.429063888866667,7.0,2024
258,Feminino,3,0,Ágata,10.0,2.5,6.944444444333333,7.084,7.51,6.732,6.429063888866667,7.34375,2024
369,Masculino,3,0,Quartzo,10.0,1.6666666666666667,4.908119658333334,8.751,7.51,5.428,5.667282265,6.0,2024
369,Masculino,3,0,Quartzo,10.0,1.6666666666666667,4.908119658333334,8.751,7.51,5.428,5.667282265,8.541666667,2024
369,Masculino,3,0,Quartzo,10.0,1.6666666666666667,4.908119658333334,8.751,7.51,5.428,5.667282265,6.40625,2024
375,Masculino,3,0,Ametista,10.0,6.833333333333333,9.443589743666667,9.585,7.51,6.432,7.970034615400001,6.9791666666,2024
375,Masculino,3,0,Ametista,10.0,6.833333333333333,9.443589743666667,9.585,7.51,6.432,7.970034615400001,8.541666667,2024
375,Masculino,3,0,Ametista,10.0,6.833333333333333,9.443589743666667,9.585,7.51,6.432,7.970034615400001,7.1875,2024
1533,Feminino,3,0,Topázio,10.0,9.5,9.710144927666667,9.168,8.135,8.3375,9.089828985533336,8.5,2024
1534,Feminino,3,0,Ametista,10.0,1.1666666666666667,9.666666666666666,7.917,8.135,8.0825,7.188366666666667,8.0,2024
1160,Masculino,3,-1,Ágata,5.0,3.1666666666666665,8.201288245,8.751,7.51,6.2475,6.274190982333334,6.875,2024
1160,Masculino,3,-1,Ágata,5.0,3.1666666666666665,8.201288245,8.751,7.51,6.2475,6.274190982333334,6.25,2024
562,Feminino,3,0,Topázio,10.0,7.833333333333333,9.833333333333334,8.334,8.135,7.25,8.392733333333334,8.34375,2024
562,Feminino,3,0,Topázio,10.0,7.833333333333333,9.833333333333334,8.334,8.135,7.25,8.392733333333334,8.541666667,2024
562,Feminino,3,0,Topázio,10.0,7.833333333333333,9.833333333333334,8.334,8.135,7.25,8.392733333333334,7.625,2024
1112,Masculino,3,0,Ágata,10.0,4.0,9.02791197,9.585,8.135,4.705,6.8560823939999995,8.333333333,2024
1112,Masculino,3,0,Ágata,10.0,4.0,9.02791197,9.585,8.135,4.705,6.8560823939999995,5.375,2024
1535,Feminino,3,0,Ametista,10.0,5.833333333333333,5.103121516333333,8.751,7.51,7.9175,7.109390969933334,7.125,2024
1536,Feminino,3,-1,Ametista,5.0,7.0,8.722222222333334,9.168,8.135,7.4575,7.653744444466668,7.875,2024
357,Masculino,3,-1,Ametista,5.0,7.666666666666667,9.028180354333333,8.751,8.135,7.0825,7.731569404200001,7.6145833332,2024
357,Masculino,3,-1,Ametista,5.0,7.666666666666667,9.028180354333333,8.751,8.135,7.0825,7.731569404200001,8.75,2024
357,Masculino,3,-1,Ametista,5.0,7.666666666666667,9.028180354333333,8.751,8.135,7.0825,7.731569404200001,7.875,2024
583,Feminino,3,0,Ametista,10.0,5.0,8.904455179666668,7.917,8.135,6.87,7.447591035933334,7.34375,2024
583,Feminino,3,0,Ametista,10.0,5.0,8.904455179666668,7.917,8.135,6.87,7.447591035933334,8.333333333,2024
583,Feminino,3,0,Ametista,10.0,5.0,8.904455179666668,7.917,8.135,6.87,7.447591035933334,6.875,2024
1537,Feminino,3,-1,Topázio,5.0,8.666666666666666,8.33064949,9.168,8.135,8.67,8.176263231333333,8.125,2024
599,Masculino,3,1,Topázio,10.0,7.666666666666667,8.607843137333333,10.002,9.375,7.28,8.3569352941,8.4687499998,2024
599,Masculino,3,1,Topázio,10.0,7.666666666666667,8.607843137333333,10.002,9.375,7.28,8.3569352941,8.333333333,2024
599,Masculino,3,1,Topázio,10.0,7.666666666666667,8.607843137333333,10.002,9.375,7.28,8.3569352941,7.083333333,2024
651,Feminino,3,1,Topázio,10.0,7.5,10.0,9.168,7.51,8.336666667,8.689300000100001,8.2291666666,2024
651,Feminino,3,1,Topázio,10.0,7.5,10.0,9.168,7.51,8.336666667,8.689300000100001,8.75,2024
651,Feminino,3,1,Topázio,10.0,7.5,10.0,9.168,7.51,8.336666667,8.689300000100001,8.541666667,2024
1131,Feminino,3,0,Topázio,10.0,8.333333333333334,9.277777777666666,8.334,6.255,7.893333333,8.2889555555,8.75,2024
1131,Feminino,3,0,Topázio,10.0,8.333333333333334,9.277777777666666,8.334,6.255,7.893333333,8.2889555555,7.291666667,2024
403,Masculino,3,0,Topázio,10.0,7.666666666666667,7.361111111,8.751,7.51,7.613333333,8.008488888833334,7.2291666668,2024
403,Masculino,3,0,Topázio,10.0,7.666666666666667,7.361111111,8.751,7.51,7.613333333,8.008488888833334,7.291666667,2024
403,Masculino,3,0,Topázio,10.0,7.666666666666667,7.361111111,8.751,7.51,7.613333333,8.008488888833334,8.541666667,2024
1538,Masculino,3,1,Ametista,10.0,7.166666666666667,7.935185184999999,9.168,8.13,7.106666667,7.9631703704333345,7.916666667,2024
469,Feminino,3,0,Ametista,10.0,5.0,9.498366013,9.168,7.51,6.94,7.684639869300001,7.78125,2024
469,Feminino,3,0,Ametista,10.0,5.0,9.498366013,9.168,7.51,6.94,7.684639869300001,7.916666667,2024
469,Feminino,3,0,Ametista,10.0,5.0,9.498366013,9.168,7.51,6.94,7.684639869300001,7.291666667,2024
1121,Masculino,3,0,Topázio,10.0,6.666666666666667,10.0,9.585,7.51,8.28,8.407166666633334,8.75,2024
1121,Masculino,3,0,Topázio,10.0,6.666666666666667,10.0,9.585,7.51,8.28,8.407166666633334,7.083333333,2024
1122,Masculino,3,1,Ametista,10.0,5.333333333333333,9.861111111,8.751,7.51,7.22,7.817322222166666,7.291666667,2024
1122,Masculino,3,1,Ametista,10.0,5.333333333333333,9.861111111,8.751,7.51,7.22,7.817322222166666,7.083333333,2024
422,Masculino,3,-1,Quartzo,5.0,2.8333333333333335,6.157407407333333,7.5,7.51,5.5,5.544981481433334,7.041666666599999,2024
422,Masculino,3,-1,Quartzo,5.0,2.8333333333333335,6.157407407333333,7.5,7.51,5.5,5.544981481433334,6.666666667,2024
422,Masculino,3,-1,Quartzo,5.0,2.8333333333333335,6.157407407333333,7.5,7.51,5.5,5.544981481433334,6.458333333,2024
1117,Feminino,3,1,Ametista,10.0,5.666666666666667,8.314814814666667,8.751,7.51,6.833333333,7.601562962866668,7.708333333,2024
1117,Feminino,3,1,Ametista,10.0,5.666666666666667,8.314814814666667,8.751,7.51,6.833333333,7.601562962866668,8.125,2024
1539,Feminino,3,0,Ametista,10.0,6.833333333333333,9.027777777666666,6.667,6.885,7.056666667,7.709588888900001,7.708333333,2024
618,Masculino,3,-2,Ágata,5.0,4.166666666666667,8.324074074,10.002,6.88,6.826666667,6.718348148233334,6.1145833334,2024
618,Masculino,3,-2,Ágata,5.0,4.166666666666667,8.324074074,10.002,6.88,6.826666667,6.718348148233334,8.125,2024
618,Masculino,3,-2,Ágata,5.0,4.166666666666667,8.324074074,10.002,6.88,6.826666667,6.718348148233334,6.666666667,2024
669,Masculino,3,0,Ágata,10.0,5.333333333333333,4.851851851666666,7.5,7.51,6.883333333,6.6438703703,6.9270833334,2024
669,Masculino,3,0,Ágata,10.0,5.333333333333333,4.851851851666666,7.5,7.51,6.883333333,6.6438703703,7.708333333,2024
669,Masculino,3,0,Ágata,10.0,5.333333333333333,4.851851851666666,7.5,7.51,6.883333333,6.6438703703,7.291666667,2024
408,Feminino,3,0,Ágata,10.0,4.833333333333333,4.981481481666667,7.5,7.51,6.776666667,6.5276296297,6.6041666666,2024
408,Feminino,3,0,Ágata,10.0,4.833333333333333,4.981481481666667,7.5,7.51,6.776666667,6.5276296297,8.333333333,2024
408,Feminino,3,0,Ágata,10.0,4.833333333333333,4.981481481666667,7.5,7.51,6.776666667,6.5276296297,7.083333333,2024
610,Feminino,3,1,Ametista,10.0,6.333333333333333,9.694444444333334,9.585,3.76,8.336666667,7.894888888933334,8.2916666666,2024
610,Feminino,3,1,Ametista,10.0,6.333333333333333,9.694444444333334,9.585,3.76,8.336666667,7.894888888933334,8.541666667,2024
610,Feminino,3,1,Ametista,10.0,6.333333333333333,9.694444444333334,9.585,3.76,8.336666667,7.894888888933334,6.875,2024
409,Feminino,3,0,Topázio,10.0,7.166666666666667,9.231481481333333,9.585,7.51,7.223333333,8.225462962900002,7.6354166666,2024
409,Feminino,3,0,Topázio,10.0,7.166666666666667,9.231481481333333,9.585,7.51,7.223333333,8.225462962900002,7.916666667,2024
409,Feminino,3,0,Topázio,10.0,7.166666666666667,9.231481481333333,9.585,7.51,7.223333333,8.225462962900002,7.916666667,2024
464,Feminino,3,-1,Ágata,5.0,4.333333333333333,7.851461988333334,9.168,8.76,7.1175,6.872009064333334,7.4479166666,2024
464,Feminino,3,-1,Ágata,5.0,4.333333333333333,7.851461988333334,9.168,8.76,7.1175,6.872009064333334,7.96875,2024
464,Feminino,3,-1,Ágata,5.0,4.333333333333333,7.851461988333334,9.168,8.76,7.1175,6.872009064333334,7.1875,2024
1165,Feminino,3,0,Ametista,10.0,8.0,6.829721362333333,8.751,8.135,7.83,7.908044272466667,7.1875,2024
1165,Feminino,3,0,Ametista,10.0,8.0,6.829721362333333,8.751,8.135,7.83,7.908044272466667,6.875,2024
466,Masculino,3,-1,Ágata,5.0,4.0,7.223245614,8.751,8.76,7.665,6.778749122800001,6.7916666666,2024
466,Masculino,3,-1,Ágata,5.0,4.0,7.223245614,8.751,8.76,7.665,6.778749122800001,6.25,2024
466,Masculino,3,-1,Ágata,5.0,4.0,7.223245614,8.751,8.76,7.665,6.778749122800001,7.5,2024
414,Feminino,3,0,Ametista,10.0,6.0,8.429629629666666,7.917,7.51,5.67,7.187625925933334,7.9479166666,2024
414,Feminino,3,0,Ametista,10.0,6.0,8.429629629666666,7.917,7.51,5.67,7.187625925933334,7.8125,2024
414,Feminino,3,0,Ametista,10.0,6.0,8.429629629666666,7.917,7.51,5.67,7.187625925933334,6.25,2024
401,Feminino,3,0,Ágata,10.0,4.833333333333333,6.839473684333334,6.666,6.885,6.915,6.728911403533334,6.5625,2024
401,Feminino,3,0,Ágata,10.0,4.833333333333333,6.839473684333334,6.666,6.885,6.915,6.728911403533334,7.083333333,2024
401,Feminino,3,0,Ágata,10.0,4.833333333333333,6.839473684333334,6.666,6.885,6.915,6.728911403533334,6.5625,2024
1141,Feminino,3,0,Ágata,10.0,4.166666666666667,6.191537667666666,9.585,7.51,6.7825,6.793890866866667,7.708333333,2024
1141,Feminino,3,0,Ágata,10.0,4.166666666666667,6.191537667666666,9.585,7.51,6.7825,6.793890866866667,6.5625,2024
592,Feminino,3,1,Ametista,10.0,7.833333333333333,6.108152734666667,7.917,2.51,7.625,7.121622213600001,8.15625,2024
592,Feminino,3,1,Ametista,10.0,7.833333333333333,6.108152734666667,7.917,2.51,7.625,7.121622213600001,7.916666667,2024
592,Feminino,3,1,Ametista,10.0,7.833333333333333,6.108152734666667,7.917,2.51,7.625,7.121622213600001,7.65625,2024
474,Masculino,3,-1,Ágata,5.0,3.0,5.818518518666667,9.168,7.51,6.8725,6.024753703733333,6.7083333332,2024
474,Masculino,3,-1,Ágata,5.0,3.0,5.818518518666667,9.168,7.51,6.8725,6.024753703733333,7.1875,2024
474,Masculino,3,-1,Ágata,5.0,3.0,5.818518518666667,9.168,7.51,6.8725,6.024753703733333,7.1875,2024
602,Masculino,3,0,Topázio,10.0,7.333333333333333,9.670588235333334,9.585,7.51,8.545,8.647409313733334,6.479166666599999,2024
602,Masculino,3,0,Topázio,10.0,7.333333333333333,9.670588235333334,9.585,7.51,8.545,8.647409313733334,8.75,2024
602,Masculino,3,0,Topázio,10.0,7.333333333333333,9.670588235333334,9.585,7.51,8.545,8.647409313733334,8.28125,2024
666,Masculino,3,0,Topázio,10.0,7.166666666666667,7.881527348,10.002,7.51,8.375,8.185838802933334,6.8333333332,2024
666,Masculino,3,0,Topázio,10.0,7.166666666666667,7.881527348,10.002,7.51,8.375,8.185838802933334,8.541666667,2024
666,Masculino,3,0,Topázio,10.0,7.166666666666667,7.881527348,10.002,7.51,8.375,8.185838802933334,7.5,2024
604,Feminino,3,1,Ametista,10.0,7.0,7.5029927763333335,8.334,8.13,6.21,7.429623555266667,8.0625,2024
604,Feminino,3,1,Ametista,10.0,7.0,7.5029927763333335,8.334,8.13,6.21,7.429623555266667,8.125,2024
604,Feminino,3,1,Ametista,10.0,7.0,7.5029927763333335,8.334,8.13,6.21,7.429623555266667,6.40625,2024
476,Feminino,3,0,Ágata,10.0,4.5,6.5964912280000005,7.917,7.51,6.745,6.7359982456,7.3020833334,2024
476,Feminino,3,0,Ágata,10.0,4.5,6.5964912280000005,7.917,7.51,6.745,6.7359982456,7.34375,2024
476,Feminino,3,0,Ágata,10.0,4.5,6.5964912280000005,7.917,7.51,6.745,6.7359982456,6.25,2024
423,Feminino,3,0,Ágata,10.0,4.333333333333333,6.501135191,5.833,8.13,6.8275,6.616193704866666,7.1666666666,2024
423,Feminino,3,0,Ágata,10.0,4.333333333333333,6.501135191,5.833,8.13,6.8275,6.616193704866666,7.083333333,2024
423,Feminino,3,0,Ágata,10.0,4.333333333333333,6.501135191,5.833,8.13,6.8275,6.616193704866666,6.875,2024
631,Masculino,3,0,Ágata,10.0,4.166666666666667,7.2122004356666665,8.334,8.75,6.245,6.795673420466667,6.614583333400001,2024
631,Masculino,3,0,Ágata,10.0,4.166666666666667,7.2122004356666665,8.334,8.75,6.245,6.795673420466667,7.916666667,2024
631,Masculino,3,0,Ágata,10.0,4.166666666666667,7.2122004356666665,8.334,8.75,6.245,6.795673420466667,5.625,2024
658,Feminino,3,1,Ametista,10.0,3.6666666666666665,10.0,8.751,8.135,6.738,7.507033333333333,7.6041666666,2024
658,Feminino,3,1,Ametista,10.0,3.6666666666666665,10.0,8.751,8.135,6.738,7.507033333333333,7.916666667,2024
658,Feminino,3,1,Ametista,10.0,3.6666666666666665,10.0,8.751,8.135,6.738,7.507033333333333,7.375,2024
1540,Feminino,3,-1,Quartzo,5.0,2.6666666666666665,5.0,8.334,7.51,6.83,5.696233333333334,7.125,2024
1541,Masculino,3,0,Topázio,10.0,8.166666666666666,8.633333333333333,9.168,6.88,7.736,8.337,8.25,2024
1114,Feminino,3,0,Ametista,10.0,5.0,9.533333333333333,8.751,2.51,7.836,7.437466666666667,8.125,2024
1114,Feminino,3,0,Ametista,10.0,5.0,9.533333333333333,8.751,2.51,7.836,7.437466666666667,8.375,2024
662,Feminino,3,0,Ametista,10.0,4.166666666666667,7.6107226106666666,7.917,7.51,7.234,7.1074778554666675,6.6979166666,2024
662,Feminino,3,0,Ametista,10.0,4.166666666666667,7.6107226106666666,7.917,7.51,7.234,7.1074778554666675,7.291666667,2024
662,Feminino,3,0,Ametista,10.0,4.166666666666667,7.6107226106666666,7.917,7.51,7.234,7.1074778554666675,7.625,2024
760,Masculino,3,0,Ágata,10.0,5.0,7.090909091,9.168,7.51,6.158,6.942581818200001,8.3125,2024
760,Masculino,3,0,Ágata,10.0,5.0,7.090909091,9.168,7.51,6.158,6.942581818200001,7.083333333,2024
760,Masculino,3,0,Ágata,10.0,5.0,7.090909091,9.168,7.51,6.158,6.942581818200001,6.25,2024
1542,Feminino,3,-2,Ágata,5.0,3.1666666666666665,6.304873294333333,7.501,8.135,6.966,6.0886079922,7.375,2024
404,Feminino,3,0,Ágata,10.0,5.666666666666667,6.286274509666666,8.334,2.51,6.998,6.624588235266668,6.9166666668,2024
404,Feminino,3,0,Ágata,10.0,5.666666666666667,6.286274509666666,8.334,2.51,6.998,6.624588235266668,6.875,2024
404,Feminino,3,0,Ágata,10.0,5.666666666666667,6.286274509666666,8.334,2.51,6.998,6.624588235266668,7.5,2024
1119,Feminino,3,-1,Ametista,5.0,5.666666666666667,8.716666666666667,9.585,7.51,7.698,7.388266666666667,7.708333333,2024
1119,Feminino,3,-1,Ametista,5.0,5.666666666666667,8.716666666666667,9.585,7.51,7.698,7.388266666666667,7.625,2024
1116,Masculino,3,-1,Quartzo,5.0,2.3333333333333335,3.3555555556666667,0.0,6.26,5.066,3.7894777778,7.083333333,2024
1116,Masculino,3,-1,Quartzo,5.0,2.3333333333333335,3.3555555556666667,0.0,6.26,5.066,3.7894777778,5.125,2024
667,Masculino,3,0,Ametista,10.0,4.666666666666667,7.038986354666666,9.168,7.51,6.966,7.177130604266668,6.5416666666,2024
667,Masculino,3,0,Ametista,10.0,4.666666666666667,7.038986354666666,9.168,7.51,6.966,7.177130604266668,7.083333333,2024
667,Masculino,3,0,Ametista,10.0,4.666666666666667,7.038986354666666,9.168,7.51,6.966,7.177130604266668,7.75,2024
605,Feminino,3,0,Ágata,10.0,2.6666666666666665,6.194444444333333,7.5,6.885,5.534,6.0175222222,7.25,2024
605,Feminino,3,0,Ágata,10.0,2.6666666666666665,6.194444444333333,7.5,6.885,5.534,6.0175222222,7.291666667,2024
605,Feminino,3,0,Ágata,10.0,2.6666666666666665,6.194444444333333,7.5,6.885,5.534,6.0175222222,7.0,2024
1543,Masculino,3,-1,Ágata,5.0,5.0,8.076923077,7.5,7.51,7.066,6.754584615400001,7.25,2024
1118,Feminino,3,0,Ametista,10.0,3.8333333333333335,7.846439628666666,7.084,9.38,6.866,7.0305545924,7.708333333,2024
1118,Feminino,3,0,Ametista,10.0,3.8333333333333335,7.846439628666666,7.084,9.38,6.866,7.0305545924,6.75,2024
1544,Feminino,3,-1,Ágata,5.0,5.833333333333333,8.674509804,8.334,6.885,6.598,6.905568627466667,6.625,2024
1545,Feminino,3,0,Ametista,10.0,8.166666666666666,6.210826211,7.501,8.13,6.165,7.296598575533334,6.25,2024
1127,Feminino,3,0,Topázio,10.0,5.833333333333333,10.0,9.168,7.51,7.67,8.180966666666668,8.125,2024
1127,Feminino,3,0,Topázio,10.0,5.833333333333333,10.0,9.168,7.51,7.67,8.180966666666668,8.125,2024
1129,Masculino,3,0,Ametista,10.0,6.833333333333333,7.137254902,9.168,8.13,5.745,7.360417647066668,7.916666667,2024
1129,Masculino,3,0,Ametista,10.0,6.833333333333333,7.137254902,9.168,8.13,5.745,7.360417647066668,6.875,2024
1546,Masculino,3,0,Ágata,10.0,4.666666666666667,6.374643874666667,8.334,8.75,6.17,6.900662108266667,7.5,2024
1130,Masculino,3,0,Ágata,10.0,4.333333333333333,6.278431372666667,8.751,8.13,5.33,6.563952941199999,7.708333333,2024
1130,Masculino,3,0,Ágata,10.0,4.333333333333333,6.278431372666667,8.751,8.13,5.33,6.563952941199999,6.875,2024
1168,Feminino,3,-1,Ágata,5.0,5.666666666666667,7.682352941333334,9.585,7.51,6.33,6.864053921600001,7.65625,2024
1168,Feminino,3,-1,Ágata,5.0,5.666666666666667,7.682352941333334,9.585,7.51,6.33,6.864053921600001,7.1875,2024
613,Masculino,3,-1,Ametista,5.0,7.333333333333333,9.566666666666666,8.334,7.51,6.25,7.4019,8.1458333332,2024
613,Masculino,3,-1,Ametista,5.0,7.333333333333333,9.566666666666666,8.334,7.51,6.25,7.4019,6.71875,2024
613,Masculino,3,-1,Ametista,5.0,7.333333333333333,9.566666666666666,8.334,7.51,6.25,7.4019,6.875,2024
433,Masculino,3,0,Ametista,10.0,4.833333333333333,8.380952381,7.918,8.13,6.415,7.218157142866668,6.083333333400001,2024
433,Masculino,3,0,Ametista,10.0,4.833333333333333,8.380952381,7.918,8.13,6.415,7.218157142866668,5.833333333,2024
433,Masculino,3,0,Ametista,10.0,4.833333333333333,8.380952381,7.918,8.13,6.415,7.218157142866668,6.875,2024
1547,Feminino,3,-1,Ágata,5.0,6.666666666666667,6.467236467333334,7.917,8.13,6.335,6.748480626800001,7.5,2024
1548,Feminino,3,0,Ágata,10.0,4.833333333333333,5.2421652420000004,8.334,7.51,5.665,6.482499715066667,7.5,2024
304,Masculino,3,-3,Ágata,2.5,7.166666666666667,7.826890756333333,10.002,7.51,5.825,6.852411484600001,6.9375,2024
304,Masculino,3,-3,Ágata,2.5,7.166666666666667,7.826890756333333,10.002,7.51,5.825,6.852411484600001,7.8125,2024
304,Masculino,3,-3,Ágata,2.5,7.166666666666667,7.826890756333333,10.002,7.51,5.825,6.852411484600001,6.875,2024
1549,Masculino,3,-2,Ágata,5.0,4.166666666666667,7.441394335666668,9.585,7.51,6.325,6.514862200466668,7.1875,2024
632,Feminino,3,0,Ametista,10.0,4.166666666666667,8.999164578333334,7.917,6.875,7.875,7.515491249000001,6.583333333400001,2024
632,Feminino,3,0,Ametista,10.0,4.166666666666667,8.999164578333334,7.917,6.875,7.875,7.515491249000001,8.333333333,2024
632,Feminino,3,0,Ametista,10.0,4.166666666666667,8.999164578333334,7.917,6.875,7.875,7.515491249000001,8.28125,2024
633,Feminino,3,0,Quartzo,10.0,3.3333333333333335,4.707017544,4.584,2.51,6.1175,5.228470175466667,7.90625,2024
633,Feminino,3,0,Quartzo,10.0,3.3333333333333335,4.707017544,4.584,2.51,6.1175,5.228470175466667,8.541666667,2024
633,Feminino,3,0,Quartzo,10.0,3.3333333333333335,4.707017544,4.584,2.51,6.1175,5.228470175466667,6.875,2024
1137,Feminino,3,1,Ametista,10.0,3.5,7.588638262333333,8.334,8.13,7.4575,7.1837526524666675,9.375,2024
1137,Feminino,3,1,Ametista,10.0,3.5,7.588638262333333,8.334,8.13,7.4575,7.1837526524666675,8.28125,2024
646,Masculino,3,-1,Ametista,5.0,6.166666666666667,9.266666666666667,10.002,7.51,7.7475,7.715491666666668,8.4791666666,2024
646,Masculino,3,-1,Ametista,5.0,6.166666666666667,9.266666666666667,10.002,7.51,7.7475,7.715491666666668,8.958333333,2024
646,Masculino,3,-1,Ametista,5.0,6.166666666666667,9.266666666666667,10.002,7.51,7.7475,7.715491666666668,8.28125,2024
1550,Masculino,3,-1,Ágata,5.0,4.333333333333333,5.222222222,9.585,7.51,6.2025,6.064236111066667,7.03125,2024
1139,Masculino,3,1,Ágata,10.0,4.666666666666667,6.152715121333333,8.334,7.51,7.04,6.906276357600001,8.125,2024
1139,Masculino,3,1,Ágata,10.0,4.666666666666667,6.152715121333333,8.334,7.51,7.04,6.906276357600001,7.5,2024
444,Masculino,3,-1,Quartzo,5.0,3.6666666666666665,6.377276524666667,8.334,2.51,5.96,5.410188638266668,6.635416666599999,2024
444,Masculino,3,-1,Quartzo,5.0,3.6666666666666665,6.377276524666667,8.334,2.51,5.96,5.410188638266668,6.40625,2024
444,Masculino,3,-1,Quartzo,5.0,3.6666666666666665,6.377276524666667,8.334,2.51,5.96,5.410188638266668,6.25,2024
445,Masculino,3,0,Ametista,10.0,4.0,8.715873016,7.917,7.51,7.3725,7.3416246032,6.6666666666,2024
445,Masculino,3,0,Ametista,10.0,4.0,8.715873016,7.917,7.51,7.3725,7.3416246032,8.541666667,2024
445,Masculino,3,0,Ametista,10.0,4.0,8.715873016,7.917,7.51,7.3725,7.3416246032,7.8125,2024
639,Feminino,3,0,Quartzo,10.0,3.8333333333333335,5.278195488666667,7.917,2.51,6.1625,5.7693807644,6.6250000002,2024
639,Feminino,3,0,Quartzo,10.0,3.8333333333333335,5.278195488666667,7.917,2.51,6.1625,5.7693807644,8.125,2024
639,Feminino,3,0,Quartzo,10.0,3.8333333333333335,5.278195488666667,7.917,2.51,6.1625,5.7693807644,6.71875,2024
1142,Feminino,3,0,Topázio,10.0,8.5,9.133333333333333,8.334,7.51,7.335,8.390566666666668,8.541666667,2024
1142,Feminino,3,0,Topázio,10.0,8.5,9.133333333333333,8.334,7.51,7.335,8.390566666666668,8.125,2024
1551,Masculino,3,-2,Quartzo,5.0,3.5,4.7710437709999995,9.585,7.51,6.79,5.9717087542,7.5,2024
458,Masculino,3,-1,Quartzo,5.0,4.0,3.7396825396666666,8.751,6.88,6.83,5.680161507933333,6.71875,2024
458,Masculino,3,-1,Quartzo,5.0,4.0,3.7396825396666666,8.751,6.88,6.83,5.680161507933333,7.1875,2024
458,Masculino,3,-1,Quartzo,5.0,4.0,3.7396825396666666,8.751,6.88,6.83,5.680161507933333,7.03125,2024
1552,Masculino,3,0,Ametista,10.0,3.1666666666666665,9.743589743666666,9.585,7.51,7.165,7.443301282066667,7.1875,2024
1170,Masculino,3,-2,Ágata,5.0,3.5,5.565079365,9.168,8.13,6.7475,6.095440873,7.1875,2024
1170,Masculino,3,-2,Ágata,5.0,3.5,5.565079365,9.168,8.13,6.7475,6.095440873,7.03125,2024
642,Feminino,3,0,Ametista,10.0,4.0,9.149206349333333,9.585,3.76,6.9975,7.082591269866667,7.7291666666,2024
642,Feminino,3,0,Ametista,10.0,4.0,9.149206349333333,9.585,3.76,6.9975,7.082591269866667,8.75,2024
642,Feminino,3,0,Ametista,10.0,4.0,9.149206349333333,9.585,3.76,6.9975,7.082591269866667,7.1875,2024
1553,Masculino,3,0,Ametista,10.0,4.333333333333333,9.003921568666668,8.334,7.51,7.78,7.641184313700001,8.333333333,2024
1554,Masculino,3,-2,Ágata,5.0,4.0,9.629629629666667,6.666,8.76,7.22,6.941692592633334,7.291666667,2024
649,Feminino,3,0,Ágata,10.0,3.6666666666666665,6.004481792666667,8.751,8.76,7.333333333,6.985329691766667,7.6875,2024
649,Feminino,3,0,Ágata,10.0,3.6666666666666665,6.004481792666667,8.751,8.76,7.333333333,6.985329691766667,8.75,2024
649,Feminino,3,0,Ágata,10.0,3.6666666666666665,6.004481792666667,8.751,8.76,7.333333333,6.985329691766667,8.333333333,2024
1136,Feminino,3,-1,Quartzo,5.0,1.6666666666666667,4.547899159666667,8.751,8.135,6.383333333,5.458179831866667,8.333333333,2024
1136,Feminino,3,-1,Quartzo,5.0,1.6666666666666667,4.547899159666667,8.751,8.135,6.383333333,5.458179831866667,7.5,2024
653,Feminino,3,0,Topázio,10.0,5.166666666666667,9.537254901999999,8.751,8.76,7.89,8.103217647033333,7.96875,2024
653,Feminino,3,0,Topázio,10.0,5.166666666666667,9.537254901999999,8.751,8.76,7.89,8.103217647033333,9.166666667,2024
653,Feminino,3,0,Topázio,10.0,5.166666666666667,9.537254901999999,8.751,8.76,7.89,8.103217647033333,8.333333333,2024
456,Feminino,3,0,Topázio,10.0,6.5,9.382456140333334,7.083,7.51,8.893333333,8.331124561366668,8.0729166666,2024
456,Feminino,3,0,Topázio,10.0,6.5,9.382456140333334,7.083,7.51,8.893333333,8.331124561366668,9.583333333,2024
456,Feminino,3,0,Topázio,10.0,6.5,9.382456140333334,7.083,7.51,8.893333333,8.331124561366668,9.166666667,2024
655,Feminino,3,0,Topázio,10.0,6.833333333333333,10.0,7.501,8.76,7.166666667,8.238600000066668,7.25,2024
655,Feminino,3,0,Topázio,10.0,6.833333333333333,10.0,7.501,8.76,7.166666667,8.238600000066668,9.166666667,2024
655,Feminino,3,0,Topázio,10.0,6.833333333333333,10.0,7.501,8.76,7.166666667,8.238600000066668,8.125,2024
656,Feminino,3,0,Ágata,10.0,4.166666666666667,5.978431372666667,9.168,7.51,6.106666667,6.668152941266667,6.7916666668,2024
656,Feminino,3,0,Ágata,10.0,4.166666666666667,5.978431372666667,9.168,7.51,6.106666667,6.668152941266667,8.541666667,2024
656,Feminino,3,0,Ágata,10.0,4.166666666666667,5.978431372666667,9.168,7.51,6.106666667,6.668152941266667,7.5,2024
657,Feminino,3,0,Topázio,10.0,7.5,9.6,8.751,6.885,7.056666667,8.207433333400001,8.0,2024
657,Feminino,3,0,Topázio,10.0,7.5,9.6,8.751,6.885,7.056666667,8.207433333400001,8.75,2024
657,Feminino,3,0,Topázio,10.0,7.5,9.6,8.751,6.885,7.056666667,8.207433333400001,8.125,2024
1555,Masculino,3,0,Ametista,10.0,3.0,10.0,8.334,6.255,8.056666667,7.4827333334,8.125,2024
461,Feminino,3,0,Ametista,10.0,4.5,9.182446312,8.751,7.51,7.056666667,7.5447559291,7.28125,2024
461,Feminino,3,0,Ametista,10.0,4.5,9.182446312,8.751,7.51,7.056666667,7.5447559291,8.541666667,2024
461,Feminino,3,0,Ametista,10.0,4.5,9.182446312,8.751,7.51,7.056666667,7.5447559291,7.708333333,2024
398,Feminino,3,0,Ametista,10.0,8.0,5.733333333333333,7.083,7.51,6.553333333,7.2457999999666685,6.9375,2024
398,Feminino,3,0,Ametista,10.0,8.0,5.733333333333333,7.083,7.51,6.553333333,7.2457999999666685,7.5,2024
398,Feminino,3,0,Ametista,10.0,8.0,5.733333333333333,7.083,7.51,6.553333333,7.2457999999666685,7.291666667,2024
586,Feminino,3,1,Topázio,10.0,8.5,9.241269841333333,9.168,7.51,8.056666667,8.702387301666668,8.9166666666,2024
586,Feminino,3,1,Topázio,10.0,8.5,9.241269841333333,9.168,7.51,8.056666667,8.702387301666668,8.333333333,2024
586,Feminino,3,1,Topázio,10.0,8.5,9.241269841333333,9.168,7.51,8.056666667,8.702387301666668,8.75,2024
623,Masculino,3,-1,Ágata,5.0,4.0,7.3999999999999995,8.334,6.885,7.05,6.357733333300001,6.614583333400001,2024
623,Masculino,3,-1,Ágata,5.0,4.0,7.3999999999999995,8.334,6.885,7.05,6.357733333300001,7.291666667,2024
623,Masculino,3,-1,Ágata,5.0,4.0,7.3999999999999995,8.334,6.885,7.05,6.357733333300001,6.458333333,2024
588,Feminino,3,1,Topázio,10.0,7.833333333333333,9.833333333333334,9.168,7.51,8.0,8.676133333333334,7.9583333334,2024
588,Feminino,3,1,Topázio,10.0,7.833333333333333,9.833333333333334,9.168,7.51,8.0,8.676133333333334,8.958333333,2024
588,Feminino,3,1,Topázio,10.0,7.833333333333333,9.833333333333334,9.168,7.51,8.0,8.676133333333334,8.75,2024
626,Masculino,3,0,Ágata,10.0,5.333333333333333,3.380451127666667,9.585,6.885,6.443333333,6.407590225500001,6.84375,2024
626,Masculino,3,0,Ágata,10.0,5.333333333333333,3.380451127666667,9.585,6.885,6.443333333,6.407590225500001,7.291666667,2024
626,Masculino,3,0,Ágata,10.0,5.333333333333333,3.380451127666667,9.585,6.885,6.443333333,6.407590225500001,7.291666667,2024
1556,Masculino,3,0,Ágata,10.0,4.0,5.222222222333333,7.917,7.51,7.44,6.666811111166668,7.916666667,2024
455,Feminino,3,0,Ametista,10.0,4.5,6.111111111,8.751,8.13,7.276666667,7.098988888900001,7.3020833334,2024
455,Feminino,3,0,Ametista,10.0,4.5,6.111111111,8.751,8.13,7.276666667,7.098988888900001,8.333333333,2024
614,Masculino,3,-1,Ametista,5.0,6.833333333333333,9.700000000000001,9.585,7.51,7.603333333,7.8284999999666685,8.4583333332,2024
614,Masculino,3,-1,Ametista,5.0,6.833333333333333,9.700000000000001,9.585,7.51,7.603333333,7.8284999999666685,8.333333333,2024
614,Masculino,3,-1,Ametista,5.0,6.833333333333333,9.700000000000001,9.585,7.51,7.603333333,7.8284999999666685,7.916666667,2024
434,Masculino,3,0,Ágata,10.0,5.5,5.061904762,7.084,7.51,6.55,6.610947619100001,7.0833333332,2024
434,Masculino,3,0,Ágata,10.0,5.5,5.061904762,7.084,7.51,6.55,6.610947619100001,7.5,2024
434,Masculino,3,0,Ágata,10.0,5.5,5.061904762,7.084,7.51,6.55,6.610947619100001,7.291666667,2024
603,Masculino,3,0,Ágata,10.0,4.666666666666667,7.155555555666666,9.585,6.885,6.216666667,6.942277777866667,8.0416666666,2024
603,Masculino,3,0,Ágata,10.0,4.666666666666667,7.155555555666666,9.585,6.885,6.216666667,6.942277777866667,7.708333333,2024
603,Masculino,3,0,Ágata,10.0,4.666666666666667,7.155555555666666,9.585,6.885,6.216666667,6.942277777866667,6.875,2024
1133,Feminino,3,1,Topázio,10.0,4.5,9.841269841333334,9.168,8.75,8.83,8.238553968266668,8.541666667,2024
1133,Feminino,3,1,Topázio,10.0,4.5,9.841269841333334,9.168,8.75,8.83,8.238553968266668,8.125,2024
616,Masculino,3,0,Quartzo,10.0,3.8333333333333335,3.087719298333333,7.5,6.885,4.946666667,5.457877193033333,7.0208333334,2024
616,Masculino,3,0,Quartzo,10.0,3.8333333333333335,3.087719298333333,7.5,6.885,4.946666667,5.457877193033333,5.833333333,2024
616,Masculino,3,0,Quartzo,10.0,3.8333333333333335,3.087719298333333,7.5,6.885,4.946666667,5.457877193033333,6.458333333,2024
1134,Masculino,3,0,Ametista,10.0,6.0,8.914285714,8.751,7.51,6.883333333,7.7564571427,7.916666667,2024
1134,Masculino,3,0,Ametista,10.0,6.0,8.914285714,8.751,7.51,6.883333333,7.7564571427,7.708333333,2024
1557,Feminino,3,0,Topázio,10.0,7.0,8.916666666666666,9.585,7.51,7.72,8.228500000033334,7.916666667,2024
670,Feminino,3,1,Topázio,10.0,8.666666666666666,9.441269841333334,9.585,7.51,8.166666667,8.8602539683,8.1041666666,2024
670,Feminino,3,1,Topázio,10.0,8.666666666666666,9.441269841333334,9.585,7.51,8.166666667,8.8602539683,8.958333333,2024
670,Feminino,3,1,Topázio,10.0,8.666666666666666,9.441269841333334,9.585,7.51,8.166666667,8.8602539683,8.958333333,2024
620,Masculino,3,0,Quartzo,10.0,2.5,3.9841269843333333,8.334,7.51,5.886666667,5.766892063566667,7.010416666599999,2024
620,Masculino,3,0,Quartzo,10.0,2.5,3.9841269843333333,8.334,7.51,5.886666667,5.766892063566667,6.875,2024
620,Masculino,3,0,Quartzo,10.0,2.5,3.9841269843333333,8.334,7.51,5.886666667,5.766892063566667,7.083333333,2024
1149,Feminino,4,-1,Topázio,5.0,6.0,10.0,8.334,10.0,8.706,8.1371,7.96875,2024
1149,Feminino,4,-1,Topázio,5.0,6.0,10.0,8.334,10.0,8.706,8.1371,8.625,2024
1558,Masculino,4,-1,Ametista,5.0,5.5,8.705360238666666,9.168,8.755,8.302,7.643772047733333,8.5,2024
326,Feminino,4,1,Topázio,10.0,9.333333333333334,8.973112128333334,9.168,6.26,8.704,8.832389092333335,8.90625,2024
326,Feminino,4,1,Topázio,10.0,9.333333333333334,8.973112128333334,9.168,6.26,8.704,8.832389092333335,9.0625,2024
326,Feminino,4,1,Topázio,10.0,9.333333333333334,8.973112128333334,9.168,6.26,8.704,8.832389092333335,8.875,2024
339,Feminino,4,1,Ametista,10.0,8.166666666666666,7.155537064000001,7.5,5.635,7.668,7.711540746133334,8.0,2024
339,Feminino,4,1,Ametista,10.0,8.166666666666666,7.155537064000001,7.5,5.635,7.668,7.711540746133334,7.8125,2024
339,Feminino,4,1,Ametista,10.0,8.166666666666666,7.155537064000001,7.5,5.635,7.668,7.711540746133334,8.0,2024
179,Masculino,4,1,Topázio,10.0,8.166666666666666,9.407894737,9.168,9.38,8.44,8.932712280733334,7.3229166666,2024
179,Masculino,4,1,Topázio,10.0,8.166666666666666,9.407894737,9.168,9.38,8.44,8.932712280733334,8.59375,2024
179,Masculino,4,1,Topázio,10.0,8.166666666666666,9.407894737,9.168,9.38,8.44,8.932712280733334,8.75,2024
1559,Feminino,4,-1,Ágata,5.0,4.666666666666667,5.2929755216666665,7.917,6.885,7.604,6.330428437666668,8.375,2024
332,Masculino,4,1,Topázio,10.0,7.0,7.605358505000001,9.585,9.38,8.706,8.421271701,8.0208333334,2024
332,Masculino,4,1,Topázio,10.0,7.0,7.605358505000001,9.585,9.38,8.706,8.421271701,8.28125,2024
332,Masculino,4,1,Topázio,10.0,7.0,7.605358505000001,9.585,9.38,8.706,8.421271701,8.625,2024
1560,Feminino,4,1,Topázio,10.0,8.166666666666666,9.206349206333334,9.168,5.635,8.336,8.4721031746,8.5,2024
1153,Feminino,4,-1,Topázio,5.0,8.5,9.702380952333334,8.751,5.635,9.074,8.268876190466667,7.65625,2024
1153,Feminino,4,-1,Topázio,5.0,8.5,9.702380952333334,8.751,5.635,9.074,8.268876190466667,8.75,2024
183,Feminino,4,0,Topázio,10.0,7.5,9.249011857666666,7.917,6.26,8.372,8.266902371533334,7.78125,2024
183,Feminino,4,0,Topázio,10.0,7.5,9.249011857666666,7.917,6.26,8.372,8.266902371533334,7.96875,2024
183,Feminino,4,0,Topázio,10.0,7.5,9.249011857666666,7.917,6.26,8.372,8.266902371533334,8.25,2024
199,Masculino,4,-1,Ametista,5.0,7.166666666666667,7.554824561666667,8.334,6.88,8.206,7.419398245666667,7.8229166666,2024
199,Masculino,4,-1,Ametista,5.0,7.166666666666667,7.554824561666667,8.334,6.88,8.206,7.419398245666667,7.96875,2024
199,Masculino,4,-1,Ametista,5.0,7.166666666666667,7.554824561666667,8.334,6.88,8.206,7.419398245666667,8.125,2024
1561,Masculino,4,-1,Ametista,5.0,9.0,9.174603174666666,9.585,5.0,7.734,7.9402206349333335,8.0,2024
336,Masculino,4,0,Ágata,10.0,5.833333333333333,5.512100409000001,7.5,6.26,7.196,6.834286748466667,7.375,2024
336,Masculino,4,0,Ágata,10.0,5.833333333333333,5.512100409000001,7.5,6.26,7.196,6.834286748466667,7.34375,2024
336,Masculino,4,0,Ágata,10.0,5.833333333333333,5.512100409000001,7.5,6.26,7.196,6.834286748466667,7.5,2024
347,Feminino,4,1,Topázio,10.0,7.666666666666667,9.673046251999999,8.751,6.885,7.766,8.384742583733333,8.46875,2024
347,Feminino,4,1,Topázio,10.0,7.666666666666667,9.673046251999999,8.751,6.885,7.766,8.384742583733333,7.8125,2024
347,Feminino,4,1,Topázio,10.0,7.666666666666667,9.673046251999999,8.751,6.885,7.766,8.384742583733333,8.0,2024
397,Feminino,4,-2,Ágata,5.0,5.666666666666667,7.885292942666666,7.918,5.63,7.398,6.807291921866668,7.14375,2024
397,Feminino,4,-2,Ágata,5.0,5.666666666666667,7.885292942666666,7.918,5.63,7.398,6.807291921866668,7.1875,2024
397,Feminino,4,-2,Ágata,5.0,5.666666666666667,7.885292942666666,7.918,5.63,7.398,6.807291921866668,7.625,2024
338,Masculino,4,0,Topázio,10.0,6.833333333333333,7.441643324,9.168,7.51,8.8375,8.052795331466667,6.875,2024
338,Masculino,4,0,Topázio,10.0,6.833333333333333,7.441643324,9.168,7.51,8.8375,8.052795331466667,8.59375,2024
338,Masculino,4,0,Topázio,10.0,6.833333333333333,7.441643324,9.168,7.51,8.8375,8.052795331466667,7.625,2024
392,Masculino,4,-1,Quartzo,5.0,1.0,5.414731682,9.585,5.635,3.545,4.3639463364,7.2604166666,2024
392,Masculino,4,-1,Quartzo,5.0,1.0,5.414731682,9.585,5.635,3.545,4.3639463364,6.09375,2024
392,Masculino,4,-1,Quartzo,5.0,1.0,5.414731682,9.585,5.635,3.545,4.3639463364,3.5,2024
352,Masculino,4,1,Quartzo,10.0,3.1666666666666665,4.453748006333333,8.334,6.26,6.7925,5.9794829346,8.0729166666,2024
352,Masculino,4,1,Quartzo,10.0,3.1666666666666665,4.453748006333333,8.334,6.26,6.7925,5.9794829346,7.96875,2024
352,Masculino,4,1,Quartzo,10.0,3.1666666666666665,4.453748006333333,8.334,6.26,6.7925,5.9794829346,6.375,2024
1562,Feminino,4,-2,Quartzo,5.0,0.5,8.666666666666666,6.25,5.01,6.8725,5.458833333333334,6.25,2024
367,Feminino,4,1,Ametista,10.0,5.0,7.268170426,9.168,6.26,7.6275,7.209434085200001,7.4687500002,2024
367,Feminino,4,1,Ametista,10.0,5.0,7.268170426,9.168,6.26,7.6275,7.209434085200001,7.8125,2024
367,Feminino,4,1,Ametista,10.0,5.0,7.268170426,9.168,6.26,7.6275,7.209434085200001,6.875,2024
1563,Feminino,4,-1,Ametista,5.0,7.0,8.305555555666666,8.751,7.51,8.46,7.604211111133335,7.25,2024
1564,Masculino,4,-1,Quartzo,5.0,2.1666666666666665,4.942067736333334,8.334,6.885,5.2875,5.0761468806000005,5.75,2024
1565,Masculino,4,-1,Quartzo,5.0,5.5,8.102240896333333,0.0,7.51,6.0375,5.816448179266667,6.375,2024
1566,Feminino,4,-2,Ametista,5.0,6.5,9.247219355666667,9.168,7.51,8.335,7.759243871133334,7.75,2024
1567,Feminino,4,-2,Ametista,5.0,8.166666666666666,8.771043771,8.334,7.51,8.335,7.913942087533334,7.75,2024
356,Masculino,4,1,Ágata,10.0,5.333333333333333,6.656346749333334,8.334,5.635,6.5375,6.627336016533334,7.4270833334,2024
356,Masculino,4,1,Ágata,10.0,5.333333333333333,6.656346749333334,8.334,5.635,6.5375,6.627336016533334,6.09375,2024
356,Masculino,4,1,Ágata,10.0,5.333333333333333,6.656346749333334,8.334,5.635,6.5375,6.627336016533334,5.25,2024
1568,Feminino,4,-1,Ametista,5.0,8.166666666666666,7.493464052333334,9.168,7.51,8.5025,7.8003261438000004,8.0,2024
247,Feminino,4,0,Ágata,10.0,4.333333333333333,8.306595365666666,0.0,6.26,8.5875,6.646485739800001,7.71875,2024
247,Feminino,4,0,Ágata,10.0,4.333333333333333,8.306595365666666,0.0,6.26,8.5875,6.646485739800001,8.28125,2024
247,Feminino,4,0,Ágata,10.0,4.333333333333333,8.306595365666666,0.0,6.26,8.5875,6.646485739800001,7.75,2024
204,Feminino,4,0,Ametista,10.0,7.5,6.827094474333333,9.168,6.26,8.5875,7.838218894866668,7.15625,2024
204,Feminino,4,0,Ametista,10.0,7.5,6.827094474333333,9.168,6.26,8.5875,7.838218894866668,8.28125,2024
204,Feminino,4,0,Ametista,10.0,7.5,6.827094474333333,9.168,6.26,8.5875,7.838218894866668,7.125,2024
1569,Feminino,4,-2,Quartzo,5.0,2.1666666666666665,7.111111111333334,6.666,6.26,6.9175,5.7191555556,6.875,2024
1570,Feminino,4,-1,Ametista,5.0,8.333333333333334,7.542087542,9.585,7.51,8.6725,7.894084175066667,7.75,2024
1571,Masculino,4,-1,Ametista,5.0,5.666666666666667,9.111111111333335,8.334,5.005,8.545,7.2484555556,7.5,2024
1572,Feminino,4,-1,Topázio,5.0,7.5,9.841269841333334,9.168,7.51,8.393333333,8.080345634866667,7.65625,2024
1150,Masculino,4,-2,Ametista,5.0,6.833333333333333,6.481481481666667,8.334,7.51,7.946666667,7.1023212964,7.96875,2024
1150,Masculino,4,-2,Ametista,5.0,6.833333333333333,6.481481481666667,8.334,7.51,7.946666667,7.1023212964,7.65625,2024
1573,Masculino,4,-1,Ágata,5.0,5.0,6.120448179333334,9.168,6.26,8.556666667,6.743847969266667,7.65625,2024
1574,Feminino,4,-1,Ametista,5.0,7.333333333333333,8.399470899666667,8.751,7.51,8.616666667,7.777244180000001,7.8125,2024
1151,Feminino,4,1,Topázio,10.0,9.0,9.722222222333334,7.5,5.635,9.393333333,8.749111111066668,7.65625,2024
1151,Feminino,4,1,Topázio,10.0,9.0,9.722222222333334,7.5,5.635,9.393333333,8.749111111066668,8.125,2024
1575,Feminino,4,-1,Ametista,5.0,5.333333333333333,8.624338624,9.168,6.885,8.28,7.318459391466667,7.65625,2024
1081,Feminino,4,0,Topázio,10.0,8.833333333333334,9.523809523666666,6.667,5.005,8.95,8.5452952381,8.958333333,2024
1081,Feminino,4,0,Topázio,10.0,8.833333333333334,9.523809523666666,6.667,5.005,8.95,8.5452952381,9.166666667,2024
342,Feminino,4,-1,Ágata,5.0,4.5,7.728174603333334,8.751,6.26,7.723333333,6.757026587266667,7.1250000002,2024
342,Feminino,4,-1,Ágata,5.0,4.5,7.728174603333334,8.751,6.26,7.723333333,6.757026587266667,7.96875,2024
342,Feminino,4,-1,Ágata,5.0,4.5,7.728174603333334,8.751,6.26,7.723333333,6.757026587266667,7.65625,2024
1576,Feminino,4,-1,Ametista,5.0,6.666666666666667,9.523809523666666,8.334,5.635,8.44,7.4636202380666665,6.40625,2024
187,Feminino,4,0,Topázio,10.0,7.833333333333333,9.537037037,8.751,5.635,9.06,8.568424074066666,7.78125,2024
187,Feminino,4,0,Topázio,10.0,7.833333333333333,9.537037037,8.751,5.635,9.06,8.568424074066666,7.96875,2024
187,Feminino,4,0,Topázio,10.0,7.833333333333333,9.537037037,8.751,5.635,9.06,8.568424074066666,8.4375,2024
359,Feminino,4,1,Ametista,10.0,5.5,7.162698412666667,9.168,6.26,8.333333333,7.492006349133335,7.0208333334,2024
359,Feminino,4,1,Ametista,10.0,5.5,7.162698412666667,9.168,6.26,8.333333333,7.492006349133335,7.65625,2024
359,Feminino,4,1,Ametista,10.0,5.5,7.162698412666667,9.168,6.26,8.333333333,7.492006349133335,7.5,2024
1577,Masculino,4,-1,Ágata,5.0,4.333333333333333,4.993386243333333,10.002,7.51,7.273333333,6.305585581933334,7.34375,2024
236,Feminino,4,0,Ágata,10.0,4.5,7.890668700666666,9.168,6.26,6.362,6.980833740133334,7.625,2024
236,Feminino,4,0,Ágata,10.0,4.5,7.890668700666666,9.168,6.26,6.362,6.980833740133334,7.1875,2024
236,Feminino,4,0,Ágata,10.0,4.5,7.890668700666666,9.168,6.26,6.362,6.980833740133334,6.875,2024
249,Masculino,4,-2,Ágata,5.0,5.0,6.645021645,7.083,5.0,7.064,6.125104328999999,6.0416666668,2024
249,Masculino,4,-2,Ágata,5.0,5.0,6.645021645,7.083,5.0,7.064,6.125104328999999,5.15625,2024
249,Masculino,4,-2,Ágata,5.0,5.0,6.645021645,7.083,5.0,7.064,6.125104328999999,6.75,2024
239,Feminino,4,-3,Ágata,2.5,6.666666666666667,6.361737677333333,8.751,5.635,8.502,6.782180868800001,7.21875,2024
239,Feminino,4,-3,Ágata,2.5,6.666666666666667,6.361737677333333,8.751,5.635,8.502,6.782180868800001,8.125,2024
239,Feminino,4,-3,Ágata,2.5,6.666666666666667,6.361737677333333,8.751,5.635,8.502,6.782180868800001,7.875,2024
382,Masculino,4,-1,Quartzo,5.0,3.0,6.324561403666666,9.168,5.63,6.43,5.805712280733333,7.3020833334,2024
382,Masculino,4,-1,Quartzo,5.0,3.0,6.324561403666666,9.168,5.63,6.43,5.805712280733333,7.5,2024
382,Masculino,4,-1,Quartzo,5.0,3.0,6.324561403666666,9.168,5.63,6.43,5.805712280733333,6.75,2024
383,Masculino,4,1,Topázio,10.0,5.833333333333333,8.600288600333334,9.168,7.51,8.47,8.036024386733335,8.0625,2024
383,Masculino,4,1,Topázio,10.0,5.833333333333333,8.600288600333334,9.168,7.51,8.47,8.036024386733335,7.5,2024
383,Masculino,4,1,Topázio,10.0,5.833333333333333,8.600288600333334,9.168,7.51,8.47,8.036024386733335,7.875,2024
1155,Feminino,4,-1,Ametista,5.0,4.666666666666667,8.888888889,8.334,5.005,8.87,7.119011111133333,7.5,2024
1155,Feminino,4,-1,Ametista,5.0,4.666666666666667,8.888888889,8.334,5.005,8.87,7.119011111133333,8.0,2024
384,Feminino,4,0,Topázio,10.0,7.5,8.607503607333333,7.5,7.51,7.936,8.072200721466668,8.0625,2024
384,Feminino,4,0,Topázio,10.0,7.5,8.607503607333333,7.5,7.51,7.936,8.072200721466668,7.65625,2024
384,Feminino,4,0,Topázio,10.0,7.5,8.607503607333333,7.5,7.51,7.936,8.072200721466668,7.625,2024
1156,Feminino,4,1,Ágata,10.0,2.0,7.821067821,7.5,7.51,7.5,6.6777135642,7.96875,2024
1156,Feminino,4,1,Ágata,10.0,2.0,7.821067821,7.5,7.51,7.5,6.6777135642,7.125,2024
1578,Feminino,4,1,Ametista,10.0,7.333333333333333,6.761695906666667,8.334,7.51,8.636,7.880605848,7.5,2024
388,Feminino,4,-1,Quartzo,5.0,4.333333333333333,6.349206349,7.5,7.51,5.764,5.965307936466667,7.1666666666,2024
388,Feminino,4,-1,Quartzo,5.0,4.333333333333333,6.349206349,7.5,7.51,5.764,5.965307936466667,6.875,2024
388,Feminino,4,-1,Quartzo,5.0,4.333333333333333,6.349206349,7.5,7.51,5.764,5.965307936466667,6.75,2024
260,Feminino,4,0,Topázio,10.0,7.0,9.674603174666666,8.751,7.51,8.502,8.448920634933334,7.46875,2024
260,Feminino,4,0,Topázio,10.0,7.0,9.674603174666666,8.751,7.51,8.502,8.448920634933334,7.34375,2024
260,Feminino,4,0,Topázio,10.0,7.0,9.674603174666666,8.751,7.51,8.502,8.448920634933334,7.875,2024
395,Feminino,4,1,Ametista,10.0,4.333333333333333,6.921693121666666,8.751,6.26,8.464,7.169905291000001,7.34375,2024
395,Feminino,4,1,Ametista,10.0,4.333333333333333,6.921693121666666,8.751,6.26,8.464,7.169905291000001,7.96875,2024
395,Feminino,4,1,Ametista,10.0,4.333333333333333,6.921693121666666,8.751,6.26,8.464,7.169905291000001,7.25,2024
262,Masculino,4,-2,Quartzo,5.0,4.166666666666667,4.854560643666667,7.917,7.51,6.296,5.806145462066667,6.208333333400001,2024
262,Masculino,4,-2,Quartzo,5.0,4.166666666666667,4.854560643666667,7.917,7.51,6.296,5.806145462066667,7.03125,2024
262,Masculino,4,-2,Quartzo,5.0,4.166666666666667,4.854560643666667,7.917,7.51,6.296,5.806145462066667,7.0,2024
1579,Feminino,4,-2,Ametista,5.0,7.166666666666667,9.090261886999999,8.751,5.635,9.272,7.894385710733333,8.5,2024
1580,Masculino,4,-1,Ametista,5.0,6.166666666666667,9.049953314666666,8.751,7.51,9.168,7.790523996266667,7.875,2024
377,Feminino,4,0,Ametista,10.0,5.166666666666667,7.698412698333333,9.168,7.51,7.634,7.480115873000001,6.7708333334,2024
377,Feminino,4,0,Ametista,10.0,5.166666666666667,7.698412698333333,9.168,7.51,7.634,7.480115873000001,7.34375,2024
377,Feminino,4,0,Ametista,10.0,5.166666666666667,7.698412698333333,9.168,7.51,7.634,7.480115873000001,7.125,2024
250,Feminino,4,0,Topázio,10.0,9.166666666666666,9.629629629666667,9.168,6.88,8.95,9.049892592566668,7.8125,2024
250,Feminino,4,0,Topázio,10.0,9.166666666666666,9.629629629666667,9.168,6.88,8.95,9.049892592566668,7.96875,2024
250,Feminino,4,0,Topázio,10.0,9.166666666666666,9.629629629666667,9.168,6.88,8.95,9.049892592566668,8.958333333,2024
1581,Masculino,4,-1,Ágata,5.0,6.333333333333333,7.834844760666667,8.334,6.26,7.386666667,6.9787022855,7.083333333,2024
1582,Masculino,4,-1,Ágata,5.0,4.5,8.069444444333334,8.334,6.255,6.666666667,6.472788888966667,6.666666667,2024
1583,Feminino,4,-1,Ametista,5.0,8.166666666666666,7.753623188333333,7.917,6.26,9.006666667,7.8197579711000005,9.166666667,2024
450,Masculino,4,-1,Ametista,5.0,7.5,8.954191033333332,8.751,5.63,7.58,7.526188206666666,8.0833333334,2024
450,Masculino,4,-1,Ametista,5.0,7.5,8.954191033333332,8.751,5.63,7.58,7.526188206666666,7.65625,2024
450,Masculino,4,-1,Ametista,5.0,7.5,8.954191033333332,8.751,5.63,7.58,7.526188206666666,7.8125,2024
426,Feminino,4,-1,Ágata,5.0,4.833333333333333,7.9050567596666665,7.917,4.38,8.0,6.6430030186,7.09375,2024
426,Feminino,4,-1,Ágata,5.0,4.833333333333333,7.9050567596666665,7.917,4.38,8.0,6.6430030186,7.65625,2024
426,Feminino,4,-1,Ágata,5.0,4.833333333333333,7.9050567596666665,7.917,4.38,8.0,6.6430030186,7.65625,2024
1584,Feminino,4,-1,Ametista,5.0,5.5,9.153439153333332,8.334,7.51,8.1675,7.429837830666667,7.8125,2024
313,Feminino,4,-1,Ametista,5.0,4.833333333333333,9.666666666666666,8.751,5.63,8.1675,7.2528500000000005,6.625,2024
313,Feminino,4,-1,Ametista,5.0,4.833333333333333,9.666666666666666,8.751,5.63,8.1675,7.2528500000000005,7.65625,2024
313,Feminino,4,-1,Ametista,5.0,4.833333333333333,9.666666666666666,8.751,5.63,8.1675,7.2528500000000005,7.8125,2024
467,Feminino,4,0,Ametista,10.0,6.833333333333333,9.140350877333333,7.917,5.01,7.54,7.7298118421333335,7.3020833334,2024
467,Feminino,4,0,Ametista,10.0,6.833333333333333,9.140350877333333,7.917,5.01,7.54,7.7298118421333335,7.1875,2024
467,Feminino,4,0,Ametista,10.0,6.833333333333333,9.140350877333333,7.917,5.01,7.54,7.7298118421333335,7.34375,2024
1585,Feminino,4,-1,Ágata,5.0,4.0,6.775210084333334,10.002,7.51,7.7925,6.730367016866668,7.65625,2024
432,Feminino,4,-1,Ametista,5.0,5.5,10.0,7.501,6.26,7.2875,7.167975,6.833333333400001,2024
432,Feminino,4,-1,Ametista,5.0,5.5,10.0,7.501,6.26,7.2875,7.167975,7.8125,2024
432,Feminino,4,-1,Ametista,5.0,5.5,10.0,7.501,6.26,7.2875,7.167975,7.34375,2024
1586,Feminino,4,-1,Ágata,5.0,5.666666666666667,6.128654970666666,10.002,5.01,7.54,6.555764327466668,6.875,2024
470,Feminino,4,0,Ágata,10.0,3.3333333333333335,8.011695906666667,9.585,7.51,6.4975,6.981130848,7.9479166666,2024
470,Feminino,4,0,Ágata,10.0,3.3333333333333335,8.011695906666667,9.585,7.51,6.4975,6.981130848,7.5,2024
470,Feminino,4,0,Ágata,10.0,3.3333333333333335,8.011695906666667,9.585,7.51,6.4975,6.981130848,7.03125,2024
417,Feminino,4,0,Topázio,10.0,8.833333333333334,8.401559454333333,8.334,7.51,8.2925,8.533628557533333,7.78125,2024
417,Feminino,4,0,Topázio,10.0,8.833333333333334,8.401559454333333,8.334,7.51,8.2925,8.533628557533333,8.28125,2024
417,Feminino,4,0,Topázio,10.0,8.833333333333334,8.401559454333333,8.334,7.51,8.2925,8.533628557533333,8.4375,2024
407,Masculino,4,0,Ametista,10.0,3.6666666666666665,7.614522417333333,8.334,6.26,7.875,7.0875128168,6.9583333334,2024
407,Masculino,4,0,Ametista,10.0,3.6666666666666665,7.614522417333333,8.334,6.26,7.875,7.0875128168,7.8125,2024
407,Masculino,4,0,Ametista,10.0,3.6666666666666665,7.614522417333333,8.334,6.26,7.875,7.0875128168,7.96875,2024
1587,Feminino,4,-2,Ametista,5.0,3.75,10.0,9.168,7.51,8.2075,7.34055,7.8125,2024
1588,Feminino,4,0,Ametista,10.0,4.0,8.640618640666666,7.917,7.51,7.415,7.303823728133333,7.5,2024
424,Feminino,4,0,Ametista,10.0,3.3333333333333335,9.616228070333333,8.334,7.51,7.1625,7.341187280733334,7.9479166666,2024
424,Feminino,4,0,Ametista,10.0,3.3333333333333335,9.616228070333333,8.334,7.51,7.1625,7.341187280733334,7.8125,2024
424,Feminino,4,0,Ametista,10.0,3.3333333333333335,9.616228070333333,8.334,7.51,7.1625,7.341187280733334,7.34375,2024
1193,Feminino,4,-1,Ágata,5.0,4.0,7.763157895,8.751,5.635,7.79,6.6304815790000005,7.1875,2024
1193,Feminino,4,-1,Ágata,5.0,4.0,7.763157895,8.751,5.635,7.79,6.6304815790000005,7.8125,2024
411,Feminino,4,0,Ametista,10.0,4.833333333333333,9.148148147999999,7.083,5.635,7.4125,7.279762962966667,7.90625,2024
411,Feminino,4,0,Ametista,10.0,4.833333333333333,9.148148147999999,7.083,5.635,7.4125,7.279762962966667,7.8125,2024
411,Feminino,4,0,Ametista,10.0,4.833333333333333,9.148148147999999,7.083,5.635,7.4125,7.279762962966667,7.291666667,2024
412,Feminino,4,0,Topázio,10.0,7.333333333333333,8.456140351,8.334,6.26,8.125,8.044378070166667,8.0625,2024
412,Feminino,4,0,Topázio,10.0,7.333333333333333,8.456140351,8.334,6.26,8.125,8.044378070166667,7.03125,2024
412,Feminino,4,0,Topázio,10.0,7.333333333333333,8.456140351,8.334,6.26,8.125,8.044378070166667,8.020833333,2024
428,Masculino,4,0,Ametista,10.0,5.0,8.898245614,9.168,5.635,7.625,7.534949122800001,7.2916666666,2024
428,Masculino,4,0,Ametista,10.0,5.0,8.898245614,9.168,5.635,7.625,7.534949122800001,7.8125,2024
428,Masculino,4,0,Ametista,10.0,5.0,8.898245614,9.168,5.635,7.625,7.534949122800001,7.5,2024
315,Feminino,4,-1,Ágata,5.0,6.833333333333333,5.918518518666667,0.0,7.51,7.6275,6.0768703704,5.9020833334,2024
315,Feminino,4,-1,Ágata,5.0,6.833333333333333,5.918518518666667,0.0,7.51,7.6275,6.0768703704,7.96875,2024
315,Feminino,4,-1,Ágata,5.0,6.833333333333333,5.918518518666667,0.0,7.51,7.6275,6.0768703704,7.5,2024
442,Feminino,4,1,Ágata,10.0,5.0,5.9151960783333335,8.334,5.635,7.8775,6.905439215666667,7.7916666666,2024
442,Feminino,4,1,Ágata,10.0,5.0,5.9151960783333335,8.334,5.635,7.8775,6.905439215666667,7.5,2024
442,Feminino,4,1,Ágata,10.0,5.0,5.9151960783333335,8.334,5.635,7.8775,6.905439215666667,7.5,2024
301,Feminino,4,0,Topázio,10.0,9.0,7.4947368423333325,9.168,7.51,8.21,8.410830701766667,6.90625,2024
301,Feminino,4,0,Topázio,10.0,9.0,7.4947368423333325,9.168,7.51,8.21,8.410830701766667,6.71875,2024
301,Feminino,4,0,Topázio,10.0,9.0,7.4947368423333325,9.168,7.51,8.21,8.410830701766667,8.020833333,2024
1163,Masculino,4,0,Topázio,10.0,7.833333333333333,9.824561403666666,8.334,7.51,8.755,8.6794789474,7.65625,2024
1163,Masculino,4,0,Topázio,10.0,7.833333333333333,9.824561403666666,8.334,7.51,8.755,8.6794789474,8.125,2024
402,Feminino,4,0,Quartzo,10.0,4.166666666666667,3.074074074,7.5,6.26,6.1175,5.683064814833333,7.3,2024
402,Feminino,4,0,Quartzo,10.0,4.166666666666667,3.074074074,7.5,6.26,6.1175,5.683064814833333,7.8125,2024
402,Feminino,4,0,Quartzo,10.0,4.166666666666667,3.074074074,7.5,6.26,6.1175,5.683064814833333,6.354166667,2024
1589,Feminino,4,-1,Quartzo,5.0,2.5,6.259259259333334,0.0,7.51,7.54,5.260851851866667,7.5,2024
1162,Feminino,4,0,Ametista,10.0,5.666666666666667,9.135672514666666,7.917,6.26,7.0375,7.473167836266667,7.8125,2024
1162,Feminino,4,0,Ametista,10.0,5.666666666666667,9.135672514666666,7.917,6.26,7.0375,7.473167836266667,6.875,2024
471,Feminino,4,0,Ágata,10.0,5.5,7.027568922333333,0.0,7.51,8.0425,6.635847117766667,7.635416666599999,2024
471,Feminino,4,0,Ágata,10.0,5.5,7.027568922333333,0.0,7.51,8.0425,6.635847117766667,7.96875,2024
471,Feminino,4,0,Ágata,10.0,5.5,7.027568922333333,0.0,7.51,8.0425,6.635847117766667,7.708333333,2024
416,Masculino,4,1,Topázio,10.0,8.0,8.972709551666666,8.751,7.51,9.13,8.700808577033333,7.875,2024
416,Masculino,4,1,Topázio,10.0,8.0,8.972709551666666,8.751,7.51,9.13,8.700808577033333,8.28125,2024
416,Masculino,4,1,Topázio,10.0,8.0,8.972709551666666,8.751,7.51,9.13,8.700808577033333,8.541666667,2024
303,Masculino,4,-2,Ágata,5.0,5.666666666666667,3.9520467836666664,8.751,7.51,7.535,6.2443426900666665,6.8854166666,2024
303,Masculino,4,-2,Ágata,5.0,5.666666666666667,3.9520467836666664,8.751,7.51,7.535,6.2443426900666665,7.65625,2024
303,Masculino,4,-2,Ágata,5.0,5.666666666666667,3.9520467836666664,8.751,7.51,7.535,6.2443426900666665,6.875,2024
418,Feminino,4,1,Topázio,10.0,9.333333333333334,10.0,8.751,7.51,9.0475,9.125183333366667,8.1041666666,2024
418,Feminino,4,1,Topázio,10.0,9.333333333333334,10.0,8.751,7.51,9.0475,9.125183333366667,8.125,2024
418,Feminino,4,1,Topázio,10.0,9.333333333333334,10.0,8.751,7.51,9.0475,9.125183333366667,8.229166667,2024
419,Feminino,4,1,Topázio,10.0,8.166666666666666,9.382456140666667,7.083,6.26,8.5475,8.355707894766669,7.989583333200001,2024
419,Feminino,4,1,Topázio,10.0,8.166666666666666,9.382456140666667,7.083,6.26,8.5475,8.355707894766669,8.125,2024
419,Feminino,4,1,Topázio,10.0,8.166666666666666,9.382456140666667,7.083,6.26,8.5475,8.355707894766669,8.020833333,2024
420,Feminino,4,1,Ametista,10.0,4.0,9.557894737,8.334,6.26,7.96,7.544228947400001,7.8125,2024
420,Feminino,4,1,Ametista,10.0,4.0,9.557894737,8.334,6.26,7.96,7.544228947400001,7.65625,2024
420,Feminino,4,1,Ametista,10.0,4.0,9.557894737,8.334,6.26,7.96,7.544228947400001,7.8125,2024
1166,Feminino,4,-1,Ametista,5.0,6.333333333333333,8.498245614,8.334,6.26,8.625,7.452799122766667,7.65625,2024
1166,Feminino,4,-1,Ametista,5.0,6.333333333333333,8.498245614,8.334,6.26,8.625,7.452799122766667,8.020833333,2024
425,Masculino,4,0,Topázio,10.0,9.0,10.0,10.002,6.26,8.8375,9.016616666700001,8.1249999998,2024
425,Masculino,4,0,Topázio,10.0,9.0,10.0,10.002,6.26,8.8375,9.016616666700001,7.8125,2024
425,Masculino,4,0,Topázio,10.0,9.0,10.0,10.002,6.26,8.8375,9.016616666700001,8.229166667,2024
1590,Feminino,4,-1,Topázio,5.0,8.666666666666666,8.267770876333332,7.917,7.51,8.806,8.1907875086,10.0,2024
1591,Feminino,4,-2,Ágata,5.0,3.5,6.430976431,7.083,7.51,7.064,6.1707952862,8.125,2024
273,Feminino,4,-1,Ágata,5.0,4.5,7.323153899,9.168,6.26,6.896,6.5991307798,7.025,2024
273,Feminino,4,-1,Ágata,5.0,4.5,7.323153899,9.168,6.26,6.896,6.5991307798,7.8125,2024
273,Feminino,4,-1,Ágata,5.0,4.5,7.323153899,9.168,6.26,6.896,6.5991307798,8.125,2024
1592,Feminino,4,-1,Ágata,5.0,5.5,6.854727398333334,7.917,7.51,7.432,6.812545479666667,8.125,2024
457,Feminino,4,1,Topázio,10.0,8.666666666666666,8.743961352333335,8.334,7.51,7.77,8.5892756038,7.7083333334,2024
457,Feminino,4,1,Topázio,10.0,8.666666666666666,8.743961352333335,8.334,7.51,7.77,8.5892756038,8.125,2024
457,Feminino,4,1,Topázio,10.0,8.666666666666666,8.743961352333335,8.334,7.51,7.77,8.5892756038,9.6875,2024
305,Masculino,4,-1,Ágata,5.0,4.833333333333333,7.898550724666666,8.334,6.26,7.03,6.693026811600001,7.21875,2024
305,Masculino,4,-1,Ágata,5.0,4.833333333333333,7.898550724666666,8.334,6.26,7.03,6.693026811600001,7.65625,2024
305,Masculino,4,-1,Ágata,5.0,4.833333333333333,7.898550724666666,8.334,6.26,7.03,6.693026811600001,7.8125,2024
421,Masculino,4,1,Topázio,10.0,6.666666666666667,9.540744978333334,8.751,7.51,8.572,8.488232329,8.1145833334,2024
421,Masculino,4,1,Topázio,10.0,6.666666666666667,9.540744978333334,8.751,7.51,8.572,8.488232329,7.8125,2024
421,Masculino,4,1,Topázio,10.0,6.666666666666667,9.540744978333334,8.751,7.51,8.572,8.488232329,9.0625,2024
1169,Feminino,4,-1,Ágata,5.0,6.833333333333333,8.444444444333334,6.25,5.635,6.8,6.885305555533334,7.03125,2024
1169,Feminino,4,-1,Ágata,5.0,6.833333333333333,8.444444444333334,6.25,5.635,6.8,6.885305555533334,7.8125,2024
1593,Masculino,4,-1,Ágata,5.0,6.5,4.868875086666667,6.249,6.26,8.538,6.638525017333334,9.0625,2024
1594,Masculino,4,-2,Quartzo,5.0,3.0,6.112836439,9.585,6.26,5.996,5.731267287800001,6.25,2024
283,Masculino,4,-2,Ametista,5.0,8.0,9.761904762,8.751,6.885,7.736,7.9444309524,6.8541666666,2024
283,Masculino,4,-2,Ametista,5.0,8.0,9.761904762,8.751,6.885,7.736,7.9444309524,7.03125,2024
283,Masculino,4,-2,Ametista,5.0,8.0,9.761904762,8.751,6.885,7.736,7.9444309524,7.8125,2024
459,Masculino,4,0,Ametista,10.0,4.666666666666667,8.454106280333333,7.917,5.635,7.366,7.233804589400001,6.708333333400001,2024
459,Masculino,4,0,Ametista,10.0,4.666666666666667,8.454106280333333,7.917,5.635,7.366,7.233804589400001,7.1875,2024
459,Masculino,4,0,Ametista,10.0,4.666666666666667,8.454106280333333,7.917,5.635,7.366,7.233804589400001,7.8125,2024
454,Masculino,4,-2,Quartzo,5.0,3.6666666666666665,6.633138401666667,9.585,6.255,5.833333333,5.8522943469666675,6.0625,2024
454,Masculino,4,-2,Quartzo,5.0,3.6666666666666665,6.633138401666667,9.585,6.255,5.833333333,5.8522943469666675,4.6875,2024
454,Masculino,4,-2,Quartzo,5.0,3.6666666666666665,6.633138401666667,9.585,6.255,5.833333333,5.8522943469666675,5.416666667,2024
1595,Masculino,4,0,Ágata,10.0,2.3333333333333335,7.949735449666666,8.334,6.26,7.021666667,6.6599304233000005,7.395833333,2024
1596,Feminino,4,-2,Ametista,5.0,3.3333333333333335,10.0,8.751,7.51,8.226666667,7.261016666766667,8.229166667,2024
170,Feminino,4,-1,Ametista,5.0,8.0,8.5,9.168,5.635,8.028333333,7.646383333300001,7.3125,2024
170,Feminino,4,-1,Ametista,5.0,8.0,8.5,9.168,5.635,8.028333333,7.646383333300001,6.875,2024
170,Feminino,4,-1,Ametista,5.0,8.0,8.5,9.168,5.635,8.028333333,7.646383333300001,7.604166667,2024
1597,Feminino,4,-1,Ágata,5.0,2.8333333333333335,8.412698412666666,7.5,7.51,8.28,6.7187063492,8.125,2024
1171,Masculino,4,-1,Ametista,5.0,7.5,7.230158729999999,8.334,7.51,8.643333333,7.6236817459,8.75,2024
1171,Masculino,4,-1,Ametista,5.0,7.5,7.230158729999999,8.334,7.51,8.643333333,7.6236817459,8.645833333,2024
116,Feminino,5,-2,Ágata,5.0,4.5,7.535353535666666,8.334,5.635,6.73,6.337470707133334,7.59375,2024
116,Feminino,5,-2,Ágata,5.0,4.5,7.535353535666666,8.334,5.635,6.73,6.337470707133334,7.96875,2024
116,Feminino,5,-2,Ágata,5.0,4.5,7.535353535666666,8.334,5.635,6.73,6.337470707133334,6.875,2024
217,Feminino,5,-1,Ametista,5.0,7.833333333333333,8.917748917666666,8.334,6.26,6.994,7.4209164502,7.4791666666,2024
217,Feminino,5,-1,Ametista,5.0,7.833333333333333,8.917748917666666,8.334,6.26,6.994,7.4209164502,8.4375,2024
217,Feminino,5,-1,Ametista,5.0,7.833333333333333,8.917748917666666,8.334,6.26,6.994,7.4209164502,7.125,2024
103,Feminino,5,0,Topázio,10.0,9.166666666666666,9.603174603333335,8.334,6.26,8.872,8.775268254,8.0625,2024
103,Feminino,5,0,Topázio,10.0,9.166666666666666,9.603174603333335,8.334,6.26,8.872,8.775268254,8.125,2024
103,Feminino,5,0,Topázio,10.0,9.166666666666666,9.603174603333335,8.334,6.26,8.872,8.775268254,7.875,2024
178,Feminino,5,0,Ametista,10.0,4.166666666666667,8.739177489333334,9.585,6.26,6.53,7.234168831200001,7.8125,2024
178,Feminino,5,0,Ametista,10.0,4.166666666666667,8.739177489333334,9.585,6.26,6.53,7.234168831200001,7.65625,2024
178,Feminino,5,0,Ametista,10.0,4.166666666666667,8.739177489333334,9.585,6.26,6.53,7.234168831200001,7.625,2024
1172,Feminino,5,-1,Quartzo,5.0,3.3333333333333335,6.0634920633333325,7.5,6.26,6.196,5.719565079333334,8.59375,2024
1172,Feminino,5,-1,Quartzo,5.0,3.3333333333333335,6.0634920633333325,7.5,6.26,6.196,5.719565079333334,7.25,2024
180,Masculino,5,2,Topázio,10.0,8.5,9.431818181666666,9.168,7.51,8.674,8.801463636333335,8.5520833334,2024
180,Masculino,5,2,Topázio,10.0,8.5,9.431818181666666,9.168,7.51,8.674,8.801463636333335,8.4375,2024
180,Masculino,5,2,Topázio,10.0,8.5,9.431818181666666,9.168,7.51,8.674,8.801463636333335,8.125,2024
181,Feminino,5,0,Ametista,10.0,4.333333333333333,8.737373737333334,7.5,6.26,8.436,7.439841414133334,8.1875,2024
181,Feminino,5,0,Ametista,10.0,4.333333333333333,8.737373737333334,7.5,6.26,8.436,7.439841414133334,7.96875,2024
181,Feminino,5,0,Ametista,10.0,4.333333333333333,8.737373737333334,7.5,6.26,8.436,7.439841414133334,7.625,2024
121,Feminino,5,-2,Ametista,5.0,8.833333333333334,8.152958153,8.751,6.26,6.764,7.476158297266668,7.5,2024
121,Feminino,5,-2,Ametista,5.0,8.833333333333334,8.152958153,8.751,6.26,6.764,7.476158297266668,7.34375,2024
121,Feminino,5,-2,Ametista,5.0,8.833333333333334,8.152958153,8.751,6.26,6.764,7.476158297266668,7.25,2024
211,Masculino,5,0,Topázio,10.0,7.0,9.379509379666667,9.585,7.51,7.866,8.283601875933334,8.1979166666,2024
211,Masculino,5,0,Topázio,10.0,7.0,9.379509379666667,9.585,7.51,7.866,8.283601875933334,7.65625,2024
211,Masculino,5,0,Topázio,10.0,7.0,9.379509379666667,9.585,7.51,7.866,8.283601875933334,7.25,2024
1198,Feminino,5,-1,Ágata,5.0,3.5,9.458874459,8.751,7.51,7.332,6.9217748918,7.5,2024
1198,Feminino,5,-1,Ágata,5.0,3.5,9.458874459,8.751,7.51,7.332,6.9217748918,7.375,2024
110,Masculino,5,0,Topázio,10.0,8.5,9.696969697,9.168,6.255,8.504,8.6324939394,8.34375,2024
110,Masculino,5,0,Topázio,10.0,8.5,9.696969697,9.168,6.255,8.504,8.6324939394,8.75,2024
110,Masculino,5,0,Topázio,10.0,8.5,9.696969697,9.168,6.255,8.504,8.6324939394,7.5,2024
189,Masculino,5,0,Topázio,10.0,8.166666666666666,10.0,10.002,6.255,8.2,8.586533333333334,7.875,2024
189,Masculino,5,0,Topázio,10.0,8.166666666666666,10.0,10.002,6.255,8.2,8.586533333333334,8.28125,2024
189,Masculino,5,0,Topázio,10.0,8.166666666666666,10.0,10.002,6.255,8.2,8.586533333333334,6.875,2024
127,Feminino,5,0,Topázio,10.0,7.833333333333333,9.488636363666666,8.751,7.51,8.538,8.5605939394,8.1041666666,2024
127,Feminino,5,0,Topázio,10.0,7.833333333333333,9.488636363666666,8.751,7.51,8.538,8.5605939394,8.4375,2024
127,Feminino,5,0,Topázio,10.0,7.833333333333333,9.488636363666666,8.751,7.51,8.538,8.5605939394,7.625,2024
115,Feminino,5,-2,Quartzo,5.0,4.166666666666667,4.164756812,7.917,6.26,5.726,5.404184695733334,6.55,2024
115,Feminino,5,-2,Quartzo,5.0,4.166666666666667,4.164756812,7.917,6.26,5.726,5.404184695733334,7.34375,2024
115,Feminino,5,-2,Quartzo,5.0,4.166666666666667,4.164756812,7.917,6.26,5.726,5.404184695733334,6.75,2024
215,Feminino,5,0,Ametista,10.0,5.666666666666667,6.455627705333334,7.084,6.26,7.432,7.045258874400002,7.4270833334,2024
215,Feminino,5,0,Ametista,10.0,5.666666666666667,6.455627705333334,7.084,6.26,7.432,7.045258874400002,7.96875,2024
215,Feminino,5,0,Ametista,10.0,5.666666666666667,6.455627705333334,7.084,6.26,7.432,7.045258874400002,8.0,2024
1598,Feminino,5,0,Topázio,10.0,7.5,8.857142857,9.585,7.51,8.236,8.4656285714,8.375,2024
1174,Feminino,5,0,Ametista,10.0,5.0,8.349567099333333,8.751,6.26,7.266,7.374213419866667,8.90625,2024
1174,Feminino,5,0,Ametista,10.0,5.0,8.349567099333333,8.751,6.26,7.266,7.374213419866667,7.5,2024
192,Masculino,5,-2,Ágata,5.0,7.166666666666667,6.363636363666667,8.334,7.51,6.9,6.882960606066668,5.8895833334,2024
192,Masculino,5,-2,Ágata,5.0,7.166666666666667,6.363636363666667,8.334,7.51,6.9,6.882960606066668,7.1875,2024
192,Masculino,5,-2,Ágata,5.0,7.166666666666667,6.363636363666667,8.334,7.51,6.9,6.882960606066668,7.125,2024
220,Feminino,5,0,Ametista,10.0,6.833333333333333,8.198051948,8.751,6.26,7.332,7.6987770562666675,7.46875,2024
220,Feminino,5,0,Ametista,10.0,6.833333333333333,8.198051948,8.751,6.26,7.332,7.6987770562666675,7.1875,2024
220,Feminino,5,0,Ametista,10.0,6.833333333333333,8.198051948,8.751,6.26,7.332,7.6987770562666675,7.25,2024
186,Feminino,5,1,Topázio,10.0,7.166666666666667,9.640151515,7.917,6.26,8.672,8.325963636333334,7.8125,2024
186,Feminino,5,1,Topázio,10.0,7.166666666666667,9.640151515,7.917,6.26,8.672,8.325963636333334,7.96875,2024
186,Feminino,5,1,Topázio,10.0,7.166666666666667,9.640151515,7.917,6.26,8.672,8.325963636333334,8.125,2024
1181,Feminino,5,0,Ágata,10.0,3.8333333333333335,5.036075036,9.168,6.26,5.862,6.2015816738666665,7.5,2024
1181,Feminino,5,0,Ágata,10.0,3.8333333333333335,5.036075036,9.168,6.26,5.862,6.2015816738666665,7.125,2024
1599,Feminino,5,-2,Ametista,5.0,6.5,9.666666666666666,8.334,7.51,7.566,7.6059333333333345,7.75,2024
111,Feminino,5,0,Topázio,10.0,8.333333333333334,9.488636363666666,9.168,6.26,8.74,8.667693939400001,8.1875,2024
111,Feminino,5,0,Topázio,10.0,8.333333333333334,9.488636363666666,9.168,6.26,8.74,8.667693939400001,7.65625,2024
111,Feminino,5,0,Topázio,10.0,8.333333333333334,9.488636363666666,9.168,6.26,8.74,8.667693939400001,8.125,2024
1600,Feminino,5,-2,Ágata,5.0,5.666666666666667,8.425925926,8.751,6.26,6.03,6.750618518533334,7.25,2024
1601,Feminino,5,-1,Ametista,5.0,6.5,7.0,8.751,7.51,8.335,7.2431,7.5,2024
176,Feminino,5,1,Topázio,10.0,8.833333333333334,9.545454545333333,9.585,6.26,8.545,8.828632575733334,8.5,2024
176,Feminino,5,1,Topázio,10.0,8.833333333333334,9.545454545333333,9.585,6.26,8.545,8.828632575733334,8.125,2024
176,Feminino,5,1,Topázio,10.0,8.833333333333334,9.545454545333333,9.585,6.26,8.545,8.828632575733334,8.59375,2024
1602,Feminino,5,0,Topázio,10.0,7.166666666666667,8.782407407333332,7.917,7.51,7.875,8.041889814800001,7.34375,2024
1603,Feminino,5,-1,Ametista,5.0,8.333333333333334,9.259259258999998,7.5,7.51,7.835,7.836518518466668,7.5,2024
1604,Masculino,5,-1,Topázio,5.0,8.5,7.777777778,9.168,7.51,8.88,8.0118555556,8.125,2024
193,Masculino,5,1,Topázio,10.0,7.0,9.848484848333333,8.751,6.26,8.7525,8.465046969666668,8.3958333334,2024
193,Masculino,5,1,Topázio,10.0,7.0,9.848484848333333,8.751,6.26,8.7525,8.465046969666668,8.125,2024
193,Masculino,5,1,Topázio,10.0,7.0,9.848484848333333,8.751,6.26,8.7525,8.465046969666668,8.4375,2024
195,Feminino,5,1,Topázio,10.0,7.833333333333333,9.682539682666667,7.5,6.26,8.965,8.4690496032,7.5520833334,2024
195,Feminino,5,1,Topázio,10.0,7.833333333333333,9.682539682666667,7.5,6.26,8.965,8.4690496032,8.4375,2024
195,Feminino,5,1,Topázio,10.0,7.833333333333333,9.682539682666667,7.5,6.26,8.965,8.4690496032,7.96875,2024
196,Masculino,5,1,Topázio,10.0,8.0,9.689754689666666,8.751,7.51,8.9225,8.823550937933334,8.5104166668,2024
196,Masculino,5,1,Topázio,10.0,8.0,9.689754689666666,8.751,7.51,8.9225,8.823550937933334,8.28125,2024
196,Masculino,5,1,Topázio,10.0,8.0,9.689754689666666,8.751,7.51,8.9225,8.823550937933334,8.75,2024
197,Feminino,5,0,Topázio,10.0,8.333333333333334,9.848484848333333,7.5,6.26,8.795,8.568238636333334,8.3125,2024
197,Feminino,5,0,Topázio,10.0,8.333333333333334,9.848484848333333,7.5,6.26,8.795,8.568238636333334,7.96875,2024
197,Feminino,5,0,Topázio,10.0,8.333333333333334,9.848484848333333,7.5,6.26,8.795,8.568238636333334,7.96875,2024
229,Masculino,5,1,Topázio,10.0,8.833333333333334,9.841269841333334,9.585,5.635,8.8375,8.852545634933334,8.5104166668,2024
229,Masculino,5,1,Topázio,10.0,8.833333333333334,9.841269841333334,9.585,5.635,8.8375,8.852545634933334,8.28125,2024
229,Masculino,5,1,Topázio,10.0,8.833333333333334,9.841269841333334,9.585,5.635,8.8375,8.852545634933334,8.28125,2024
202,Feminino,5,-1,Ametista,5.0,7.5,7.880952381,8.334,6.26,7.75,7.3512154762,7.6875,2024
202,Feminino,5,-1,Ametista,5.0,7.5,7.880952381,8.334,6.26,7.75,7.3512154762,7.96875,2024
202,Feminino,5,-1,Ametista,5.0,7.5,7.880952381,8.334,6.26,7.75,7.3512154762,7.65625,2024
1176,Masculino,5,1,Topázio,10.0,9.166666666666666,9.682539682666667,8.751,6.26,8.9225,8.914816269866666,9.6875,2024
1176,Masculino,5,1,Topázio,10.0,9.166666666666666,9.682539682666667,8.751,6.26,8.9225,8.914816269866666,8.59375,2024
1177,Feminino,5,0,Topázio,10.0,7.333333333333333,9.824561403666666,8.751,6.26,8.125,8.3233039474,8.90625,2024
1177,Feminino,5,0,Topázio,10.0,7.333333333333333,9.824561403666666,8.751,6.26,8.125,8.3233039474,7.65625,2024
146,Feminino,5,-2,Topázio,5.0,9.333333333333334,9.514316093333333,8.751,5.635,8.304,8.134554885333333,7.4583333334,2024
146,Feminino,5,-2,Topázio,5.0,9.333333333333334,9.514316093333333,8.751,5.635,8.304,8.134554885333333,8.4375,2024
146,Feminino,5,-2,Topázio,5.0,9.333333333333334,9.514316093333333,8.751,5.635,8.304,8.134554885333333,7.65625,2024
1199,Masculino,5,-2,Ametista,5.0,9.0,8.571428571333334,7.5,5.005,8.466,7.614235714266666,6.875,2024
1199,Masculino,5,-2,Ametista,5.0,9.0,8.571428571333334,7.5,5.005,8.466,7.614235714266666,6.5625,2024
1178,Masculino,5,-1,Topázio,5.0,8.333333333333334,9.682539682666667,8.751,6.26,8.696,8.0934746032,7.96875,2024
1178,Masculino,5,-1,Topázio,5.0,8.333333333333334,9.682539682666667,8.751,6.26,8.696,8.0934746032,7.5,2024
149,Feminino,5,-2,Quartzo,5.0,3.8333333333333335,4.104378593666667,9.585,6.26,6.626,5.7316173854,7.4895833334,2024
149,Feminino,5,-2,Quartzo,5.0,3.8333333333333335,4.104378593666667,9.585,6.26,6.626,5.7316173854,7.5,2024
149,Feminino,5,-2,Quartzo,5.0,3.8333333333333335,4.104378593666667,9.585,6.26,6.626,5.7316173854,7.34375,2024
1605,Masculino,5,-1,Quartzo,5.0,2.5,5.0694444443333335,0.0,7.51,7.028,4.920488888866667,7.5,2024
107,Feminino,5,-1,Ágata,5.0,4.666666666666667,7.9949874686666655,7.5,7.51,6.964,6.676130827066667,7.53125,2024
107,Feminino,5,-1,Ágata,5.0,4.666666666666667,7.9949874686666655,7.5,7.51,6.964,6.676130827066667,7.34375,2024
107,Feminino,5,-1,Ágata,5.0,4.666666666666667,7.9949874686666655,7.5,7.51,6.964,6.676130827066667,7.5,2024
184,Masculino,5,1,Topázio,10.0,8.166666666666666,8.696741854666667,8.751,6.26,9.004,8.471456704266666,7.6145833334,2024
184,Masculino,5,1,Topázio,10.0,8.166666666666666,8.696741854666667,8.751,6.26,9.004,8.471456704266666,8.59375,2024
184,Masculino,5,1,Topázio,10.0,8.166666666666666,8.696741854666667,8.751,6.26,9.004,8.471456704266666,7.96875,2024
1606,Feminino,5,-2,Quartzo,5.0,2.5,5.148148148,8.334,7.51,7.132,5.8216796296,7.8125,2024
1607,Masculino,5,-1,Quartzo,5.0,0.0,6.222222222333333,5.833,5.635,6.762,4.899894444466667,6.5625,2024
1608,Masculino,5,0,Ametista,10.0,5.0,7.199074074333335,8.751,7.51,6.83,7.072539814866667,6.40625,2024
1173,Masculino,5,0,Topázio,10.0,5.833333333333333,9.665831245,9.168,7.51,8.2,8.220132915666667,7.8125,2024
1173,Masculino,5,0,Topázio,10.0,5.833333333333333,9.665831245,9.168,7.51,8.2,8.220132915666667,8.125,2024
237,Feminino,5,-1,Ametista,5.0,7.666666666666667,9.689754689666666,8.751,6.26,8.336666667,7.931384271366667,8.09375,2024
237,Feminino,5,-1,Ametista,5.0,7.666666666666667,9.689754689666666,8.751,6.26,8.336666667,7.931384271366667,8.125,2024
237,Feminino,5,-1,Ametista,5.0,7.666666666666667,9.689754689666666,8.751,6.26,8.336666667,7.931384271366667,7.916666667,2024
147,Feminino,5,-1,Ametista,5.0,6.166666666666667,9.277056277,8.334,7.51,7.386666667,7.400477922133334,7.625,2024
147,Feminino,5,-1,Ametista,5.0,6.166666666666667,9.277056277,8.334,7.51,7.386666667,7.400477922133334,6.875,2024
147,Feminino,5,-1,Ametista,5.0,6.166666666666667,9.277056277,8.334,7.51,7.386666667,7.400477922133334,7.5,2024
131,Feminino,5,-2,Ametista,5.0,5.0,9.444444444666667,8.751,7.51,7.386666667,7.263155555633333,7.46875,2024
131,Feminino,5,-2,Ametista,5.0,5.0,9.444444444666667,8.751,7.51,7.386666667,7.263155555633333,7.65625,2024
131,Feminino,5,-2,Ametista,5.0,5.0,9.444444444666667,8.751,7.51,7.386666667,7.263155555633333,7.708333333,2024
1609,Feminino,5,-2,Ametista,5.0,6.0,9.666666666666666,8.334,7.51,7.943333333,7.577233333233334,7.708333333,2024
137,Feminino,5,-2,Ágata,5.0,6.833333333333333,7.582972583,9.585,5.005,6.276666667,6.576761183366667,7.34375,2024
137,Feminino,5,-2,Ágata,5.0,6.833333333333333,7.582972583,9.585,5.005,6.276666667,6.576761183366667,6.40625,2024
137,Feminino,5,-2,Ágata,5.0,6.833333333333333,7.582972583,9.585,5.005,6.276666667,6.576761183366667,4.791666667,2024
1184,Masculino,5,-1,Ametista,5.0,7.666666666666667,8.658008657666668,6.666,7.51,7.5,7.411701731566668,8.125,2024
1184,Masculino,5,-1,Ametista,5.0,7.666666666666667,8.658008657666668,6.666,7.51,7.5,7.411701731566668,7.291666667,2024
138,Masculino,5,-2,Ametista,5.0,5.833333333333333,8.751803751666666,9.585,7.51,7.443333333,7.3860274169,6.9375,2024
138,Masculino,5,-2,Ametista,5.0,5.833333333333333,8.751803751666666,9.585,7.51,7.443333333,7.3860274169,7.34375,2024
138,Masculino,5,-2,Ametista,5.0,5.833333333333333,8.751803751666666,9.585,7.51,7.443333333,7.3860274169,7.708333333,2024
1610,Masculino,5,-2,Ágata,5.0,5.166666666666667,7.753697970666667,9.168,7.51,6.106666667,6.7023729275666675,7.291666667,2024
1611,Masculino,5,-2,Ágata,5.0,4.5,8.361426442,7.083,7.51,5.886666667,6.4589186218000005,7.5,2024
1612,Masculino,5,-2,Ametista,5.0,6.166666666666667,8.523809523666666,6.666,7.51,6.94,7.014528571366666,7.708333333,2024
1188,Feminino,5,-1,Ametista,5.0,7.0,10.0,9.168,7.51,7.106666667,7.801633333400001,8.125,2024
1613,Feminino,5,-2,Ágata,5.0,3.0,7.1428571430000005,8.334,7.51,6.216666667,6.085471428700001,7.291666667,2024
244,Feminino,5,1,Topázio,10.0,9.5,10.0,7.5,6.26,8.17,8.7225,8.5,2024
244,Feminino,5,1,Topázio,10.0,9.5,10.0,7.5,6.26,8.17,8.7225,8.125,2024
244,Feminino,5,1,Topázio,10.0,9.5,10.0,7.5,6.26,8.17,8.7225,8.125,2024
267,Feminino,5,-2,Quartzo,5.0,2.0,8.285533910333333,10.002,6.26,6.273333333,5.8963067819666675,7.28125,2024
267,Feminino,5,-2,Quartzo,5.0,2.0,8.285533910333333,10.002,6.26,6.273333333,5.8963067819666675,4.583333333,2024
1189,Feminino,5,-1,Ametista,5.0,7.666666666666667,8.672360248333332,9.585,7.51,7.106666667,7.6486387164,7.5,2024
113,Feminino,5,-1,Ametista,5.0,6.666666666666667,7.063851181666667,8.751,7.51,7.106666667,7.043536903066667,6.24375,2024
113,Feminino,5,-1,Ametista,5.0,6.666666666666667,7.063851181666667,8.751,7.51,7.106666667,7.043536903066667,7.5,2024
152,Feminino,5,-2,Ágata,5.0,5.166666666666667,7.337719298333333,7.5,5.63,7.443333333,6.5837938596,7.3958333334,2024
152,Feminino,5,-2,Ágata,5.0,5.166666666666667,7.337719298333333,7.5,5.63,7.443333333,6.5837938596,7.8125,2024
152,Feminino,5,-2,Ágata,5.0,5.166666666666667,7.337719298333333,7.5,5.63,7.443333333,6.5837938596,7.8125,2024
318,Feminino,5,-1,Ametista,5.0,4.666666666666667,9.129629629666667,7.917,7.51,7.443333333,7.025000925866668,7.3750000002,2024
318,Feminino,5,-1,Ametista,5.0,4.666666666666667,9.129629629666667,7.917,7.51,7.443333333,7.025000925866668,7.96875,2024
318,Feminino,5,-1,Ametista,5.0,4.666666666666667,9.129629629666667,7.917,7.51,7.443333333,7.025000925866668,7.34375,2024
274,Feminino,5,2,Topázio,10.0,9.333333333333334,9.648148147999999,8.334,5.635,8.226666667,8.651029629666667,7.6354166666,2024
274,Feminino,5,2,Topázio,10.0,9.333333333333334,9.648148147999999,8.334,5.635,8.226666667,8.651029629666667,7.65625,2024
274,Feminino,5,2,Topázio,10.0,9.333333333333334,9.648148147999999,8.334,5.635,8.226666667,8.651029629666667,8.125,2024
319,Masculino,5,0,Ametista,10.0,5.833333333333333,9.024122807,9.585,7.51,7.666666667,7.948699561466667,7.8229166666,2024
319,Masculino,5,0,Ametista,10.0,5.833333333333333,9.024122807,9.585,7.51,7.666666667,7.948699561466667,8.59375,2024
319,Masculino,5,0,Ametista,10.0,5.833333333333333,9.024122807,9.585,7.51,7.666666667,7.948699561466667,7.34375,2024
160,Feminino,5,-1,Ágata,5.0,5.666666666666667,7.416666666666667,8.334,6.26,7.723333333,6.855108333266668,7.71875,2024
160,Feminino,5,-1,Ágata,5.0,5.666666666666667,7.416666666666667,8.334,6.26,7.723333333,6.855108333266668,8.125,2024
160,Feminino,5,-1,Ágata,5.0,5.666666666666667,7.416666666666667,8.334,6.26,7.723333333,6.855108333266668,7.34375,2024
161,Feminino,5,0,Ametista,10.0,4.0,7.965686274666666,8.751,6.26,7.836666667,7.258445588333334,7.96875,2024
161,Feminino,5,0,Ametista,10.0,4.0,7.965686274666666,8.751,6.26,7.836666667,7.258445588333334,8.125,2024
161,Feminino,5,0,Ametista,10.0,4.0,7.965686274666666,8.751,6.26,7.836666667,7.258445588333334,7.96875,2024
1614,Masculino,5,-1,Ágata,5.0,6.5,6.574494949666668,7.5,7.51,7.11,6.787898989933334,7.5,2024
164,Masculino,5,-2,Ágata,5.0,5.666666666666667,8.084795321666666,9.585,6.26,6.886666667,6.837125731066667,7.28125,2024
164,Masculino,5,-2,Ágata,5.0,5.666666666666667,8.084795321666666,9.585,6.26,6.886666667,6.837125731066667,6.875,2024
164,Masculino,5,-2,Ágata,5.0,5.666666666666667,8.084795321666666,9.585,6.26,6.886666667,6.837125731066667,6.25,2024
165,Feminino,5,0,Topázio,10.0,8.5,9.431042884999998,7.5,7.51,7.893333333,8.4627502436,8.15625,2024
165,Feminino,5,0,Topázio,10.0,8.5,9.431042884999998,7.5,7.51,7.893333333,8.4627502436,8.125,2024
165,Feminino,5,0,Topázio,10.0,8.5,9.431042884999998,7.5,7.51,7.893333333,8.4627502436,7.96875,2024
1615,Feminino,5,0,Topázio,10.0,8.333333333333334,9.833333333333334,7.917,7.51,7.4575,8.417533333333333,7.5,2024
1616,Feminino,5,-1,Ametista,5.0,6.166666666666667,8.436274509666667,8.334,7.51,7.12,7.147738235266668,7.1875,2024
271,Feminino,5,-1,Ametista,5.0,7.333333333333333,8.958333333333334,9.168,6.26,6.7475,7.400633333333334,7.3541666666,2024
271,Feminino,5,-1,Ametista,5.0,7.333333333333333,8.958333333333334,9.168,6.26,6.7475,7.400633333333334,8.125,2024
271,Feminino,5,-1,Ametista,5.0,7.333333333333333,8.958333333333334,9.168,6.26,6.7475,7.400633333333334,7.5,2024
316,Feminino,5,0,Topázio,10.0,8.0,10.0,9.168,7.51,8.3775,8.708925,7.78125,2024
316,Feminino,5,0,Topázio,10.0,8.0,10.0,9.168,7.51,8.3775,8.708925,8.59375,2024
316,Feminino,5,0,Topázio,10.0,8.0,10.0,9.168,7.51,8.3775,8.708925,7.65625,2024
286,Feminino,5,-1,Quartzo,5.0,3.1666666666666665,4.031862745000001,6.666,6.26,5.7825,5.123180882333333,6.38125,2024
286,Feminino,5,-1,Quartzo,5.0,3.1666666666666665,4.031862745000001,6.666,6.26,5.7825,5.123180882333333,8.125,2024
286,Feminino,5,-1,Quartzo,5.0,3.1666666666666665,4.031862745000001,6.666,6.26,5.7825,5.123180882333333,7.34375,2024
320,Feminino,5,0,Topázio,10.0,6.666666666666667,10.0,9.168,7.51,8.3775,8.442258333333335,7.78125,2024
320,Feminino,5,0,Topázio,10.0,6.666666666666667,10.0,9.168,7.51,8.3775,8.442258333333335,8.59375,2024
320,Feminino,5,0,Topázio,10.0,6.666666666666667,10.0,9.168,7.51,8.3775,8.442258333333335,7.65625,2024
1207,Feminino,5,-1,Ágata,5.0,5.333333333333333,6.581140350999999,8.334,7.51,6.5375,6.509169736866667,7.8125,2024
1207,Feminino,5,-1,Ágata,5.0,5.333333333333333,6.581140350999999,8.334,7.51,6.5375,6.509169736866667,7.34375,2024
1617,Feminino,5,-1,Quartzo,5.0,3.25,5.571428571333333,0.0,7.51,6.1175,4.926285714266666,6.875,2024
158,Feminino,5,0,Ágata,10.0,4.0,7.796296296333334,8.334,6.26,6.745,6.855159259266667,7.59375,2024
158,Feminino,5,0,Ágata,10.0,4.0,7.796296296333334,8.334,6.26,6.745,6.855159259266667,8.28125,2024
158,Feminino,5,0,Ágata,10.0,4.0,7.796296296333334,8.334,6.26,6.745,6.855159259266667,6.875,2024
306,Feminino,5,-1,Ágata,5.0,2.8333333333333335,7.699561403666666,7.917,7.51,6.4125,6.1661539474,7.1041666668,2024
306,Feminino,5,-1,Ágata,5.0,2.8333333333333335,7.699561403666666,7.917,7.51,6.4125,6.1661539474,7.34375,2024
306,Feminino,5,-1,Ágata,5.0,2.8333333333333335,7.699561403666666,7.917,7.51,6.4125,6.1661539474,7.34375,2024
1618,Masculino,5,-1,Ametista,5.0,6.333333333333333,7.908496732000001,8.334,7.51,6.83,7.0487660130666665,7.5,2024
308,Masculino,5,1,Ametista,10.0,6.5,8.714912280666667,7.083,5.635,7.1225,7.489282456133334,6.072916666599999,2024
308,Masculino,5,1,Ametista,10.0,6.5,8.714912280666667,7.083,5.635,7.1225,7.489282456133334,7.03125,2024
308,Masculino,5,1,Ametista,10.0,6.5,8.714912280666667,7.083,5.635,7.1225,7.489282456133334,7.5,2024
1619,Masculino,5,1,Ametista,10.0,4.25,9.259259259333334,7.501,7.51,7.205,7.393951851866667,7.5,2024
299,Feminino,5,1,Topázio,10.0,8.166666666666666,8.963768115999999,8.751,6.26,7.5,8.177186956533333,7.625,2024
299,Feminino,5,1,Topázio,10.0,8.166666666666666,8.963768115999999,8.751,6.26,7.5,8.177186956533333,7.96875,2024
299,Feminino,5,1,Topázio,10.0,8.166666666666666,8.963768115999999,8.751,6.26,7.5,8.177186956533333,7.5,2024
251,Masculino,5,-1,Ágata,5.0,4.5,8.612836439,8.751,5.63,7.326666667,6.7135006212,7.3125,2024
251,Masculino,5,-1,Ágata,5.0,4.5,8.612836439,8.751,5.63,7.326666667,6.7135006212,7.34375,2024
251,Masculino,5,-1,Ágata,5.0,4.5,8.612836439,8.751,5.63,7.326666667,6.7135006212,6.875,2024
157,Feminino,5,1,Topázio,10.0,9.666666666666666,10.0,8.334,6.26,8.726666667,8.950566666733334,8.09375,2024
157,Feminino,5,1,Topázio,10.0,9.666666666666666,10.0,8.334,6.26,8.726666667,8.950566666733334,8.59375,2024
157,Feminino,5,1,Topázio,10.0,9.666666666666666,10.0,8.334,6.26,8.726666667,8.950566666733334,8.125,2024
1620,Masculino,5,-1,Ágata,5.0,5.166666666666667,6.666666666666667,8.751,7.51,7.05,6.652766666666667,7.5,2024
321,Feminino,5,1,Topázio,10.0,7.166666666666667,9.534706331,7.917,6.26,7.776666667,8.125807932933334,7.75,2024
321,Feminino,5,1,Topázio,10.0,7.166666666666667,9.534706331,7.917,6.26,7.776666667,8.125807932933334,8.125,2024
321,Feminino,5,1,Topázio,10.0,7.166666666666667,9.534706331,7.917,6.26,7.776666667,8.125807932933334,8.125,2024
1195,Feminino,5,-2,Ametista,5.0,6.166666666666667,9.855072463666666,9.585,5.63,7.663333333,7.5085144926666665,8.28125,2024
1195,Feminino,5,-2,Ametista,5.0,6.166666666666667,9.855072463666666,9.585,5.63,7.663333333,7.5085144926666665,7.5,2024
1200,Feminino,5,-1,Quartzo,5.0,1.5,7.099419478000001,7.917,6.26,6.27,5.6415838956,7.5,2024
1200,Feminino,5,-1,Quartzo,5.0,1.5,7.099419478000001,7.917,6.26,6.27,5.6415838956,7.5,2024
278,Masculino,5,1,Topázio,10.0,9.333333333333334,9.855072463666666,9.168,7.51,7.946666667,8.907314492800001,7.7291666666,2024
278,Masculino,5,1,Topázio,10.0,9.333333333333334,9.855072463666666,9.168,7.51,7.946666667,8.907314492800001,8.75,2024
278,Masculino,5,1,Topázio,10.0,9.333333333333334,9.855072463666666,9.168,7.51,7.946666667,8.907314492800001,8.125,2024
85,Masculino,5,-2,Ágata,5.0,7.666666666666667,8.668046928999999,8.334,3.755,6.993333333,6.999509385733333,5.8854166666,2024
85,Masculino,5,-2,Ágata,5.0,7.666666666666667,8.668046928999999,8.334,3.755,6.993333333,6.999509385733333,5.9375,2024
85,Masculino,5,-2,Ágata,5.0,7.666666666666667,8.668046928999999,8.334,3.755,6.993333333,6.999509385733333,6.25,2024
279,Masculino,5,1,Topázio,10.0,9.333333333333334,10.0,9.168,7.51,8.726666667,9.113133333366667,8.1354166666,2024
279,Masculino,5,1,Topázio,10.0,9.333333333333334,10.0,9.168,7.51,8.726666667,9.113133333366667,8.75,2024
279,Masculino,5,1,Topázio,10.0,9.333333333333334,10.0,9.168,7.51,8.726666667,9.113133333366667,8.333333333,2024
1621,Feminino,5,-1,Topázio,5.0,8.333333333333334,10.0,7.917,6.26,8.446666667,8.107033333366667,8.333333333,2024
280,Feminino,5,1,Topázio,10.0,9.333333333333334,9.855072463666666,7.917,6.26,8.67,8.822714492700001,7.6354166666,2024
280,Feminino,5,1,Topázio,10.0,9.333333333333334,9.855072463666666,7.917,6.26,8.67,8.822714492700001,8.28125,2024
280,Feminino,5,1,Topázio,10.0,9.333333333333334,9.855072463666666,7.917,6.26,8.67,8.822714492700001,8.333333333,2024
1201,Masculino,5,-1,Topázio,5.0,9.0,9.523809523666666,8.751,7.51,8.56,8.376195238033333,8.59375,2024
1201,Masculino,5,-1,Topázio,5.0,9.0,9.523809523666666,8.751,7.51,8.56,8.376195238033333,8.333333333,2024
1622,Feminino,5,-1,Topázio,5.0,9.666666666666666,10.0,8.334,7.51,7.89,8.429066666633334,8.333333333,2024
132,Feminino,6,0,Topázio,10.0,8.333333333333334,8.380952380666665,8.334,7.51,8.44,8.4746321428,8.3541666666,2024
132,Feminino,6,0,Topázio,10.0,8.333333333333334,8.380952380666665,8.334,7.51,8.44,8.4746321428,7.65625,2024
132,Feminino,6,0,Topázio,10.0,8.333333333333334,8.380952380666665,8.334,7.51,8.44,8.4746321428,8.59375,2024
42,Masculino,6,-1,Ametista,5.0,8.166666666666666,9.682539682666667,9.168,5.635,7.134,7.656628769866667,5.8854166666,2024
42,Masculino,6,-1,Ametista,5.0,8.166666666666666,9.682539682666667,9.168,5.635,7.134,7.656628769866667,6.5625,2024
42,Masculino,6,-1,Ametista,5.0,8.166666666666666,9.682539682666667,9.168,5.635,7.134,7.656628769866667,6.796875,2024
1623,Masculino,6,0,Ametista,10.0,6.0,8.518518518666667,9.168,6.26,7.666,7.7609537037333345,7.8125,2024
106,Feminino,6,0,Ametista,10.0,5.666666666666667,8.761904762,9.168,5.635,7.872,7.721664285733334,8.03125,2024
106,Feminino,6,0,Ametista,10.0,5.666666666666667,8.761904762,9.168,5.635,7.872,7.721664285733334,7.03125,2024
106,Feminino,6,0,Ametista,10.0,5.666666666666667,8.761904762,9.168,5.635,7.872,7.721664285733334,7.8125,2024
123,Masculino,6,-1,Ágata,5.0,7.166666666666667,8.412698412666666,7.5,5.635,6.43,6.887248015866668,7.53125,2024
123,Masculino,6,-1,Ágata,5.0,7.166666666666667,8.412698412666666,7.5,5.635,6.43,6.887248015866668,6.875,2024
123,Masculino,6,-1,Ágata,5.0,7.166666666666667,8.412698412666666,7.5,5.635,6.43,6.887248015866668,6.71875,2024
125,Feminino,6,-1,Ágata,5.0,6.166666666666667,5.6428571430000005,8.334,7.51,7.232,6.627079761933334,7.4583333334,2024
125,Feminino,6,-1,Ágata,5.0,6.166666666666667,5.6428571430000005,8.334,7.51,7.232,6.627079761933334,8.125,2024
125,Feminino,6,-1,Ágata,5.0,6.166666666666667,5.6428571430000005,8.334,7.51,7.232,6.627079761933334,7.34375,2024
1624,Feminino,6,-1,Ametista,5.0,7.5,9.460317460333334,7.917,7.51,7.636,7.743213492066667,7.8125,2024
1625,Masculino,6,0,Ágata,10.0,4.333333333333333,7.112887113,7.5,7.51,6.896,6.888194089266667,7.1875,2024
1626,Feminino,6,0,Topázio,10.0,7.333333333333333,9.696969697,8.751,7.51,8.404,8.541085606066668,8.28125,2024
1627,Feminino,6,-1,Ametista,5.0,7.833333333333333,7.777777777666667,7.083,7.51,8.172,7.481547222200001,7.65625,2024
1628,Feminino,6,0,Ametista,10.0,5.833333333333333,8.509823509666667,8.334,7.51,6.798,7.500131368600001,6.875,2024
112,Feminino,6,0,Topázio,10.0,8.0,7.978174603333333,7.083,7.51,8.004,8.052609920666667,8.0729166666,2024
112,Feminino,6,0,Topázio,10.0,8.0,7.978174603333333,7.083,7.51,8.004,8.052609920666667,7.96875,2024
112,Feminino,6,0,Topázio,10.0,8.0,7.978174603333333,7.083,7.51,8.004,8.052609920666667,7.96875,2024
1629,Feminino,6,-1,Ametista,5.0,7.25,8.645502645666667,9.585,7.51,7.266,7.560550529133334,7.1875,2024
91,Feminino,6,-1,Ametista,5.0,7.333333333333333,7.476190476333334,10.002,5.635,8.068,7.426704761933335,7.65625,2024
91,Feminino,6,-1,Ametista,5.0,7.333333333333333,7.476190476333334,10.002,5.635,8.068,7.426704761933335,7.8125,2024
91,Feminino,6,-1,Ametista,5.0,7.333333333333333,7.476190476333334,10.002,5.635,8.068,7.426704761933335,7.875,2024
167,Feminino,6,-1,Topázio,5.0,8.166666666666666,9.473684210666667,8.751,6.26,8.334,8.033470175466666,7.65625,2024
167,Feminino,6,-1,Topázio,5.0,8.166666666666666,9.473684210666667,8.751,6.26,8.334,8.033470175466666,7.96875,2024
167,Feminino,6,-1,Topázio,5.0,8.166666666666666,9.473684210666667,8.751,6.26,8.334,8.033470175466666,8.375,2024
1203,Feminino,6,0,Topázio,10.0,9.0,9.649122807,9.168,7.51,8.572,8.9495245614,7.96875,2024
1203,Feminino,6,0,Topázio,10.0,9.0,9.649122807,9.168,7.51,8.572,8.9495245614,8.375,2024
94,Feminino,6,0,Topázio,10.0,8.0,9.666666666666666,10.002,6.26,8.2,8.637033333333335,8.59375,2024
94,Feminino,6,0,Topázio,10.0,8.0,9.666666666666666,10.002,6.26,8.2,8.637033333333335,8.75,2024
94,Feminino,6,0,Topázio,10.0,8.0,9.666666666666666,10.002,6.26,8.2,8.637033333333335,8.375,2024
81,Feminino,6,0,Topázio,10.0,7.5,9.333333333333334,9.168,6.26,7.798,8.256566666666668,7.65625,2024
81,Feminino,6,0,Topázio,10.0,7.5,9.333333333333334,9.168,6.26,7.798,8.256566666666668,7.8125,2024
81,Feminino,6,0,Topázio,10.0,7.5,9.333333333333334,9.168,6.26,7.798,8.256566666666668,7.875,2024
1630,Masculino,6,0,Topázio,10.0,7.333333333333333,9.833333333333334,8.334,7.51,8.702,8.583133333333334,8.25,2024
171,Masculino,6,-1,Ametista,5.0,8.333333333333334,7.833333333333333,7.5,5.635,7.598,7.3289333333333335,7.125,2024
171,Masculino,6,-1,Ametista,5.0,8.333333333333334,7.833333333333333,7.5,5.635,7.598,7.3289333333333335,7.1875,2024
171,Masculino,6,-1,Ametista,5.0,8.333333333333334,7.833333333333333,7.5,5.635,7.598,7.3289333333333335,7.625,2024
1220,Feminino,6,-1,Ametista,5.0,7.666666666666667,8.555555555666666,7.083,6.885,6.26,7.143244444466667,7.8125,2024
1220,Feminino,6,-1,Ametista,5.0,7.666666666666667,8.555555555666666,7.083,6.885,6.26,7.143244444466667,7.5,2024
1631,Masculino,6,-1,Topázio,5.0,7.166666666666667,10.0,9.585,7.51,8.468,8.186433333333333,8.5,2024
1632,Masculino,6,0,Topázio,10.0,6.666666666666667,10.0,9.168,7.51,8.066,8.389333333333335,7.75,2024
1210,Feminino,6,0,Topázio,10.0,5.5,10.0,9.585,7.51,8.166,8.2302,7.8125,2024
1210,Feminino,6,0,Topázio,10.0,5.5,10.0,9.585,7.51,8.166,8.2302,7.875,2024
175,Feminino,6,-1,Topázio,5.0,8.5,9.473684210666667,10.002,6.26,7.766,8.024136842133334,7.1458333334,2024
175,Feminino,6,-1,Topázio,5.0,8.5,9.473684210666667,10.002,6.26,7.766,8.024136842133334,7.1875,2024
175,Feminino,6,-1,Topázio,5.0,8.5,9.473684210666667,10.002,6.26,7.766,8.024136842133334,7.5,2024
80,Feminino,7,0,Topázio,10.0,7.0,7.8961292116666675,8.751,8.13,7.946666667,8.131659175733333,7.65625,2024
80,Feminino,7,0,Topázio,10.0,7.0,7.8961292116666675,8.751,8.13,7.946666667,8.131659175733333,7.96875,2024
80,Feminino,7,0,Topázio,10.0,7.0,7.8961292116666675,8.751,8.13,7.946666667,8.131659175733333,8.75,2024
40,Feminino,7,0,Ametista,10.0,5.333333333333333,7.211257310000001,7.083,8.13,6.276666667,7.098051462066667,7.71875,2024
40,Feminino,7,0,Ametista,10.0,5.333333333333333,7.211257310000001,7.083,8.13,6.276666667,7.098051462066667,7.96875,2024
40,Feminino,7,0,Ametista,10.0,5.333333333333333,7.211257310000001,7.083,8.13,6.276666667,7.098051462066667,8.125,2024
1214,Masculino,7,0,Topázio,10.0,8.0,9.081527348,10.002,8.13,7.663333333,8.5902971362,7.5,2024
1214,Masculino,7,0,Topázio,10.0,8.0,9.081527348,10.002,8.13,7.663333333,8.5902971362,8.28125,2024
92,Feminino,7,0,Topázio,10.0,7.5,8.769145085,10.002,7.51,6.33,8.052279017,7.59375,2024
92,Feminino,7,0,Topázio,10.0,7.5,8.769145085,10.002,7.51,6.33,8.052279017,7.1875,2024
92,Feminino,7,0,Topázio,10.0,7.5,8.769145085,10.002,7.51,6.33,8.052279017,7.8125,2024
45,Feminino,7,0,Topázio,10.0,8.0,9.619047619,7.5,9.38,8.283333333,8.743476190400001,7.46875,2024
45,Feminino,7,0,Topázio,10.0,8.0,9.619047619,7.5,9.38,8.283333333,8.743476190400001,8.28125,2024
45,Feminino,7,0,Topázio,10.0,8.0,9.619047619,7.5,9.38,8.283333333,8.743476190400001,8.75,2024
56,Feminino,7,0,Topázio,10.0,7.666666666666667,9.265350877333333,10.002,10.0,9.233333333,9.077020175400001,8.65625,2024
56,Feminino,7,0,Topázio,10.0,7.666666666666667,9.265350877333333,10.002,10.0,9.233333333,9.077020175400001,8.125,2024
56,Feminino,7,0,Topázio,10.0,7.666666666666667,9.265350877333333,10.002,10.0,9.233333333,9.077020175400001,8.4375,2024
57,Masculino,7,0,Ametista,10.0,6.166666666666667,6.010860484333333,9.585,6.88,7.39,7.4193804301999995,7.6125,2024
57,Masculino,7,0,Ametista,10.0,6.166666666666667,6.010860484333333,9.585,6.88,7.39,7.4193804301999995,7.96875,2024
57,Masculino,7,0,Ametista,10.0,6.166666666666667,6.010860484333333,9.585,6.88,7.39,7.4193804301999995,8.59375,2024
58,Masculino,7,0,Topázio,10.0,7.333333333333333,9.824561403666666,9.585,7.51,8.62,8.7713289474,8.375,2024
58,Masculino,7,0,Topázio,10.0,7.333333333333333,9.824561403666666,9.585,7.51,8.62,8.7713289474,8.4375,2024
58,Masculino,7,0,Topázio,10.0,7.333333333333333,9.824561403666666,9.585,7.51,8.62,8.7713289474,9.0625,2024
78,Feminino,7,0,Topázio,10.0,7.5,8.028404344,8.751,8.755,7.39,8.1780308688,7.3125,2024
78,Feminino,7,0,Topázio,10.0,7.5,8.028404344,8.751,8.755,7.39,8.1780308688,8.28125,2024
78,Feminino,7,0,Topázio,10.0,7.5,8.028404344,8.751,8.755,7.39,8.1780308688,8.4375,2024
87,Masculino,7,1,Topázio,10.0,9.166666666666666,9.649122807,8.751,9.375,9.623333333,9.437924561333332,8.34375,2024
87,Masculino,7,1,Topázio,10.0,9.166666666666666,9.649122807,8.751,9.375,9.623333333,9.437924561333332,8.125,2024
87,Masculino,7,1,Topázio,10.0,9.166666666666666,9.649122807,8.751,9.375,9.623333333,9.437924561333332,9.375,2024
64,Feminino,7,0,Topázio,10.0,8.166666666666666,8.980785296666667,10.002,8.135,8.283333333,8.743607059266667,7.40625,2024
64,Feminino,7,0,Topázio,10.0,8.166666666666666,8.980785296666667,10.002,8.135,8.283333333,8.743607059266667,7.34375,2024
64,Feminino,7,0,Topázio,10.0,8.166666666666666,8.980785296666667,10.002,8.135,8.283333333,8.743607059266667,8.4375,2024
48,Feminino,7,0,Topázio,10.0,7.5,8.339076859,7.917,9.375,8.23,8.402390371800001,7.7291666666,2024
48,Feminino,7,0,Topázio,10.0,7.5,8.339076859,7.917,9.375,8.23,8.402390371800001,7.65625,2024
48,Feminino,7,0,Topázio,10.0,7.5,8.339076859,7.917,9.375,8.23,8.402390371800001,8.59375,2024
1230,Feminino,7,0,Quartzo,10.0,0.0,0.0,7.917,7.195,7.5,4.7612000000000005,7.5,2024
90,Feminino,7,2,Topázio,10.0,8.066666666666666,9.0,10.002,6.885,7.5,8.352033333333335,8.7083333334,2024
90,Feminino,7,2,Topázio,10.0,8.066666666666666,9.0,10.002,6.885,7.5,8.352033333333335,8.59375,2024
90,Feminino,7,2,Topázio,10.0,8.066666666666666,9.0,10.002,6.885,7.5,8.352033333333335,7.5,2024
269,Masculino,7,2,Topázio,10.0,8.200000000000001,9.6,9.168,7.505,7.5,8.4773,7.7395833332,2024
269,Masculino,7,2,Topázio,10.0,8.200000000000001,9.6,9.168,7.505,7.5,8.4773,8.59375,2024
269,Masculino,7,2,Topázio,10.0,8.200000000000001,9.6,9.168,7.505,7.5,8.4773,7.5,2024
270,Feminino,7,2,Quartzo,10.0,0.0,0.0,9.168,6.2575,7.5,4.79255,8.0416666666,2024
270,Feminino,7,2,Quartzo,10.0,0.0,0.0,9.168,6.2575,7.5,4.79255,8.75,2024
270,Feminino,7,2,Quartzo,10.0,0.0,0.0,9.168,6.2575,7.5,4.79255,7.5,2024
76,Feminino,7,2,Topázio,10.0,7.066666666666666,9.0,10.002,6.885,7.5,8.152033333333334,8.729166666600001,2024
76,Feminino,7,2,Topázio,10.0,7.066666666666666,9.0,10.002,6.885,7.5,8.152033333333334,7.5,2024
153,Feminino,7,2,Quartzo,10.0,0.0,0.0,8.751,6.5675,7.5,4.78185,7.5,2024
153,Feminino,7,2,Quartzo,10.0,0.0,0.0,8.751,6.5675,7.5,4.78185,8.125,2024
153,Feminino,7,2,Quartzo,10.0,0.0,0.0,8.751,6.5675,7.5,4.78185,7.5,2024
1226,Feminino,7,0,Ametista,10.0,6.066666666666666,9.0,8.334,6.885,7.5,7.785233333333334,7.5,2024
93,Feminino,7,1,Topázio,10.0,7.483333333333333,9.931666667,9.168,6.2575,7.5,8.275550000066668,8.53125,2024
93,Feminino,7,1,Topázio,10.0,7.483333333333333,9.931666667,9.168,6.2575,7.5,8.275550000066668,7.5,2024
119,Feminino,7,1,Topázio,10.0,7.366666666666667,9.983333333,7.083,6.57,7.5,8.085299999933333,7.8125,2024
119,Feminino,7,1,Topázio,10.0,7.366666666666667,9.983333333,7.083,6.57,7.5,8.085299999933333,7.5,2024
241,Masculino,7,2,Topázio,10.0,6.816666666666667,9.891666667,10.002,7.1975,7.5,8.311616666733334,8.6249999998,2024
241,Masculino,7,2,Topázio,10.0,6.816666666666667,9.891666667,10.002,7.1975,7.5,8.311616666733334,8.75,2024
241,Masculino,7,2,Topázio,10.0,6.816666666666667,9.891666667,10.002,7.1975,7.5,8.311616666733334,7.5,2024
242,Masculino,7,2,Topázio,10.0,7.650000000000001,9.621,9.585,6.26,7.5,8.2887,8.427083333399999,2024
242,Masculino,7,2,Topázio,10.0,7.650000000000001,9.621,9.585,6.26,7.5,8.2887,8.59375,2024
242,Masculino,7,2,Topázio,10.0,7.650000000000001,9.621,9.585,6.26,7.5,8.2887,7.5,2024
52,Masculino,7,2,Topázio,10.0,7.216666666666666,9.437666667,8.751,6.885,7.5,8.144466666733333,7.53125,2024
52,Masculino,7,2,Topázio,10.0,7.216666666666666,9.437666667,8.751,6.885,7.5,8.144466666733333,8.125,2024
52,Masculino,7,2,Topázio,10.0,7.216666666666666,9.437666667,8.751,6.885,7.5,8.144466666733333,7.5,2024
1227,Feminino,7,0,Quartzo,10.0,0.0,0.0,8.751,7.195,7.5,4.8446,7.5,2024
245,Masculino,7,2,Topázio,10.0,8.033333333333333,9.953333333,9.168,6.885,7.5,8.452633333266668,8.6874999998,2024
245,Masculino,7,2,Topázio,10.0,8.033333333333333,9.953333333,9.168,6.885,7.5,8.452633333266668,8.75,2024
245,Masculino,7,2,Topázio,10.0,8.033333333333333,9.953333333,9.168,6.885,7.5,8.452633333266668,7.5,2024
246,Masculino,7,2,Quartzo,10.0,0.0,0.0,8.334,6.57,7.5,4.7404,8.6770833334,2024
246,Masculino,7,2,Quartzo,10.0,0.0,0.0,8.334,6.57,7.5,4.7404,8.125,2024
246,Masculino,7,2,Quartzo,10.0,0.0,0.0,8.334,6.57,7.5,4.7404,7.5,2024
1228,Feminino,7,0,Quartzo,10.0,0.0,0.0,8.751,7.51,7.5,4.8761,7.5,2024
1229,Feminino,7,0,Quartzo,10.0,0.0,0.0,9.168,6.57,7.5,4.8238,7.5,2024
98,Feminino,7,1,Topázio,10.0,8.9,9.546,9.585,7.1975,7.5,8.617450000000002,8.729166666600001,2024
98,Feminino,7,1,Topázio,10.0,8.9,9.546,9.585,7.1975,7.5,8.617450000000002,7.5,2024
277,Masculino,7,2,Topázio,10.0,6.8999999999999995,9.741666667,8.334,6.5725,7.5,8.0689833334,7.1354166666,2024
277,Masculino,7,2,Topázio,10.0,6.8999999999999995,9.741666667,8.334,6.5725,7.5,8.0689833334,8.125,2024
277,Masculino,7,2,Topázio,10.0,6.8999999999999995,9.741666667,8.334,6.5725,7.5,8.0689833334,7.5,2024
172,Feminino,7,1,Topázio,10.0,6.933333333333334,9.8,8.751,6.57,7.5,8.128766666666667,8.5104166666,2024
172,Feminino,7,1,Topázio,10.0,6.933333333333334,9.8,8.751,6.57,7.5,8.128766666666667,7.5,2024
291,Masculino,7,2,Ametista,10.0,6.166666666666667,9.737666667,8.751,6.26,7.5,7.9319666667333335,7.9166666666,2024
291,Masculino,7,2,Ametista,10.0,6.166666666666667,9.737666667,8.751,6.26,7.5,7.9319666667333335,8.90625,2024
291,Masculino,7,2,Ametista,10.0,6.166666666666667,9.737666667,8.751,6.26,7.5,7.9319666667333335,7.5,2024
86,Masculino,7,0,Ametista,10.0,5.483333333333333,9.704333333,6.667,6.57,7.5,7.611233333266666,7.28125,2024
86,Masculino,7,0,Ametista,10.0,5.483333333333333,9.704333333,6.667,6.57,7.5,7.611233333266666,7.5,2024
143,Masculino,7,2,Ametista,10.0,2.6333333333333333,9.92,10.002,6.885,7.5,7.449366666666667,8.75,2024
143,Masculino,7,2,Ametista,10.0,2.6333333333333333,9.92,10.002,6.885,7.5,7.449366666666667,8.28125,2024
143,Masculino,7,2,Ametista,10.0,2.6333333333333333,9.92,10.002,6.885,7.5,7.449366666666667,7.5,2024
166,Masculino,7,1,Topázio,10.0,8.266666666666667,9.246,8.334,6.5725,7.5,8.243183333333334,7.9166666666,2024
166,Masculino,7,1,Topázio,10.0,8.266666666666667,9.246,8.334,6.5725,7.5,8.243183333333334,8.4375,2024
166,Masculino,7,1,Topázio,10.0,8.266666666666667,9.246,8.334,6.5725,7.5,8.243183333333334,7.5,2024
191,Masculino,7,2,Ametista,10.0,6.3999999999999995,9.571,7.5,5.945,7.5,7.7887,8.5208333334,2024
191,Masculino,7,2,Ametista,10.0,6.3999999999999995,9.571,7.5,5.945,7.5,7.7887,8.125,2024
191,Masculino,7,2,Ametista,10.0,6.3999999999999995,9.571,7.5,5.945,7.5,7.7887,7.5,2024
